platform,source,date,post_time,day_of_week,is_weekend,content_type,hashtags,likes,comments,shares,views,engagement_rate,engagement_level
Twitter,sentiment_dataset,2023-01-15,12.0,6.0,1,, #Nature #Park                            ,30,,15,,,
Twitter,sentiment_dataset,2023-01-15,8.0,6.0,1,, #Traffic #Morning                        ,10,,5,,,
Instagram,sentiment_dataset,2023-01-15,15.0,6.0,1,, #Fitness #Workout                        ,40,,20,,,
Facebook,sentiment_dataset,2023-01-15,18.0,6.0,1,, #Travel #Adventure                       ,15,,8,,,
Instagram,sentiment_dataset,2023-01-15,19.0,6.0,1,, #Cooking #Food                           ,25,,12,,,
Twitter,sentiment_dataset,2023-01-16,9.0,0.0,0,, #Gratitude #PositiveVibes              ,50,,25,,,
Facebook,sentiment_dataset,2023-01-16,14.0,0.0,0,, #RainyDays #Cozy                         ,20,,10,,,
Instagram,sentiment_dataset,2023-01-16,19.0,0.0,0,, #MovieNight #MustWatch                  ,30,,15,,,
Twitter,sentiment_dataset,2023-01-17,8.0,1.0,0,, #Politics #Debate                       ,60,,30,,,
Facebook,sentiment_dataset,2023-01-17,12.0,1.0,0,, #Summer #BeachDays                      ,35,,18,,,
Instagram,sentiment_dataset,2023-01-17,15.0,1.0,0,, #Blogging #NewPost                      ,45,,22,,,
Twitter,sentiment_dataset,2023-01-18,10.0,2.0,0,, #SickDay #Health                        ,15,,7,,,
Facebook,sentiment_dataset,2023-01-18,14.0,2.0,0,, #CityExplore #HiddenGems                ,25,,12,,,
Instagram,sentiment_dataset,2023-01-18,18.0,2.0,0,, #NewYear #FitnessGoals                  ,55,,28,,,
Twitter,sentiment_dataset,2023-01-19,9.0,3.0,0,, #Tech #Innovation                       ,30,,15,,,
Facebook,sentiment_dataset,2023-01-19,13.0,3.0,0,, #Reflection #Future                     ,40,,20,,,
Instagram,sentiment_dataset,2023-01-19,17.0,3.0,0,, #PetAdoption #FurryFriend               ,30,,15,,,
Twitter,sentiment_dataset,2023-01-20,0.0,4.0,0,, #Gaming #LateNight                      ,35,,18,,,
Facebook,sentiment_dataset,2023-01-20,11.0,4.0,0,, #AI #TechConference                     ,50,,25,,,
Instagram,sentiment_dataset,2023-01-20,15.0,4.0,0,, #WinterBlues #Mood                      ,15,,8,,,
Twitter,sentiment_dataset,2023-01-21,8.0,5.0,1,, #Reading #CoffeeTime                    ,45,,22,,,
Facebook,sentiment_dataset,2023-01-21,13.0,5.0,1,, #VR #VirtualReality                     ,30,,15,,,
Instagram,sentiment_dataset,2023-01-21,16.0,5.0,1,, #Productivity #WorkFromHome           ,60,,30,,,
Twitter,sentiment_dataset,2023-01-22,9.0,6.0,1,, #Fitness #ChallengeAccepted             ,40,,20,,,
Facebook,sentiment_dataset,2023-01-22,14.0,6.0,1,, #Career #Milestone                      ,25,,12,,,
Instagram,sentiment_dataset,2023-01-22,12.0,6.0,1,, #Brunch #Friends                       ,30,,15,,,
Facebook,sentiment_dataset,2023-01-23,16.0,0.0,0,, #LanguageLearning #PersonalGrowth       ,50,,25,,,
Instagram,sentiment_dataset,2023-01-23,19.0,0.0,0,, #Reading #QuietTime                     ,30,,15,,,
Twitter,sentiment_dataset,2023-01-24,11.0,1.0,0,, #MentalHealth #SelfCare                 ,45,,22,,,
Facebook,sentiment_dataset,2023-01-24,15.0,1.0,0,, #Art #PaintingInProgress             ,25,,12,,,
Instagram,sentiment_dataset,2023-01-24,17.0,1.0,0,, #RoadTrip #ScenicViews                  ,35,,18,,,
Twitter,sentiment_dataset,2023-01-25,18.0,2.0,0,, #TeaTime #Sunset                       ,30,,15,,,
Facebook,sentiment_dataset,2023-01-25,13.0,2.0,0,, #Coding #Enthusiasm                   ,60,,30,,,
Instagram,sentiment_dataset,2023-01-26,9.0,3.0,0,, #Inspiration #Workshop                  ,50,,25,,,
Twitter,sentiment_dataset,2023-01-26,14.0,3.0,0,, #WinterSports #Fun                     ,30,,15,,,
Facebook,sentiment_dataset,2023-01-26,17.0,3.0,0,, #FamilyTime #Weekend                    ,45,,22,,,
Instagram,sentiment_dataset,2023-01-27,20.0,4.0,0,, #Music #ConcertNight                  ,35,,18,,,
Twitter,sentiment_dataset,2023-01-27,12.0,4.0,0,, #Mindfulness #Meditation               ,30,,15,,,
Facebook,sentiment_dataset,2023-01-27,16.0,4.0,0,, #Dessert #Cooking                      ,25,,12,,,
Instagram,sentiment_dataset,2023-01-28,9.0,5.0,1,, #Gaming #Tournament                     ,60,,30,,,
Twitter,sentiment_dataset,2023-01-28,14.0,5.0,1,, #Gardening #Spring                     ,50,,25,,,
Facebook,sentiment_dataset,2023-01-28,19.0,5.0,1,, #Birthday #Celebration                  ,30,,15,,,
Instagram,sentiment_dataset,2023-01-29,17.0,6.0,1,, #Accomplished #Success               ,45,,22,,,
Twitter,sentiment_dataset,2023-01-29,20.0,6.0,1,, #CozyNight #MovieTime                   ,35,,18,,,
Facebook,sentiment_dataset,2023-01-30,11.0,0.0,0,, #Art #GalleryExplore                    ,30,,15,,,
Instagram,sentiment_dataset,2023-01-30,15.0,0.0,0,, #BookRelease #FavoriteAuthor           ,25,,12,,,
Twitter,sentiment_dataset,2023-01-30,18.0,0.0,0,, #VRMeetup #VirtualReality               ,55,,28,,,
Facebook,sentiment_dataset,2023-01-31,10.0,1.0,0,, #Nature #Reflection                     ,30,,15,,,
Instagram,sentiment_dataset,2023-01-31,19.0,1.0,0,, #Cooking #SpecialDinner                ,40,,20,,,
Twitter,sentiment_dataset,2023-01-31,16.0,1.0,0,, #Optimism #NewWeek                     ,30,,15,,,
Facebook,sentiment_dataset,2023-02-01,8.0,2.0,0,, #FitnessChallenge #NewBeginnings       ,45,,22,,,
Instagram,sentiment_dataset,2023-02-01,13.0,2.0,0,, #BikeRide #ScenicTrails                ,35,,18,,,
Twitter,sentiment_dataset,2023-02-11,9.0,5.0,1,, #Injustice #Angry                            ,40,,20,,,
Instagram,sentiment_dataset,2023-02-11,21.0,5.0,1,, #Fear #ThrillerMovie                         ,30,,15,,,
Facebook,sentiment_dataset,2023-02-12,14.0,6.0,1,, #Sadness #NaturalDisaster                    ,50,,25,,,
Twitter,sentiment_dataset,2023-02-12,18.0,6.0,1,, #Disgust #Environment                        ,35,,18,,,
Instagram,sentiment_dataset,2023-02-13,10.0,0.0,0,, #Happiness #Celebration                   ,60,,30,,,
Facebook,sentiment_dataset,2023-02-13,19.0,0.0,0,, #Joy #ComedyShow                             ,45,,22,,,
Twitter,sentiment_dataset,2023-02-14,8.0,1.0,0,, #Love #SpreadLove                            ,30,,15,,,
Instagram,sentiment_dataset,2023-02-14,14.0,1.0,0,, #Amusement #FunTimes                         ,35,,18,,,
Facebook,sentiment_dataset,2023-02-14,19.0,1.0,0,, #Enjoyment #BookTime                         ,50,,25,,,
Twitter,sentiment_dataset,2023-02-15,11.0,2.0,0,, #Admiration #Nature                         ,40,,20,,,
Instagram,sentiment_dataset,2023-02-15,16.0,2.0,0,, #Affection #PositiveVibes                   ,30,,15,,,
Facebook,sentiment_dataset,2023-02-15,20.0,2.0,0,, #Awe #Breathtaking                          ,45,,22,,,
Twitter,sentiment_dataset,2023-02-16,9.0,3.0,0,, #Disappointed #BadService                   ,35,,18,,,
Instagram,sentiment_dataset,2023-02-16,14.0,3.0,0,, #Surprise #Gift                              ,50,,25,,,
Facebook,sentiment_dataset,2023-02-16,18.0,3.0,0,, #Acceptance #Challenges                     ,30,,15,,,
Twitter,sentiment_dataset,2023-02-17,10.0,4.0,0,, #Adoration #PetLove                         ,45,,22,,,
Instagram,sentiment_dataset,2023-02-17,7.0,4.0,0,, #Anticipation #Adventure                    ,40,,20,,,
Facebook,sentiment_dataset,2023-02-17,15.0,4.0,0,, #BitterLesson #Growth                      ,35,,18,,,
Twitter,sentiment_dataset,2023-02-18,9.0,5.0,1,, #Calmness #PeacefulMind                    ,30,,15,,,
Instagram,sentiment_dataset,2023-02-18,14.0,5.0,1,, #Confusion #DecisionMaking                 ,50,,25,,,
Facebook,sentiment_dataset,2023-02-18,18.0,5.0,1,, #Excitement #TravelPlans                   ,45,,22,,,
Twitter,sentiment_dataset,2023-02-19,11.0,6.0,1,, #Kindness #Humanity                        ,40,,20,,,
Instagram,sentiment_dataset,2023-02-19,16.0,6.0,1,, #Pride #Milestone                           ,60,,30,,,
Facebook,sentiment_dataset,2023-02-19,19.0,6.0,1,, #Shame #Injustice                           ,30,,15,,,
Twitter,sentiment_dataset,2023-02-20,9.0,0.0,0,, #Anger #Argument                             ,40,,20,,,
Instagram,sentiment_dataset,2023-02-20,21.0,0.0,0,, #Fear #Unknown                               ,30,,15,,,
Facebook,sentiment_dataset,2023-02-21,14.0,1.0,0,, #Sadness #Farewell                          ,50,,25,,,
Twitter,sentiment_dataset,2023-02-21,18.0,1.0,0,, #Disgust #Corruption                         ,35,,18,,,
Instagram,sentiment_dataset,2023-02-22,10.0,2.0,0,, #Happiness #NewFamilyMember                 ,60,,30,,,
Facebook,sentiment_dataset,2023-02-22,19.0,2.0,0,, #Joy #StandUpComedy                         ,45,,22,,,
Twitter,sentiment_dataset,2023-02-23,8.0,3.0,0,, #Love #SpreadLove                            ,30,,15,,,
Instagram,sentiment_dataset,2023-02-23,14.0,3.0,0,, #Amusement #PetAntics                       ,35,,18,,,
Facebook,sentiment_dataset,2023-02-23,19.0,3.0,0,, #Enjoyment #Travel                           ,50,,25,,,
Twitter,sentiment_dataset,2023-02-24,11.0,4.0,0,, #Admiration #Volunteers                     ,40,,20,,,
Instagram,sentiment_dataset,2023-02-24,16.0,4.0,0,, #Affection #FamilyLove                      ,30,,15,,,
Facebook,sentiment_dataset,2023-02-24,20.0,4.0,0,, #Awe #StarryNight                        ,45,,22,,,
Twitter,sentiment_dataset,2023-02-25,9.0,5.0,1,, #Disappointed #Project                     ,35,,18,,,
Instagram,sentiment_dataset,2023-02-25,14.0,5.0,1,, #Surprise #OldFriends                       ,50,,25,,,
Facebook,sentiment_dataset,2023-02-25,18.0,5.0,1,, #Acceptance #LifeJourney                   ,30,,15,,,
Twitter,sentiment_dataset,2023-02-26,10.0,6.0,1,, #Adoration #PuppyLove                       ,45,,22,,,
Instagram,sentiment_dataset,2023-02-26,7.0,6.0,1,, #Anticipation #MovieRelease                 ,40,,20,,,
Facebook,sentiment_dataset,2023-02-26,15.0,6.0,1,, #BitterExperience #CustomerService         ,35,,18,,,
Twitter,sentiment_dataset,2023-02-27,9.0,0.0,0,, #Calmness #InnerPeace                      ,30,,15,,,
Instagram,sentiment_dataset,2023-02-27,14.0,0.0,0,, #Confusion #MakingSense                    ,50,,25,,,
Facebook,sentiment_dataset,2023-02-27,18.0,0.0,0,, #Excitement #SurpriseParty                 ,45,,22,,,
Twitter,sentiment_dataset,2023-02-28,11.0,1.0,0,, #Kindness #ActsOfKindness                  ,40,,20,,,
Instagram,sentiment_dataset,2023-02-28,16.0,1.0,0,, #Pride #FitnessChallengeCompleted          ,60,,30,,,
Facebook,sentiment_dataset,2023-02-28,19.0,1.0,0,, #Shame #Injustice                           ,30,,15,,,
Twitter,sentiment_dataset,2023-03-01,10.0,2.0,0,, #Acceptance #Diversity                      ,45,,22,,,
Instagram,sentiment_dataset,2023-03-01,13.0,2.0,0,, #Excitement #BookTime                       ,35,,18,,,
Twitter,sentiment_dataset,2023-03-01,17.0,2.0,0,, #Bitter #Unfairness                         ,30,,15,,,
Facebook,sentiment_dataset,2023-03-02,18.0,3.0,0,, #Calmness #Mindfulness                      ,30,,15,,,
Instagram,sentiment_dataset,2023-03-02,13.0,3.0,0,, #Confusion #LifeChoices                     ,60,,30,,,
Twitter,sentiment_dataset,2023-03-02,16.0,3.0,0,, #Excitement #WeekendAdventure               ,50,,25,,,
Facebook,sentiment_dataset,2023-03-03,11.0,4.0,0,, #Kindness #HumanityRestored                 ,45,,22,,,
Instagram,sentiment_dataset,2023-03-03,14.0,4.0,0,, #Pride #Accomplishments                     ,25,,12,,,
Twitter,sentiment_dataset,2023-03-03,12.0,4.0,0,, #Shame #Integrity                           ,30,,15,,,
Twitter,sentiment_dataset,2010-05-15,15.0,5.0,1,, #Elation #Memories                             ,40,,20,,,
Instagram,sentiment_dataset,2021-08-10,21.0,1.0,0,, #Euphoria #Victory                             ,30,,15,,,
Facebook,sentiment_dataset,2011-06-20,14.0,0.0,0,, #Contentment #Nature                           ,50,,25,,,
Twitter,sentiment_dataset,2022-02-12,18.0,5.0,1,, #Serenity #Meditation                          ,35,,18,,,
Instagram,sentiment_dataset,2012-11-25,10.0,6.0,1,, #Gratitude #Blessed                            ,60,,30,,,
Facebook,sentiment_dataset,2013-04-05,19.0,4.0,0,, #Hope #Optimism                                ,45,,22,,,
Twitter,sentiment_dataset,2014-09-14,8.0,6.0,1,, #Empowerment #Community                        ,30,,15,,,
Instagram,sentiment_dataset,2015-07-18,14.0,5.0,1,, #Compassion #CharityEvent                   ,35,,18,,,
Facebook,sentiment_dataset,2016-02-23,19.0,1.0,0,, #Tenderness #FamilyTime                       ,50,,25,,,
Twitter,sentiment_dataset,2017-10-30,11.0,0.0,0,, #Arousal #Excitement                           ,40,,20,,,
Instagram,sentiment_dataset,2018-06-15,16.0,4.0,0,, #Enthusiasm #NewProject                       ,30,,15,,,
Facebook,sentiment_dataset,2019-03-28,18.0,3.0,0,, #Fulfillment #Milestone                       ,45,,22,,,
Twitter,sentiment_dataset,2019-11-11,15.0,0.0,0,, #Reverence #History                           ,35,,18,,,
Instagram,sentiment_dataset,2020-04-02,9.0,3.0,0,, #Elation #OldFriends                          ,50,,25,,,
Facebook,sentiment_dataset,2021-06-19,14.0,5.0,1,, #Euphoria #LiveMusic                          ,30,,15,,,
Twitter,sentiment_dataset,2010-08-15,10.0,6.0,1,, #Contentment #SundayMood                      ,60,,30,,,
Instagram,sentiment_dataset,2011-09-22,19.0,3.0,0,, #Serenity #BookTime                           ,45,,22,,,
Facebook,sentiment_dataset,2012-03-10,8.0,5.0,1,, #Gratitude #Supportive                        ,30,,15,,,
Twitter,sentiment_dataset,2013-12-05,16.0,3.0,0,, #Hope #NewBeginnings                          ,35,,18,,,
Instagram,sentiment_dataset,2014-07-20,11.0,6.0,1,, #Empowerment #PersonalGrowth                  ,50,,25,,,
Facebook,sentiment_dataset,2015-12-22,14.0,1.0,0,, #Compassion #HolidaySupport                   ,35,,18,,,
Twitter,sentiment_dataset,2016-02-10,19.0,2.0,0,, #Tenderness #CozyEvening                     ,50,,25,,,
Instagram,sentiment_dataset,2017-04-30,11.0,6.0,1,, #Arousal #AdventureTime                       ,40,,20,,,
Facebook,sentiment_dataset,2018-09-15,16.0,5.0,1,, #Enthusiasm #Creativity                       ,30,,15,,,
Twitter,sentiment_dataset,2019-06-28,18.0,4.0,0,, #Fulfillment #FitnessGoals                   ,45,,22,,,
Instagram,sentiment_dataset,2020-11-11,15.0,2.0,0,, #Reverence #ArtAppreciation                  ,35,,18,,,
Facebook,sentiment_dataset,2021-03-02,9.0,1.0,0,, #Elation #PersonalAchievement                ,50,,25,,,
Twitter,sentiment_dataset,2012-02-18,14.0,5.0,1,, #Elation #HiddenGem                            ,40,,20,,,
Instagram,sentiment_dataset,2018-11-05,21.0,0.0,0,, #Euphoria #BirthdaySurprise                   ,30,,15,,,
Facebook,sentiment_dataset,2015-09-12,13.0,5.0,1,, #Contentment #HomeCooking                     ,50,,25,,,
Twitter,sentiment_dataset,2016-07-30,18.0,5.0,1,, #Serenity #PeacefulMelody                    ,35,,18,,,
Instagram,sentiment_dataset,2013-04-20,10.0,5.0,1,, #Gratitude #CommunitySupport                   ,60,,30,,,
Facebook,sentiment_dataset,2017-12-08,19.0,4.0,0,, #Hope #BusinessVenture                        ,45,,22,,,
Twitter,sentiment_dataset,2014-06-03,8.0,1.0,0,, #Empowerment #Mentorship                      ,30,,15,,,
Instagram,sentiment_dataset,2019-01-15,14.0,1.0,0,, #Compassion #CommunityKindness               ,35,,18,,,
Facebook,sentiment_dataset,2016-12-25,19.0,6.0,1,, #Tenderness #LoveNote                         ,50,,25,,,
Twitter,sentiment_dataset,2018-03-10,9.0,5.0,1,, #Arousal #TravelAdventure                     ,40,,20,,,
Instagram,sentiment_dataset,2020-09-17,16.0,3.0,0,, #Enthusiasm #ArtisticProject                 ,30,,15,,,
Facebook,sentiment_dataset,2011-08-28,18.0,6.0,1,, #Fulfillment #HelpingOthers                  ,45,,22,,,
Twitter,sentiment_dataset,2017-11-01,15.0,2.0,0,, #Reverence #HistoricalSite                   ,35,,18,,,
Instagram,sentiment_dataset,2019-06-15,10.0,5.0,1,, #Elation #FitnessMilestone                   ,50,,25,,,
Facebook,sentiment_dataset,2022-04-03,11.0,6.0,1,, #Euphoria #ProductLaunchSuccess              ,30,,15,,,
Twitter,sentiment_dataset,2010-11-12,20.0,4.0,0,, #Contentment #Love                             ,60,,30,,,
Instagram,sentiment_dataset,2011-07-22,18.0,4.0,0,, #Serenity #SunsetViews                       ,45,,22,,,
Facebook,sentiment_dataset,2012-03-30,11.0,4.0,0,, #Gratitude #SmallJoys                        ,30,,15,,,
Twitter,sentiment_dataset,2013-10-05,16.0,5.0,1,, #Hope #PersonalDevelopment                    ,35,,18,,,
Instagram,sentiment_dataset,2014-07-10,13.0,3.0,0,, #Empowerment #SkillBuilding                   ,50,,25,,,
Facebook,sentiment_dataset,2015-12-18,14.0,4.0,0,, #Compassion #VolunteerWork                   ,35,,18,,,
Twitter,sentiment_dataset,2016-02-10,19.0,2.0,0,, #Tenderness #PetLove                          ,50,,25,,,
Instagram,sentiment_dataset,2017-09-25,11.0,0.0,0,, #Arousal #FestivalExcitement               ,40,,20,,,
Facebook,sentiment_dataset,2018-04-15,16.0,6.0,1,, #Enthusiasm #HomeImprovement                 ,30,,15,,,
Twitter,sentiment_dataset,2019-11-28,18.0,3.0,0,, #Fulfillment #PuzzleChallenge                ,45,,22,,,
Instagram,sentiment_dataset,2020-05-11,15.0,0.0,0,, #Reverence #NatureExploration                ,35,,18,,,
Facebook,sentiment_dataset,2021-02-05,9.0,4.0,0,, #Elation #FriendshipReunion                  ,50,,25,,,
Twitter,sentiment_dataset,2021-03-10,8.0,2.0,0,, #Despair #Struggle                              ,10,,5,,,
Instagram,sentiment_dataset,2022-07-05,15.0,1.0,0,, #Grief #Loss                                   ,15,,8,,,
Facebook,sentiment_dataset,2019-11-18,21.0,0.0,0,, #Loneliness #Isolation                         ,20,,10,,,
Twitter,sentiment_dataset,2020-08-12,11.0,2.0,0,, #Jealousy #Envy                               ,25,,12,,,
Instagram,sentiment_dataset,2018-05-22,14.0,1.0,0,, #Resentment #Bitterness                       ,15,,7,,,
Facebook,sentiment_dataset,2017-01-30,16.0,0.0,0,, #Frustration #Obstacles                       ,20,,10,,,
Twitter,sentiment_dataset,2016-09-28,19.0,2.0,0,, #Boredom #LackOfInterest                     ,15,,8,,,
Instagram,sentiment_dataset,2019-04-15,9.0,0.0,0,, #Anxiety #Worry                               ,25,,12,,,
Facebook,sentiment_dataset,2021-12-03,18.0,4.0,0,, #Intimidation #Fear                           ,30,,15,,,
Twitter,sentiment_dataset,2020-06-20,14.0,5.0,1,, #Helplessness #Overwhelmed                    ,15,,8,,,
Instagram,sentiment_dataset,2018-11-07,11.0,2.0,0,, #Envy #Desire                                ,20,,10,,,
Facebook,sentiment_dataset,2017-08-25,16.0,4.0,0,, #Regret #MissedChances                       ,25,,12,,,
Twitter,sentiment_dataset,2019-02-11,9.0,0.0,0,, #Disgust #Injustice                          ,15,,7,,,
Instagram,sentiment_dataset,2016-04-02,20.0,5.0,1,, #Despair #Hopeless                           ,20,,10,,,
Facebook,sentiment_dataset,2015-10-18,15.0,6.0,1,, #Grief #Tears                                ,25,,12,,,
Twitter,sentiment_dataset,2019-07-12,18.0,4.0,0,, #Loneliness #SeekingConnection              ,30,,15,,,
Instagram,sentiment_dataset,2018-06-03,16.0,6.0,1,, #Jealousy #Insecurity                       ,15,,8,,,
Facebook,sentiment_dataset,2022-01-15,12.0,5.0,1,, #Resentment #BrokenTrust                     ,20,,10,,,
Twitter,sentiment_dataset,2017-04-10,14.0,0.0,0,, #Frustration #EmotionalOutburst             ,25,,12,,,
Instagram,sentiment_dataset,2016-11-28,19.0,0.0,0,, #Boredom #Monotony                          ,15,,7,,,
Facebook,sentiment_dataset,2018-09-05,9.0,2.0,0,, #Anxiety #Restlessness                      ,20,,10,,,
Twitter,sentiment_dataset,2021-10-22,18.0,4.0,0,, #Intimidation #FacingFear                   ,30,,15,,,
Instagram,sentiment_dataset,2019-05-08,14.0,2.0,0,, #Helplessness #Struggling                   ,15,,8,,,
Facebook,sentiment_dataset,2017-03-20,11.0,0.0,0,, #Envy #Success                              ,20,,10,,,
Twitter,sentiment_dataset,2018-12-15,16.0,5.0,1,, #Regret #PastChoices                        ,25,,12,,,
Instagram,sentiment_dataset,2016-07-01,9.0,4.0,0,, #Disgust #Corruption                        ,15,,7,,,
Facebook,sentiment_dataset,2020-08-20,20.0,3.0,0,, #Despair #DarkDays                          ,20,,10,,,
Twitter,sentiment_dataset,2021-02-25,15.0,3.0,0,, #Grief #EmotionalStorm                      ,25,,12,,,
Instagram,sentiment_dataset,2019-09-12,18.0,3.0,0,, #Loneliness #YearningForConnection         ,30,,15,,,
Facebook,sentiment_dataset,2018-08-05,16.0,6.0,1,, #Jealousy #Resentment                       ,15,,8,,,
Twitter,sentiment_dataset,2017-01-12,12.0,3.0,0,, #Resentment #Unforgiving                    ,20,,10,,,
Instagram,sentiment_dataset,2022-04-05,14.0,1.0,0,, #Frustration #EmotionalOutburst            ,25,,12,,,
Facebook,sentiment_dataset,2021-10-02,19.0,5.0,1,, #Boredom #Stagnation                        ,15,,7,,,
Twitter,sentiment_dataset,2023-04-15,10.0,5.0,1,, #Curiosity #Learning                        ,30,,15,,,
Instagram,sentiment_dataset,2022-11-28,17.0,0.0,0,, #Indifference #DigitalOverload              ,15,,7,,,
Facebook,sentiment_dataset,2020-04-02,9.0,3.0,0,, #Confusion #LifePuzzle                     ,20,,10,,,
Twitter,sentiment_dataset,2021-08-10,14.0,1.0,0,, #Numbness #EmotionalShield                 ,15,,8,,,
Instagram,sentiment_dataset,2019-06-18,20.0,1.0,0,, #Melancholy #SunsetMoments                 ,25,,12,,,
Facebook,sentiment_dataset,2018-02-05,15.0,0.0,0,, #Nostalgia #MemoryLane                     ,20,,10,,,
Twitter,sentiment_dataset,2022-05-30,11.0,0.0,0,, #Ambivalence #UncertainChoices             ,25,,12,,,
Instagram,sentiment_dataset,2023-01-10,16.0,1.0,0,, #Acceptance #LifeJourney                   ,30,,15,,,
Facebook,sentiment_dataset,2020-09-18,13.0,4.0,0,, #Determination #AchieveTheImpossible       ,20,,10,,,
Twitter,sentiment_dataset,2021-07-03,19.0,5.0,1,, #Serenity #NatureRetreat                   ,25,,12,,,
Instagram,sentiment_dataset,2022-10-08,8.0,5.0,1,, #Curiosity #KnowledgeQuest                ,40,,20,,,
Facebook,sentiment_dataset,2023-03-22,16.0,2.0,0,, #Indifference #FloatingThroughLife        ,20,,10,,,
Twitter,sentiment_dataset,2021-05-15,11.0,5.0,1,, #Confusion #ThoughtLabyrinth              ,30,,15,,,
Instagram,sentiment_dataset,2019-12-28,14.0,5.0,1,, #Numbness #StoicFacade                    ,15,,8,,,
Facebook,sentiment_dataset,2020-03-01,19.0,6.0,1,, #Melancholy #WhispersInTheBreeze         ,25,,12,,,
Twitter,sentiment_dataset,2018-07-10,15.0,1.0,0,, #Nostalgia #JournalMoments               ,20,,10,,,
Instagram,sentiment_dataset,2022-01-05,10.0,2.0,0,, #Ambivalence #ConflictingFeelings        ,25,,12,,,
Facebook,sentiment_dataset,2021-08-20,16.0,4.0,0,, #Acceptance #SelfLoveJourney              ,30,,15,,,
Twitter,sentiment_dataset,2019-11-03,13.0,6.0,1,, #Determination #DreamsIntoReality        ,35,,18,,,
Instagram,sentiment_dataset,2020-04-12,19.0,6.0,1,, #Serenity #OceanRetreat                   ,50,,25,,,
Facebook,sentiment_dataset,2022-04-15,8.0,4.0,0,, #Curiosity #NewHorizons                  ,45,,22,,,
Twitter,sentiment_dataset,2023-02-10,17.0,4.0,0,, #Indifference #DriftingThroughLife       ,18,,9,,,
Instagram,sentiment_dataset,2020-08-05,12.0,2.0,0,, #Confusion #PerplexedMind                ,28,,14,,,
Facebook,sentiment_dataset,2021-12-01,15.0,2.0,0,, #Numbness #EmotionalShield               ,20,,10,,,
Twitter,sentiment_dataset,2019-03-25,21.0,0.0,0,, #Melancholy #WistfulHeart                ,26,,13,,,
Instagram,sentiment_dataset,2017-06-18,14.0,6.0,1,, #Nostalgia #YearbookMemories            ,25,,12,,,
Facebook,sentiment_dataset,2022-07-08,11.0,4.0,0,, #Ambivalence #ShadesOfUncertainty       ,30,,15,,,
Twitter,sentiment_dataset,2023-05-15,16.0,0.0,0,, #Acceptance #ImperfectJourney            ,36,,18,,,
Instagram,sentiment_dataset,2021-09-10,14.0,4.0,0,, #Determination #UnparalleledHeights      ,40,,20,,,
Facebook,sentiment_dataset,2020-02-28,18.0,4.0,0,, #Serenity #NatureWhispers                ,50,,25,,,
Instagram,sentiment_dataset,2023-03-10,16.0,4.0,0,, #Indifference #SilentObserver            ,18,,9,,,
Facebook,sentiment_dataset,2021-05-02,11.0,6.0,1,, #Confusion #ThoughtLabyrinth              ,28,,14,,,
Twitter,sentiment_dataset,2019-10-18,14.0,4.0,0,, #Numbness #StoicResilience               ,22,,11,,,
Instagram,sentiment_dataset,2020-01-05,20.0,6.0,1,, #Melancholy #BittersweetMemories         ,26,,13,,,
Facebook,sentiment_dataset,2018-08-10,15.0,4.0,0,, #Nostalgia #DiaryJourney                 ,25,,12,,,
Twitter,sentiment_dataset,2022-01-15,10.0,5.0,1,, #Ambivalence #ConflictingEmotions        ,30,,15,,,
Instagram,sentiment_dataset,2021-07-20,16.0,1.0,0,, #Acceptance #BeautifulChaos              ,36,,18,,,
Facebook,sentiment_dataset,2019-12-03,13.0,1.0,0,, #Determination #ExtraordinaryPath        ,40,,20,,,
Twitter,sentiment_dataset,2020-04-12,19.0,6.0,1,, #Serenity #RaindropMelody                ,50,,25,,,
Instagram,sentiment_dataset,2022-05-08,8.0,6.0,1,, #Curiosity #SeekerOfKnowledge            ,45,,22,,,
Facebook,sentiment_dataset,2023-02-22,17.0,2.0,0,, #Indifference #DriftingThroughLife       ,18,,9,,,
Twitter,sentiment_dataset,2020-06-05,12.0,4.0,0,, #Confusion #LabyrinthOfThoughts          ,28,,14,,,
Instagram,sentiment_dataset,2021-11-30,15.0,1.0,0,, #Numbness #EmotionalStorms               ,20,,10,,,
Facebook,sentiment_dataset,2019-02-25,21.0,0.0,0,, #Melancholy #WistfulYearning             ,26,,13,,,
Twitter,sentiment_dataset,2017-05-18,14.0,3.0,0,, #Nostalgia #PhotoAlbumStories            ,25,,12,,,
Instagram,sentiment_dataset,2022-08-05,11.0,4.0,0,, #Ambivalence #CrossroadsConfusion        ,30,,15,,,
Facebook,sentiment_dataset,2023-06-15,16.0,3.0,0,, #Acceptance #UnpredictableArt            ,36,,18,,,
Twitter,sentiment_dataset,2021-10-10,14.0,6.0,1,, #Determination #SculptingDreams          ,40,,20,,,
Instagram,sentiment_dataset,2020-05-12,19.0,1.0,0,, #Serenity #MoonlitPeace                  ,50,,25,,,
Facebook,sentiment_dataset,2022-12-01,9.0,3.0,0,, #Curiosity #FearlessExplorer              ,44,,22,,,
Instagram,sentiment_dataset,2021-11-30,15.0,1.0,0,, #Numbness #EmotionalStorms ,20,,10,,,
Twitter,sentiment_dataset,2018-07-12,17.0,3.0,0,, #Zest #CarefreeSpirit ,30,,15,,,
Facebook,sentiment_dataset,2020-09-05,20.0,5.0,1,, #Contentment #GoldenGlow ,36,,18,,,
Instagram,sentiment_dataset,2022-04-18,8.0,0.0,0,, #Hopeful #CanvasOfDreams ,24,,12,,,
Twitter,sentiment_dataset,2019-12-10,12.0,1.0,0,, #Proud #BranchesOfAchievement ,50,,25,,,
Facebook,sentiment_dataset,2023-02-28,9.0,1.0,0,, #Grateful #BlossomingConnection ,40,,20,,,
Instagram,sentiment_dataset,2018-04-03,14.0,1.0,0,, #Empathetic #TapestryOfUnderstanding ,30,,15,,,
Twitter,sentiment_dataset,2022-06-20,10.0,0.0,0,, #Compassionate #ShowerOfEmpathy ,36,,18,,,
Facebook,sentiment_dataset,2020-07-08,18.0,2.0,0,, #Playful #DanceInTheRain ,44,,22,,,
Instagram,sentiment_dataset,2021-08-15,11.0,6.0,1,, #FreeSpirit #PaintingTheSky ,40,,20,,,
Twitter,sentiment_dataset,2019-10-25,16.0,4.0,0,, #Inspired #CreativePhoenix ,30,,15,,,
Facebook,sentiment_dataset,2023-10-05,7.0,3.0,0,, #Hopeful #SunriseOfPossibilities ,24,,12,,,
Instagram,sentiment_dataset,2022-02-15,13.0,1.0,0,, #Confident #FootprintsOfAssuredness ,50,,25,,,
Twitter,sentiment_dataset,2021-05-08,22.0,5.0,1,, #Serenity #MoonlitSerenade ,26,,13,,,
Instagram,sentiment_dataset,2020-11-29,14.0,6.0,1,, #Curiosity #LabyrinthOfQuestions ,34,,17,,,
Facebook,sentiment_dataset,2019-09-14,10.0,5.0,1,, #Ambivalence #AutumnWaltz ,28,,14,,,
Twitter,sentiment_dataset,2022-03-12,19.0,5.0,1,, #Grateful #GuidingStar ,38,,19,,,
Instagram,sentiment_dataset,2023-03-30,16.0,3.0,0,, #Zest #FieldsOfEnthusiasm ,32,,16,,,
Facebook,sentiment_dataset,2021-07-01,12.0,3.0,0,, #Compassionate #TearsOfEmpathy ,42,,21,,,
Twitter,sentiment_dataset,2020-01-05,8.0,6.0,1,, #Proud #ScalingPeaks ,46,,23,,,
Instagram,sentiment_dataset,2022-07-17,6.0,6.0,1,, #Hopeful #SeedsOfOptimism ,28,,14,,,
Facebook,sentiment_dataset,2018-08-22,17.0,2.0,0,, #Playful #CarnivalEscapade ,48,,24,,,
Twitter,sentiment_dataset,2021-12-08,14.0,2.0,0,, #Inspired #CloudsOfCreativity ,36,,18,,,
Instagram,sentiment_dataset,2019-04-27,9.0,5.0,1,, #Contentment #TranquilWaters ,40,,20,,,
Facebook,sentiment_dataset,2023-09-03,21.0,6.0,1,, #Empathetic #LanternOfCompassion ,32,,16,,,
Twitter,sentiment_dataset,2020-06-10,10.0,2.0,0,, #FreeSpirit #WingsOfDreams ,44,,22,,,
Instagram,sentiment_dataset,2022-04-01,18.0,4.0,0,, #Grateful #GoldenHues ,38,,19,,,
Facebook,sentiment_dataset,2021-01-15,13.0,4.0,0,, #Confident #DanceOfLife ,46,,23,,,
Twitter,sentiment_dataset,2023-05-06,7.0,5.0,1,, #Hopeful #BrighterTomorrows ,30,,15,,,
Instagram,sentiment_dataset,2019-11-18,15.0,0.0,0,, #Playful #JugglingResponsibilities ,50,,25,,,
Facebook,sentiment_dataset,2020-08-29,20.0,5.0,1,, #Inspired #TalesToTheStars ,28,,14,,,
Twitter,sentiment_dataset,2022-10-30,11.0,6.0,1,, #Hopeful #SailorOfDreams ,34,,17,,,
Instagram,sentiment_dataset,2021-07-01,12.0,3.0,0,, #Compassionate #TearsOfEmpathy ,42,,21,,,
Twitter,sentiment_dataset,2020-01-05,8.0,6.0,1,, #Proud #ScalingPeaks ,46,,23,,,
Instagram,sentiment_dataset,2022-07-17,6.0,6.0,1,, #Hopeful #SeedsOfOptimism ,28,,14,,,
Facebook,sentiment_dataset,2018-08-22,17.0,2.0,0,, #Playful #CarnivalEscapade ,48,,24,,,
Twitter,sentiment_dataset,2021-12-08,14.0,2.0,0,, #Inspired #CloudsOfCreativity ,36,,18,,,
Instagram,sentiment_dataset,2019-04-27,9.0,5.0,1,, #Contentment #TranquilWaters ,40,,20,,,
Facebook,sentiment_dataset,2023-09-03,21.0,6.0,1,, #Empathetic #LanternOfCompassion ,32,,16,,,
Twitter,sentiment_dataset,2020-06-10,10.0,2.0,0,, #FreeSpirit #WingsOfDreams ,44,,22,,,
Instagram,sentiment_dataset,2022-04-01,18.0,4.0,0,, #Grateful #GoldenHues ,38,,19,,,
Facebook,sentiment_dataset,2021-01-15,13.0,4.0,0,, #Confident #DanceOfLife ,46,,23,,,
Twitter,sentiment_dataset,2023-05-06,7.0,5.0,1,, #Hopeful #BrighterTomorrows ,30,,15,,,
Instagram,sentiment_dataset,2019-11-18,15.0,0.0,0,, #Playful #JugglingResponsibilities ,50,,25,,,
Facebook,sentiment_dataset,2020-08-29,20.0,5.0,1,, #Inspired #TalesToTheStars ,28,,14,,,
Twitter,sentiment_dataset,2022-10-30,11.0,6.0,1,, #Hopeful #SailorOfDreams ,34,,17,,,
Instagram,sentiment_dataset,2021-07-01,12.0,3.0,0,, #Compassionate #TearsOfEmpathy ,42,,21,,,
Twitter,sentiment_dataset,2020-01-05,8.0,6.0,1,, #Proud #ScalingPeaks ,46,,23,,,
Instagram,sentiment_dataset,2022-07-17,6.0,6.0,1,, #Hopeful #SeedsOfOptimism ,28,,14,,,
Facebook,sentiment_dataset,2018-08-22,17.0,2.0,0,, #Playful #CarnivalEscapade ,48,,24,,,
Instagram,sentiment_dataset,2021-09-15,16.0,2.0,0,, #Despair #EchoingSilence ,16,,8,,,
Facebook,sentiment_dataset,2019-03-08,14.0,4.0,0,, #Bitterness #ResentmentWeb ,24,,12,,,
Twitter,sentiment_dataset,2017-07-20,11.0,3.0,0,, #Loneliness #MiragesOfConnection ,30,,15,,,
Instagram,sentiment_dataset,2020-11-02,19.0,0.0,0,, #Yearning #DistantWarmth ,20,,10,,,
Facebook,sentiment_dataset,2022-05-12,2.0,3.0,0,, #Fearful #ImaginedHorrors ,36,,18,,,
Twitter,sentiment_dataset,2023-04-08,13.0,5.0,1,, #Apprehensive #BalancingAct ,28,,14,,,
Instagram,sentiment_dataset,2021-06-25,17.0,4.0,0,, #Overwhelmed #BouldersOfExhaustion ,44,,22,,,
Facebook,sentiment_dataset,2019-08-30,10.0,4.0,0,, #Jealous #GreenEyedMonster ,32,,16,,,
Twitter,sentiment_dataset,2022-08-03,15.0,2.0,0,, #Devastated #WindsOfBrokenPromises ,50,,25,,,
Instagram,sentiment_dataset,2020-12-17,9.0,3.0,0,, #Frustrated #UnsolvablePuzzle ,24,,12,,,
Facebook,sentiment_dataset,2021-02-28,22.0,6.0,1,, #Envious #GildedPrize ,40,,20,,,
Twitter,sentiment_dataset,2018-05-10,14.0,3.0,0,, #Dismissive #ImpenetrableWalls ,28,,14,,,
Instagram,sentiment_dataset,2022-01-07,11.0,4.0,0,, #Frustrated #MosaicOfDisappointment ,30,,15,,,
Facebook,sentiment_dataset,2019-09-19,3.0,3.0,0,, #Loneliness #SolitaryNocturne ,36,,18,,,
Twitter,sentiment_dataset,2023-07-14,23.0,4.0,0,, #Fearful #SpecterOfTheUnknown ,26,,13,,,
Instagram,sentiment_dataset,2020-04-05,16.0,6.0,1,, #Bitterness #BitterAftertaste ,20,,10,,,
Facebook,sentiment_dataset,2021-11-29,8.0,0.0,0,, #Overwhelmed #DrowningSoul ,40,,20,,,
Twitter,sentiment_dataset,2019-12-12,17.0,3.0,0,, #Jealous #HeartOfDiscontent ,32,,16,,,
Instagram,sentiment_dataset,2022-05-20,14.0,4.0,0,, #Devastated #ShatteredTrust ,50,,25,,,
Facebook,sentiment_dataset,2020-09-03,12.0,3.0,0,, #Frustrated #SlippingThreads ,28,,14,,,
Twitter,sentiment_dataset,2021-02-10,19.0,2.0,0,, #Envious #BitterPill ,40,,20,,,
Instagram,sentiment_dataset,2018-08-18,14.0,5.0,1,, #Dismissive #IndifferencePerformance ,24,,12,,,
Facebook,sentiment_dataset,2022-02-28,21.0,0.0,0,, #Despair #LabyrinthOfHopelessness ,16,,8,,,
Twitter,sentiment_dataset,2019-10-15,10.0,1.0,0,, #Bitterness #IciclesOfResentment ,30,,15,,,
Instagram,sentiment_dataset,2017-12-01,18.0,4.0,0,, #Loneliness #StarlessSky ,36,,18,,,
Facebook,sentiment_dataset,2020-04-18,16.0,5.0,1,, #Yearning #HuesOfSunset ,20,,10,,,
Twitter,sentiment_dataset,2023-01-07,3.0,5.0,1,, #Fearful #LurkingMonsters ,36,,18,,,
Instagram,sentiment_dataset,2021-06-10,10.0,3.0,0,, #Apprehensive #StormOfDoubt ,28,,14,,,
Facebook,sentiment_dataset,2020-02-22,15.0,5.0,1,, #Overwhelmed #MinotaurOfPressure ,44,,22,,,
Twitter,sentiment_dataset,2018-03-17,14.0,5.0,1,, #Jealous #BloomingAchievements ,32,,16,,,
Instagram,sentiment_dataset,2022-10-28,11.0,4.0,0,, #Devastated #EchoesOfShatteredDreams ,50,,25,,,
Facebook,sentiment_dataset,2020-11-01,12.0,6.0,1,, #Frustrated #LabyrinthOfMiscommunication ,28,,14,,,
Twitter,sentiment_dataset,2021-01-15,22.0,4.0,0,, #Envious #DesireForKeys ,40,,20,,,
Instagram,sentiment_dataset,2018-08-18,14.0,5.0,1,, #Dismissive #IndifferencePerformance ,24,,12,,,
Twitter,sentiment_dataset,2022-01-07,11.0,4.0,0,, #Frustrated #MosaicOfDisappointment ,30,,15,,,
Facebook,sentiment_dataset,2019-09-19,3.0,3.0,0,, #Loneliness #SolitaryNocturne ,36,,18,,,
Instagram,sentiment_dataset,2022-04-03,6.0,6.0,1,, #Awe #BreathtakingSunrise                   ,55,,28,,,
Twitter,sentiment_dataset,2023-10-12,10.0,3.0,0,, #Determination #Challenges                  ,30,,15,,,
Facebook,sentiment_dataset,2019-06-28,19.0,4.0,0,, #Nostalgia #OldMemories                     ,45,,22,,,
Instagram,sentiment_dataset,2020-09-15,14.0,1.0,0,, #Thrill #CulturalCelebration              ,80,,40,,,
Twitter,sentiment_dataset,2017-11-08,21.0,2.0,0,, #Calmness #RainyDays                        ,35,,18,,,
Facebook,sentiment_dataset,2021-05-20,17.0,3.0,0,, #Overwhelmed #SupportiveCommunity          ,50,,25,,,
Instagram,sentiment_dataset,2023-01-10,12.0,1.0,0,, #Excitement #VacationCountdown        ,60,,30,,,
Twitter,sentiment_dataset,2018-12-05,8.0,2.0,0,, #Gratitude #LifeLessons                    ,70,,35,,,
Instagram,sentiment_dataset,2020-03-15,18.0,6.0,1,, #Bittersweet #Farewell                     ,40,,20,,,
Facebook,sentiment_dataset,2016-08-22,15.0,0.0,0,, #Curiosity #AncientDiscovery          ,35,,18,,,
Instagram,sentiment_dataset,2019-08-20,16.0,1.0,0,, #Admiration #HandcraftedArt               ,50,,25,,,
Twitter,sentiment_dataset,2021-12-08,19.0,2.0,0,, #Overjoyed #WinterWarmth                  ,35,,18,,,
Instagram,sentiment_dataset,2020-06-10,20.0,2.0,0,, #Inspiration #ColorfulSunset             ,60,,30,,,
Facebook,sentiment_dataset,2022-02-28,7.0,0.0,0,, #Motivation #FitnessGoals                 ,80,,40,,,
Twitter,sentiment_dataset,2017-04-15,8.0,5.0,1,, #Gratitude #MorningCoffee                 ,45,,22,,,
Instagram,sentiment_dataset,2018-09-05,14.0,2.0,0,, #Empowerment #HikingAdventure             ,70,,35,,,
Facebook,sentiment_dataset,2022-10-22,12.0,5.0,1,, #Amusement #PlayfulKittens               ,30,,15,,,
Twitter,sentiment_dataset,2016-07-02,23.0,5.0,1,, #Contemplation #StarryNight               ,55,,28,,,
Instagram,sentiment_dataset,2020-11-18,17.0,2.0,0,, #JoyfulReunion #Friendship               ,40,,20,,,
Facebook,sentiment_dataset,2023-03-05,15.0,6.0,1,, #Excitement #SurpriseCelebration         ,60,,30,,,
Twitter,sentiment_dataset,2015-12-01,11.0,1.0,0,, #Satisfaction #DIYProject                 ,50,,25,,,
Instagram,sentiment_dataset,2021-09-10,9.0,4.0,0,, #Blessed #SupportiveCommunity            ,35,,18,,,
Facebook,sentiment_dataset,2018-05-12,14.0,5.0,1,, #Serenity #TranquilGarden                ,45,,22,,,
Twitter,sentiment_dataset,2022-07-25,10.0,0.0,0,, #Anticipation #AdventureAwaits           ,80,,40,,,
Instagram,sentiment_dataset,2019-03-08,18.0,4.0,0,, #Reflection #PersonalGrowth              ,70,,35,,,
Facebook,sentiment_dataset,2017-01-28,21.0,5.0,1,, #Nostalgia #ChildhoodFavorites           ,40,,20,,,
Twitter,sentiment_dataset,2016-11-14,13.0,0.0,0,, #Appreciation #CulturalExperience        ,55,,28,,,
Instagram,sentiment_dataset,2020-04-02,17.0,3.0,0,, #Confidence #OvercomingAnxiety          ,30,,15,,,
Facebook,sentiment_dataset,2023-01-15,19.0,6.0,1,, #Contentment #FamilyLaughter             ,50,,25,,,
Twitter,sentiment_dataset,2018-08-07,12.0,1.0,0,, #Enthusiasm #SkillBuilding               ,60,,30,,,
Instagram,sentiment_dataset,2019-10-18,16.0,4.0,0,, #Surprise #HiddenGem                      ,35,,18,,,
Facebook,sentiment_dataset,2022-06-30,7.0,3.0,0,, #Accomplishment #FitnessSuccess         ,45,,22,,,
Twitter,sentiment_dataset,2017-06-12,18.0,0.0,0,, #Wonderment #DoubleRainbow               ,70,,35,,,
Instagram,sentiment_dataset,2021-07-05,9.0,0.0,0,, #Optimism #BrightFuture                  ,40,,20,,,
Facebook,sentiment_dataset,2016-04-15,14.0,4.0,0,, #Pride #CareerMilestone                  ,55,,28,,,
Twitter,sentiment_dataset,2020-02-10,11.0,0.0,0,, #Happiness #SunnyDay                      ,30,,15,,,
Instagram,sentiment_dataset,2018-09-22,16.0,5.0,1,, #Elation #RareBookDiscovery              ,80,,40,,,
Facebook,sentiment_dataset,2015-11-08,10.0,6.0,1,, #Curiosity #AncientMysteries            ,35,,18,,,
Instagram,sentiment_dataset,2022-08-10,22.0,2.0,0,, #Enchantment #CosmicFireflies             ,50,,25,,,
Twitter,sentiment_dataset,2019-04-05,17.0,4.0,0,, #Intrigue #AbstractArt                   ,35,,18,,,
Facebook,sentiment_dataset,2020-12-15,15.0,1.0,0,, #PlayfulJoy #ChildrensPlaydate           ,45,,22,,,
Instagram,sentiment_dataset,2017-10-20,8.0,4.0,0,, #Mindfulness #LakeTranquility            ,70,,35,,,
Twitter,sentiment_dataset,2021-02-28,13.0,6.0,1,, #DreamChaser #SkyHighDreams              ,60,,30,,,
Facebook,sentiment_dataset,2018-06-12,20.0,1.0,0,, #Elegance #BallroomDance                ,55,,28,,,
Instagram,sentiment_dataset,2016-03-08,14.0,1.0,0,, #Whimsy #MagicalWorld                    ,40,,20,,,
Twitter,sentiment_dataset,2023-04-18,17.0,1.0,0,, #Pensive #AncientCivilization           ,35,,18,,,
Facebook,sentiment_dataset,2020-07-25,12.0,5.0,1,, #Thrill #RollercoasterAdventure        ,45,,22,,,
Instagram,sentiment_dataset,2019-11-30,19.0,5.0,1,, #Harmony #MusicalUnity                   ,70,,35,,,
Twitter,sentiment_dataset,2015-09-01,16.0,1.0,0,, #Creativity #ArtistsHaven               ,30,,15,,,
Facebook,sentiment_dataset,2022-05-05,10.0,3.0,0,, #Radiance #SpringBlooms                 ,50,,25,,,
Instagram,sentiment_dataset,2018-07-08,23.0,6.0,1,, #Wonder #StargazingAdventure            ,80,,40,,,
Twitter,sentiment_dataset,2021-09-20,14.0,0.0,0,, #Rejuvenation #SeasideEscape            ,35,,18,,,
Facebook,sentiment_dataset,2016-11-15,11.0,1.0,0,, #Inspiration #ForestWhispers            ,55,,28,,,
Instagram,sentiment_dataset,2020-01-12,18.0,6.0,1,, #Coziness #WarmWinterEvening           ,60,,30,,,
Facebook,sentiment_dataset,2017-12-28,19.0,3.0,0,, #Gratitude #FamilyLaughter              ,45,,22,,,
Twitter,sentiment_dataset,2019-03-02,20.0,5.0,1,, #Adventure #CulinaryJourney             ,70,,35,,,
Instagram,sentiment_dataset,2022-06-08,15.0,2.0,0,, #Euphoria #PuzzleCompletion            ,40,,20,,,
Facebook,sentiment_dataset,2018-08-18,14.0,5.0,1,, #Awe #ArchitecturalGrandeur            ,35,,18,,,
Instagram,sentiment_dataset,2022-08-10,22.0,2.0,0,, #Enchantment #FireflyField              ,50,,25,,,
Twitter,sentiment_dataset,2019-04-05,17.0,4.0,0,, #Melodic #StreetMusic                   ,35,,18,,,
Facebook,sentiment_dataset,2020-12-15,15.0,1.0,0,, #FestiveJoy #SummerCarnival             ,45,,22,,,
Instagram,sentiment_dataset,2017-10-20,8.0,4.0,0,, #InnerJourney #MeditationBliss          ,70,,35,,,
Twitter,sentiment_dataset,2021-02-28,13.0,6.0,1,, #Freedom #CoastalAdventure              ,60,,30,,,
Facebook,sentiment_dataset,2018-06-12,20.0,1.0,0,, #Dazzle #MasqueradeElegance            ,55,,28,,,
Instagram,sentiment_dataset,2016-03-08,14.0,1.0,0,, #Whimsy #FairyTaleMagic                 ,40,,20,,,
Twitter,sentiment_dataset,2023-04-18,17.0,1.0,0,, #Reflection #ForgottenEra               ,35,,18,,,
Facebook,sentiment_dataset,2020-07-25,12.0,5.0,1,, #Adrenaline #RollercoasterThrills      ,45,,22,,,
Instagram,sentiment_dataset,2019-11-30,19.0,5.0,1,, #Harmony #MusicalUnity                   ,70,,35,,,
Twitter,sentiment_dataset,2015-09-01,16.0,1.0,0,, #ArtisticBurst #StudioCreativity       ,30,,15,,,
Facebook,sentiment_dataset,2022-05-05,10.0,3.0,0,, #Radiance #SpringBlooms                 ,50,,25,,,
Instagram,sentiment_dataset,2018-07-08,23.0,6.0,1,, #Wonder #StargazingAdventure            ,80,,40,,,
Twitter,sentiment_dataset,2021-09-20,14.0,0.0,0,, #Rejuvenation #SeasideEscape            ,35,,18,,,
Facebook,sentiment_dataset,2016-11-15,11.0,1.0,0,, #Inspiration #ForestWhispers            ,55,,28,,,
Instagram,sentiment_dataset,2020-01-12,18.0,6.0,1,, #Coziness #WarmWinterEvening           ,60,,30,,,
Facebook,sentiment_dataset,2017-12-28,19.0,3.0,0,, #Gratitude #FamilyLaughter              ,45,,22,,,
Twitter,sentiment_dataset,2019-03-02,20.0,5.0,1,, #CulinaryOdyssey #FlavorsAroundTheWorld ,70,,35,,,
Instagram,sentiment_dataset,2022-06-08,15.0,2.0,0,, #Euphoria #PerfectPuzzle               ,40,,20,,,
Facebook,sentiment_dataset,2018-08-18,14.0,5.0,1,, #Awe #ArchitecturalGrandeur            ,35,,18,,,
Instagram,sentiment_dataset,2015-11-08,10.0,6.0,1,, #Curiosity #AncientMysteries          ,35,,18,,,
Twitter,sentiment_dataset,2020-12-02,17.0,2.0,0,, #Excitement #SnowfallMagic             ,45,,22,,,
Instagram,sentiment_dataset,2017-06-10,12.0,5.0,1,, #Contentment #FreshBreadAroma          ,55,,28,,,
Facebook,sentiment_dataset,2021-04-15,14.0,3.0,0,, #Resilience #StandingTall              ,70,,35,,,
Twitter,sentiment_dataset,2019-09-28,19.0,5.0,1,, #Immersion #CaptivatingNovel           ,40,,20,,,
Instagram,sentiment_dataset,2016-12-05,21.0,0.0,0,, #Nostalgia #FamilyPhotoAlbum           ,50,,25,,,
Facebook,sentiment_dataset,2018-02-10,23.0,5.0,1,, #Spark #InspirationIgnited             ,60,,30,,,
Twitter,sentiment_dataset,2023-02-15,8.0,2.0,0,, #Gratitude #WarmTea                    ,35,,18,,,
Instagram,sentiment_dataset,2015-08-22,15.0,5.0,1,, #Marvel #ColorfulStreetMarket          ,45,,22,,,
Facebook,sentiment_dataset,2020-11-20,18.0,4.0,0,, #Serenity #TranquilSunset              ,55,,28,,,
Instagram,sentiment_dataset,2019-08-05,21.0,0.0,0,, #Heartbreak #LostLove                    ,30,,15,,,
Twitter,sentiment_dataset,2021-02-12,16.0,4.0,0,, #Loneliness #HeavyHeart                  ,35,,18,,,
Facebook,sentiment_dataset,2020-11-28,14.0,5.0,1,, #Grief #LostFriendship                  ,45,,22,,,
Instagram,sentiment_dataset,2016-05-15,22.0,6.0,1,, #Despair #EndlessDarkness               ,55,,28,,,
Twitter,sentiment_dataset,2018-09-10,13.0,0.0,0,, #Betrayal #ShatteredTrust               ,45,,22,,,
Facebook,sentiment_dataset,2022-03-20,19.0,6.0,1,, #Suffering #HeartacheSymphony          ,50,,25,,,
Instagram,sentiment_dataset,2017-07-18,17.0,1.0,0,, #EmotionalStorm #SadnessWhirlwind      ,60,,30,,,
Twitter,sentiment_dataset,2018-12-15,10.0,5.0,1,, #Regret #HauntedPast                    ,35,,18,,,
Facebook,sentiment_dataset,2015-06-28,21.0,6.0,1,, #Grief #TornApart                       ,55,,28,,,
Instagram,sentiment_dataset,2020-04-02,14.0,3.0,0,, #Isolation #EmotionalWinter            ,70,,35,,,
Twitter,sentiment_dataset,2019-10-08,18.0,1.0,0,, #Disappointment #CrushedHopes          ,40,,20,,,
Facebook,sentiment_dataset,2016-11-22,9.0,1.0,0,, #LostLove #PainfulEchoes               ,45,,22,,,
Instagram,sentiment_dataset,2022-08-18,22.0,3.0,0,, #Despair #AbyssOfHeartache             ,80,,40,,,
Twitter,sentiment_dataset,2017-03-12,23.0,6.0,1,, #Melancholy #QuietSerenade             ,35,,18,,,
Facebook,sentiment_dataset,2015-12-15,16.0,1.0,0,, #Bitterness #WoundedHeart              ,50,,25,,,
Instagram,sentiment_dataset,2021-09-05,13.0,6.0,1,, #Exhaustion #CrushedSpirit             ,70,,35,,,
Twitter,sentiment_dataset,2018-05-22,20.0,1.0,0,, #Sorrow #SymphonyOfLoss                ,35,,18,,,
Facebook,sentiment_dataset,2016-07-10,18.0,6.0,1,, #Darkness #SoulEngulfed                 ,55,,28,,,
Instagram,sentiment_dataset,2019-04-30,14.0,1.0,0,, #Desperation #GlimmerOfHope            ,45,,22,,,
Twitter,sentiment_dataset,2022-01-08,11.0,5.0,1,, #Ruins #ShatteredDreams                ,40,,20,,,
Twitter,sentiment_dataset,2017-09-10,19.0,6.0,1,, #Desolation #ScatteredHope ,40,,20,,,
Instagram,sentiment_dataset,2022-04-18,11.0,0.0,0,, #Regret #PathOfRemorse ,50,,25,,,
Facebook,sentiment_dataset,2018-12-05,21.0,2.0,0,, #Grief #LostJoyFootsteps ,35,,18,,,
Twitter,sentiment_dataset,2016-06-28,14.0,1.0,0,, #Loneliness #CrashingWaves ,45,,22,,,
Instagram,sentiment_dataset,2019-10-22,17.0,1.0,0,, #Bitterness #StainedTrust ,30,,15,,,
Facebook,sentiment_dataset,2021-03-15,22.0,0.0,0,, #Desolation #WhisperedLoss ,55,,28,,,
Twitter,sentiment_dataset,2017-08-10,19.0,3.0,0,, #Heartbreak #RippleOfDespair ,45,,22,,,
Instagram,sentiment_dataset,2023-01-28,14.0,5.0,1,, #Grief #SilentTears ,60,,30,,,
Facebook,sentiment_dataset,2016-12-12,10.0,0.0,0,, #Betrayal #ReverberatingPromises ,50,,25,,,
Twitter,sentiment_dataset,2020-07-18,15.0,5.0,1,, #Resilience #TightropeWalk ,70,,35,,,
Instagram,sentiment_dataset,2022-05-20,20.0,4.0,0,, #Isolation #SilentSolitude ,60,,30,,,
Twitter,sentiment_dataset,2019-11-08,14.0,4.0,0,, #Regret #FadingPossibilities ,35,,18,,,
Facebook,sentiment_dataset,2017-03-28,22.0,1.0,0,, #Despair #EndlessReverberation ,55,,28,,,
Instagram,sentiment_dataset,2020-09-15,18.0,1.0,0,, #Sorrow #AutumnLeaves ,45,,22,,,
Twitter,sentiment_dataset,2018-06-10,13.0,6.0,1,, #Desolation #ShatteredHopes ,40,,20,,,
Facebook,sentiment_dataset,2016-12-22,21.0,3.0,0,, #Grief #LostLoveLonging ,50,,25,,,
Instagram,sentiment_dataset,2021-01-05,16.0,1.0,0,, #Betrayal #ClosingWalls ,30,,15,,,
Twitter,sentiment_dataset,2019-04-18,11.0,3.0,0,, #Heartbreak #CalmAfterStorm ,45,,22,,,
Facebook,sentiment_dataset,2017-08-28,19.0,0.0,0,, #Despair #UnraveledHope ,35,,18,,,
Instagram,sentiment_dataset,2023-02-10,14.0,4.0,0,, #Loss #SilentSurrender ,55,,28,,,
Instagram,sentiment_dataset,2022-07-10,22.0,6.0,1,, #Heartache #LoveSongLonging ,60,,30,,,
Twitter,sentiment_dataset,2019-05-15,21.0,2.0,0,, #Nostalgia #CherishedMemories ,35,,18,,,
Facebook,sentiment_dataset,2018-11-28,14.0,2.0,0,, #Grief #MelancholicMelody ,45,,22,,,
Instagram,sentiment_dataset,2021-03-02,17.0,1.0,0,, #Betrayal #PoisonedTrust ,50,,25,,,
Twitter,sentiment_dataset,2016-10-18,19.0,1.0,0,, #Despair #DeepDescent ,40,,20,,,
Facebook,sentiment_dataset,2020-08-15,12.0,5.0,1,, #Desolation #UntoldSorrows ,55,,28,,,
Instagram,sentiment_dataset,2017-04-28,16.0,4.0,0,, #Regret #PastCurrents ,35,,18,,,
Twitter,sentiment_dataset,2019-09-10,21.0,1.0,0,, #Loss #ForgottenLove ,45,,22,,,
Facebook,sentiment_dataset,2022-01-28,13.0,4.0,0,, #Betrayal #ShatteredVows ,30,,15,,,
Instagram,sentiment_dataset,2016-06-15,22.0,2.0,0,, #Solitude #ShadowConversation ,60,,30,,,
Instagram,sentiment_dataset,2021-08-20,15.0,4.0,0,, #Joy #SimpleMoments ,80,,40,,,
Twitter,sentiment_dataset,2018-04-12,18.0,3.0,0,, #Happiness #SpiritLifter ,70,,35,,,
Facebook,sentiment_dataset,2022-02-15,12.0,1.0,0,, #Contentment #InnerPeace ,50,,25,,,
Instagram,sentiment_dataset,2019-10-28,14.0,0.0,0,, #Enthusiasm #HopefulJourney ,60,,30,,,
Twitter,sentiment_dataset,2017-12-22,21.0,4.0,0,, #Gratitude #ThankfulMelody ,45,,22,,,
Facebook,sentiment_dataset,2020-06-10,17.0,2.0,0,, #Accomplishment #HappinessMilestone ,55,,28,,,
Instagram,sentiment_dataset,2016-09-18,19.0,6.0,1,, #Positivity #SoulUpliftment ,35,,18,,,
Twitter,sentiment_dataset,2023-03-10,14.0,4.0,0,, #Joy #CherishedMoment ,40,,20,,,
Facebook,sentiment_dataset,2019-05-05,12.0,6.0,1,, #Kindness #LoveStitches ,50,,25,,,
Instagram,sentiment_dataset,2018-08-28,16.0,1.0,0,, #Friendship #CamaraderieBlooms ,60,,30,,,
Twitter,sentiment_dataset,2022-11-15,20.0,1.0,0,, #Love #RhythmOfAffection ,70,,35,,,
Instagram,sentiment_dataset,2019-07-02,17.0,1.0,0,, #Joy #EndlessSmiles ,80,,40,,,
Facebook,sentiment_dataset,2021-04-18,14.0,6.0,1,, #Excitement #IgnitedSoul ,60,,30,,,
Twitter,sentiment_dataset,2023-02-05,19.0,6.0,1,, #Surprise #WonderfulMoment ,50,,25,,,
Instagram,sentiment_dataset,2018-09-22,12.0,5.0,1,, #Curiosity #TreasuresOfDiscovery ,45,,22,,,
Facebook,sentiment_dataset,2016-12-10,21.0,5.0,1,, #Gratitude #ShowerOfThankfulness ,55,,28,,,
Twitter,sentiment_dataset,2020-05-28,16.0,3.0,0,, #Inspiration #BrilliantTrails ,35,,18,,,
Instagram,sentiment_dataset,2017-11-15,22.0,2.0,0,, #Success #NightSkyTriumph ,45,,22,,,
Facebook,sentiment_dataset,2021-08-02,19.0,0.0,0,, #Happiness #BoundlessLaughter ,60,,30,,,
Instagram,sentiment_dataset,2019-03-28,15.0,3.0,0,, #Thrill #WildHeartRide ,70,,35,,,
Twitter,sentiment_dataset,2018-05-12,17.0,5.0,1,, #Reflection #ParisianDreams ,55,,28,,,
Instagram,sentiment_dataset,2022-09-28,15.0,2.0,0,, #Enchantment #ChildhoodFantasies ,60,,30,,,
Facebook,sentiment_dataset,2019-11-10,14.0,6.0,1,, #Excitement #SymphonyOfSpeed ,45,,22,,,
Instagram,sentiment_dataset,2021-04-02,18.0,4.0,0,, #Joy #SpringtimeColors ,70,,35,,,
Twitter,sentiment_dataset,2017-08-22,21.0,1.0,0,, #Exploration #JapaneseTraditions ,35,,18,,,
Instagram,sentiment_dataset,2020-06-15,16.0,0.0,0,, #Awe #EarthsGrandeur ,50,,25,,,
Facebook,sentiment_dataset,2016-09-10,19.0,5.0,1,, #Serenity #SunsetHues ,45,,22,,,
Twitter,sentiment_dataset,2023-01-28,13.0,5.0,1,, #Amazement #AncientTales ,60,,30,,,
Instagram,sentiment_dataset,2019-04-18,16.0,3.0,0,, #Romance #TimelessCity ,40,,20,,,
Facebook,sentiment_dataset,2017-11-05,22.0,6.0,1,, #Awe #AncientCivilizations ,55,,28,,,
Instagram,sentiment_dataset,2022-07-20,21.0,2.0,0,, #Excitement #UrbanEnergy ,70,,35,,,
Twitter,sentiment_dataset,2018-03-15,17.0,3.0,0,, #Captivation #GladiatorTales ,50,,25,,,
Facebook,sentiment_dataset,2019-10-28,14.0,0.0,0,, #Serenity #ParadiseWhispers ,45,,22,,,
Instagram,sentiment_dataset,2021-06-10,16.0,3.0,0,, #Wonder #NatureOrchestra ,60,,30,,,
Twitter,sentiment_dataset,2017-08-18,19.0,4.0,0,, #Awe #EngineeringMarvels ,35,,18,,,
Facebook,sentiment_dataset,2020-04-15,5.0,2.0,0,, #Accomplishment #SunriseHues ,55,,28,,,
Instagram,sentiment_dataset,2016-11-22,13.0,1.0,0,, #Exploration #KhmerStories ,40,,20,,,
Twitter,sentiment_dataset,2019-01-10,14.0,3.0,0,, #Adventure #SnowPeakDance ,45,,22,,,
Facebook,sentiment_dataset,2023-02-28,16.0,1.0,0,, #Tranquility #ZenWisdom ,50,,25,,,
Instagram,sentiment_dataset,2018-05-28,18.0,0.0,0,, #Grandeur #IcyMasterpiece ,45,,22,,,
Instagram,sentiment_dataset,2022-09-15,20.0,3.0,0,, #Emotion #AdeleConcert ,80,,40,,,
Twitter,sentiment_dataset,2019-07-28,21.0,6.0,1,, #Energy #BeyonceConcert ,70,,35,,,
Facebook,sentiment_dataset,2021-05-10,19.0,0.0,0,, #Enchantment #TaylorSwift ,60,,30,,,
Instagram,sentiment_dataset,2018-12-02,22.0,6.0,1,, #Nostalgia #QueenTribute ,45,,22,,,
Twitter,sentiment_dataset,2020-08-18,19.0,1.0,0,, #Serenity #EdSheeranConcert ,35,,18,,,
Facebook,sentiment_dataset,2017-03-28,20.0,1.0,0,, #Joy #BrunoMars ,55,,28,,,
Instagram,sentiment_dataset,2022-01-15,21.0,5.0,1,, #Celebration #MJTribute ,50,,25,,,
Twitter,sentiment_dataset,2019-06-10,18.0,0.0,0,, #Charm #SinatraTribute ,45,,22,,,
Facebook,sentiment_dataset,2023-03-20,22.0,0.0,0,, #Ecstasy #MetallicaConcert ,70,,35,,,
Instagram,sentiment_dataset,2016-11-28,19.0,0.0,0,, #Hope #ColdplayMagic ,60,,30,,,
Instagram,sentiment_dataset,2018-08-05,20.0,6.0,1,, #Enthusiasm #JustinBieber ,80,,40,,,
Twitter,sentiment_dataset,2021-04-15,21.0,3.0,0,, #Creativity #LadyGaga ,70,,35,,,
Facebook,sentiment_dataset,2019-11-28,19.0,3.0,0,, #Emotion #AdeleMelodies ,60,,30,,,
Instagram,sentiment_dataset,2020-06-22,22.0,0.0,0,, #Colorful #KatyPerry ,45,,22,,,
Twitter,sentiment_dataset,2017-09-10,20.0,6.0,1,, #Pride #JayZAnthem ,35,,18,,,
Facebook,sentiment_dataset,2022-02-28,21.0,0.0,0,, #Hypnotic #ShakiraRhythms ,55,,28,,,
Instagram,sentiment_dataset,2016-05-15,19.0,6.0,1,, #Connection #U2Anthem ,50,,25,,,
Twitter,sentiment_dataset,2018-12-10,22.0,0.0,0,, #Iconic #GNRConcert ,45,,22,,,
Facebook,sentiment_dataset,2023-01-22,20.0,6.0,1,, #Euphoria #ArianaGrande ,70,,35,,,
Instagram,sentiment_dataset,2020-03-05,18.0,3.0,0,, #Journey #BobMarleyTribute ,60,,30,,,
Twitter,sentiment_dataset,2018-10-12,20.0,4.0,0,, #Excitement #MoviePremiereThrills ,80,,40,,,
Instagram,sentiment_dataset,2019-06-25,22.0,1.0,0,, #Nostalgia #ClassicFilmMoments ,70,,35,,,
Facebook,sentiment_dataset,2020-07-08,19.0,2.0,0,, #Engagement #WebSeriesJourney ,60,,30,,,
Twitter,sentiment_dataset,2017-09-18,21.0,0.0,0,, #Pride #IndieFilmSuccess ,45,,22,,,
Instagram,sentiment_dataset,2021-01-15,18.0,4.0,0,, #Touched #FamilyDramaMoments ,55,,28,,,
Facebook,sentiment_dataset,2016-02-28,20.0,6.0,1,, #Gratitude #OscarWinningMoment ,35,,18,,,
Twitter,sentiment_dataset,2022-04-20,17.0,2.0,0,, #Inspiration #HiddenGemDiscovery ,45,,22,,,
Instagram,sentiment_dataset,2019-11-05,21.0,1.0,0,, #Contemplation #DeepMeanings ,55,,28,,,
Facebook,sentiment_dataset,2015-07-12,22.0,6.0,1,, #Suspense #CrimeSeriesThrills ,70,,35,,,
Twitter,sentiment_dataset,2020-09-10,19.0,3.0,0,, #Satisfaction #FulfillingEnding ,45,,22,,,
Instagram,sentiment_dataset,2018-07-15,21.0,6.0,1,, #Joy #WorldCupTriumph ,80,,40,,,
Twitter,sentiment_dataset,2020-08-08,19.0,5.0,1,, #Inspiration #OlympicAchievement ,70,,35,,,
Facebook,sentiment_dataset,2019-06-25,22.0,1.0,0,, #Excitement #CricketChampionship ,60,,30,,,
Instagram,sentiment_dataset,2021-11-07,17.0,6.0,1,, #Admiration #MarathonRecords ,45,,22,,,
Twitter,sentiment_dataset,2017-09-10,20.0,6.0,1,, #Captivation #TennisRivalry ,55,,28,,,
Facebook,sentiment_dataset,2022-06-20,21.0,0.0,0,, #Triumph #BasketballFinals ,35,,18,,,
Instagram,sentiment_dataset,2016-04-10,18.0,6.0,1,, #Awe #GolfVictory ,45,,22,,,
Twitter,sentiment_dataset,2019-11-24,19.0,6.0,1,, #Thrill #Formula1Championship ,55,,28,,,
Facebook,sentiment_dataset,2015-09-28,22.0,0.0,0,, #Determination #CyclingChampion ,70,,35,,,
Instagram,sentiment_dataset,2020-12-12,20.0,5.0,1,, #Heartwarming #HockeyFinalsComeback ,45,,22,,,
Twitter,sentiment_dataset,2019-11-02,18.0,5.0,1,, #Disappointment #SoccerDefeats ,80,,40,,,
Instagram,sentiment_dataset,2018-07-10,21.0,1.0,0,, #Frustration #TennisSetback ,70,,35,,,
Facebook,sentiment_dataset,2020-09-18,19.0,4.0,0,, #Reflection #BoxingDefeat ,60,,30,,,
Twitter,sentiment_dataset,2017-05-15,22.0,0.0,0,, #Obstacle #CyclingFrustration ,45,,22,,,
Instagram,sentiment_dataset,2021-04-05,20.0,0.0,0,, #Sympathy #GymnasticsFall ,55,,28,,,
Facebook,sentiment_dataset,2016-08-20,18.0,5.0,1,, #Pressure #GolfDefeat ,35,,18,,,
Twitter,sentiment_dataset,2019-02-12,19.0,1.0,0,, #RenewedEffort #BasketballStruggles ,45,,22,,,
Instagram,sentiment_dataset,2015-06-28,20.0,6.0,1,, #Miscalculation #SwimmingDisappointment ,55,,28,,,
Facebook,sentiment_dataset,2022-01-08,21.0,5.0,1,, #Challenge #WeightliftingFailure ,70,,35,,,
Twitter,sentiment_dataset,2018-12-15,20.0,5.0,1,, #Despair #OwnGoal ,45,,22,,,
Instagram,sentiment_dataset,2021-07-10,19.0,5.0,1,, #Tranquility #SunsetBeauty ,80,,40,,,
Twitter,sentiment_dataset,2019-09-28,20.0,5.0,1,, #Adventure #RoadTripMemories ,70,,35,,,
Facebook,sentiment_dataset,2022-03-15,18.0,1.0,0,, #Solace #CafeReflection ,60,,30,,,
Instagram,sentiment_dataset,2017-11-05,21.0,6.0,1,, #Creativity #StreetArtVibes ,45,,22,,,
Twitter,sentiment_dataset,2020-05-20,16.0,2.0,0,, #Breakthrough #ScientificDiscovery ,55,,28,,,
Facebook,sentiment_dataset,2016-08-22,19.0,0.0,0,, #Harmony #OrchestraMelody ,35,,18,,,
Instagram,sentiment_dataset,2023-04-10,17.0,0.0,0,, #JoyInBaking #HomemadeDelights ,45,,22,,,
Twitter,sentiment_dataset,2015-12-18,18.0,4.0,0,, #EnvisioningHistory #MuseumTales ,55,,28,,,
Facebook,sentiment_dataset,2021-10-08,20.0,4.0,0,, #Imagination #LiteraryEscape ,70,,35,,,
Instagram,sentiment_dataset,2019-03-22,21.0,4.0,0,, #Vibrancy #MarketStories ,45,,22,,,
Twitter,sentiment_dataset,2018-06-15,22.0,4.0,0,, #Mesmerizing #NightDancePerformance ,80,,40,,,
Instagram,sentiment_dataset,2019-08-28,19.0,2.0,0,, #CulinaryAdventure #StreetFoodDelights ,70,,35,,,
Facebook,sentiment_dataset,2022-12-01,17.0,3.0,0,, #WinterMagic #SnowyLandscapes ,60,,30,,,
Twitter,sentiment_dataset,2017-04-10,21.0,0.0,0,, #ThrillingJourney #MysteryNovel ,45,,22,,,
Instagram,sentiment_dataset,2020-05-15,18.0,4.0,0,, #NaturesBeauty #FloralJoy ,55,,28,,,
Facebook,sentiment_dataset,2016-09-22,20.0,3.0,0,, #CelestialWonder #Stargazing ,35,,18,,,
Twitter,sentiment_dataset,2023-02-12,19.0,6.0,1,, #CreativeInspiration #CoffeeJourney ,45,,22,,,
Instagram,sentiment_dataset,2015-11-10,21.0,1.0,0,, #RunwayCreativity #FashionInnovation ,55,,28,,,
Facebook,sentiment_dataset,2021-07-20,18.0,1.0,0,, #OceansFreedom #SurfingThrills ,45,,22,,,
Twitter,sentiment_dataset,2019-04-18,20.0,3.0,0,, #WhispersOfThePast #HistoricalTour ,70,,35,,,
Twitter,sentiment_dataset,2023-05-20,19.0,5.0,1,, #CrushStruggles #AvoidingEyeContact ,30,,15,,,
Instagram,sentiment_dataset,2023-05-21,21.0,6.0,1,, #SnackCrisis #TeenLife ,35,,18,,,
Facebook,sentiment_dataset,2023-05-22,14.0,0.0,0,, #SelfieStruggle #TeenConfessions ,45,,22,,,
Twitter,sentiment_dataset,2023-05-23,16.0,1.0,0,, #TeenProblems #LostHeadphones ,40,,20,,,
Instagram,sentiment_dataset,2023-05-24,13.0,2.0,0,, #StudyingMemes #TeenLife ,50,,25,,,
Facebook,sentiment_dataset,2023-05-25,19.0,3.0,0,, #WeekendOops #TeenFashion ,40,,20,,,
Twitter,sentiment_dataset,2023-05-26,14.0,4.0,0,, #TeenSuccess #ProjectMiracle ,55,,28,,,
Instagram,sentiment_dataset,2023-05-27,21.0,5.0,1,, #TeenChef #CookingFail ,45,,22,,,
Facebook,sentiment_dataset,2023-05-28,12.0,6.0,1,, #ClassEvent #TeenExcitement ,35,,18,,,
Twitter,sentiment_dataset,2023-05-29,23.0,0.0,0,, #BookDiscoveries #TeenReading ,60,,30,,,
Instagram,sentiment_dataset,2023-05-30,20.0,1.0,0,, #GameOn #TeenGamer ,45,,22,,,
Facebook,sentiment_dataset,2023-05-31,15.0,2.0,0,, #BingeWatchDay #TeenLife ,70,,35,,,
Twitter,sentiment_dataset,2023-06-01,18.0,3.0,0,, #FashionGoals #TeenStyle ,40,,20,,,
Instagram,sentiment_dataset,2023-06-02,14.0,4.0,0,, #InstrumentLearning #TeenMusic ,55,,28,,,
Facebook,sentiment_dataset,2023-06-03,21.0,5.0,1,, #MusicTherapy #TeenPlaylist ,45,,22,,,
Twitter,sentiment_dataset,2023-06-04,19.0,6.0,1,, #CookingSuccess #TeenCook ,50,,25,,,
Instagram,sentiment_dataset,2023-06-05,10.0,0.0,0,, #GetawayGoals #TeenTravel ,35,,18,,,
Facebook,sentiment_dataset,2023-06-06,22.0,1.0,0,, #MusicMagic #TeenConcert ,55,,28,,,
Twitter,sentiment_dataset,2023-06-07,12.0,2.0,0,, #ChildhoodMemories #TeenCartoons ,45,,22,,,
Instagram,sentiment_dataset,2023-06-08,16.0,3.0,0,, #DIYGoals #TeenCreative ,70,,35,,,
Facebook,sentiment_dataset,2023-06-09,14.0,4.0,0,, #CulturalDay #TeenCuriosity ,40,,20,,,
Twitter,sentiment_dataset,2023-06-10,17.0,5.0,1,, #BloggingJourney #TeenThoughts ,60,,30,,,
Instagram,sentiment_dataset,2023-06-11,15.0,6.0,1,, #QuietMoments #BookishEscape ,70,,35,,,
Twitter,sentiment_dataset,2023-06-12,18.0,0.0,0,, #AgingGracefully #Memories ,55,,28,,,
Facebook,sentiment_dataset,2023-06-13,14.0,1.0,0,, #ArtDiscovery #SeniorArtist ,45,,22,,,
Instagram,sentiment_dataset,2023-06-14,19.0,2.0,0,, #HappinessInFood #SeniorLife ,50,,25,,,
Twitter,sentiment_dataset,2023-06-15,12.0,3.0,0,, #MindEnrichment #SeniorLearning ,60,,30,,,
Facebook,sentiment_dataset,2023-06-16,21.0,4.0,0,, #MusicLover #SeniorConcert ,35,,18,,,
Instagram,sentiment_dataset,2023-06-17,15.0,5.0,1,, #NatureCapture #SeniorMoments ,70,,35,,,
Twitter,sentiment_dataset,2023-06-18,11.0,6.0,1,, #FriendshipGoals #SeniorBonding ,55,,28,,,
Facebook,sentiment_dataset,2023-06-19,16.0,0.0,0,, #CherishedPlaces #SeniorTravel ,45,,22,,,
Instagram,sentiment_dataset,2023-06-20,14.0,1.0,0,, #MusicHarmony #SeniorVoices ,40,,20,,,
Twitter,sentiment_dataset,2023-06-21,19.0,2.0,0,, #MindfulLiving #SeniorCalm ,35,,18,,,
Facebook,sentiment_dataset,2023-06-22,13.0,3.0,0,, #NatureWonders #SeniorGarden ,50,,25,,,
Instagram,sentiment_dataset,2023-06-23,18.0,4.0,0,, #LifeWellLived #SeniorWine ,55,,28,,,
Twitter,sentiment_dataset,2023-06-24,16.0,5.0,1,, #CreativityAtAnyAge #SeniorCreativity ,45,,22,,,
Facebook,sentiment_dataset,2023-06-25,20.0,6.0,1,, #LifetimeExperiences #SeniorMemoir ,70,,35,,,
Instagram,sentiment_dataset,2023-06-26,14.0,0.0,0,, #LifetimeAdventure #SeniorCuriosity ,60,,30,,,
Twitter,sentiment_dataset,2023-06-27,17.0,1.0,0,, #KitchenMemories #SeniorCulinary ,40,,20,,,
Facebook,sentiment_dataset,2023-06-28,22.0,2.0,0,, #OutdoorBeauty #SeniorClicks ,35,,18,,,
Instagram,sentiment_dataset,2023-06-29,16.0,3.0,0,, #TimelessTunes #SeniorJazz ,50,,25,,,
Twitter,sentiment_dataset,2023-06-30,19.0,4.0,0,, #SoulfulWriting #SeniorReflections ,55,,28,,,
Instagram,sentiment_dataset,2023-07-01,14.0,5.0,1,, #DiscoverNewPlaces #SeniorTravel ,60,,30,,,
Facebook,sentiment_dataset,2023-07-02,18.0,6.0,1,, #RoadTripDownMemoryLane #SeniorCars ,45,,22,,,
Twitter,sentiment_dataset,2023-07-03,12.0,0.0,0,, #GardenFriends #SeniorGreenThumb ,55,,28,,,
Instagram,sentiment_dataset,2023-07-04,17.0,1.0,0,, #HeartwarmingMoments #SeniorFamily ,70,,35,,,
Twitter,sentiment_dataset,2023-07-05,20.0,2.0,0,, #DanceLife #SeniorMoves ,35,,18,,,
Facebook,sentiment_dataset,2023-07-06,14.0,3.0,0,, #CreativeExpressions #SeniorArt ,50,,25,,,
Instagram,sentiment_dataset,2023-07-07,19.0,4.0,0,, #BookishTalks #SeniorBookworms ,45,,22,,,
Twitter,sentiment_dataset,2023-07-08,16.0,5.0,1,, #FriendshipSunshine #SeniorMemories ,60,,30,,,
Facebook,sentiment_dataset,2023-07-09,22.0,6.0,1,, #StagePassion #SeniorTheater ,40,,20,,,
Instagram,sentiment_dataset,2023-07-10,14.0,0.0,0,, #NatureTrailBlazer #SeniorExplorer ,55,,28,,,
Twitter,sentiment_dataset,2023-07-11,18.0,1.0,0,, #LifeInPictures #SeniorExhibition ,45,,22,,,
Facebook,sentiment_dataset,2023-07-12,13.0,2.0,0,, #OpenRoadAdventures #SeniorCycling ,50,,25,,,
Instagram,sentiment_dataset,2023-07-13,20.0,3.0,0,, #AgedToPerfection #SeniorCheers ,70,,35,,,
Twitter,sentiment_dataset,2023-07-14,16.0,4.0,0,, #GracefulMoves #SeniorDance ,40,,20,,,
Facebook,sentiment_dataset,2023-07-15,19.0,5.0,1,, #CommunityArt #SeniorCreativity ,55,,28,,,
Instagram,sentiment_dataset,2023-07-16,14.0,6.0,1,, #FriendshipAdventures #SeniorNostalgia ,60,,30,,,
Twitter,sentiment_dataset,2023-07-17,22.0,0.0,0,, #CelestialWonders #SeniorAstronomy ,35,,18,,,
Facebook,sentiment_dataset,2023-07-18,16.0,1.0,0,, #TimelessTunes #SeniorJazz ,50,,25,,,
Instagram,sentiment_dataset,2023-07-19,19.0,2.0,0,, #LifeLessons #SeniorBlog ,45,,22,,,
Twitter,sentiment_dataset,2023-07-20,17.0,3.0,0,, #RunForACause #SeniorSupport ,60,,30,,,
Instagram,sentiment_dataset,2023-08-01,13.0,1.0,0,, #PhysicsSurvivor #HighSchoolAdventures ,40,,20,,,
Twitter,sentiment_dataset,2023-08-02,14.0,2.0,0,, #CodingAdventure #HighSchoolCoderLife ,50,,25,,,
Facebook,sentiment_dataset,2023-08-03,12.0,3.0,0,, #DebateWarrior #HighSchoolDebater ,35,,18,,,
Instagram,sentiment_dataset,2023-08-04,16.0,4.0,0,, #PhotographyClub #HighSchoolPhotographer ,45,,22,,,
Twitter,sentiment_dataset,2023-08-05,19.0,5.0,1,, #PromDreams #HighSchoolFairytale ,60,,30,,,
Facebook,sentiment_dataset,2023-08-06,14.0,6.0,1,, #OutdoorClassroom #HighSchoolExplorer ,55,,28,,,
Instagram,sentiment_dataset,2023-08-07,19.0,0.0,0,, #ArtisticMishaps #HighSchoolArt ,45,,22,,,
Twitter,sentiment_dataset,2023-08-08,16.0,1.0,0,, #SkaterLife #HighSchoolSkater ,60,,30,,,
Facebook,sentiment_dataset,2023-08-09,22.0,2.0,0,, #KpopFangirl #HighSchoolMusic ,40,,20,,,
Instagram,sentiment_dataset,2023-08-10,14.0,3.0,0,, #ChemistryWizard #HighSchoolScientist ,55,,28,,,
Twitter,sentiment_dataset,2023-08-11,18.0,4.0,0,, #BirthdayParty #HighSchoolCelebration ,45,,22,,,
Facebook,sentiment_dataset,2023-08-12,13.0,5.0,1,, #DramaClubStar #HighSchoolActor ,50,,25,,,
Instagram,sentiment_dataset,2023-08-13,20.0,6.0,1,, #FantasyBookNerd #HighSchoolReader ,70,,35,,,
Twitter,sentiment_dataset,2023-08-14,16.0,0.0,0,, #DoodleMaster #HighSchoolArt ,40,,20,,,
Facebook,sentiment_dataset,2023-08-15,19.0,1.0,0,, #HandstandChallenge #HighSchoolAthlete ,55,,28,,,
Instagram,sentiment_dataset,2023-08-16,14.0,2.0,0,, #SnackSmuggler #HighSchoolSnacks ,60,,30,,,
Twitter,sentiment_dataset,2023-08-17,22.0,3.0,0,, #SleepoverFun #HighSchoolMemories ,35,,18,,,
Facebook,sentiment_dataset,2023-08-18,16.0,4.0,0,, #DanceFail #HighSchoolTikTok ,50,,25,,,
Instagram,sentiment_dataset,2023-08-19,19.0,5.0,1,, #SocialMediaBlunder #HighSchoolAwkward ,45,,22,,,
Twitter,sentiment_dataset,2023-08-20,17.0,6.0,1,, #CrushFail #HighSchoolEmbarrassment ,60,,30,,,
Instagram,sentiment_dataset,2023-08-21,15.0,0.0,0,, #PaperPlaneExpert #HighSchoolArt ,30,,15,,,
Facebook,sentiment_dataset,2023-08-22,12.0,1.0,0,, #TextbookJuggling #HighSchoolSkills ,40,,22,,,
Twitter,sentiment_dataset,2023-08-23,16.0,2.0,0,, #SnackNinja #HighSchoolSnacks ,55,,28,,,
Instagram,sentiment_dataset,2023-08-24,18.0,3.0,0,, #SurpriseAdventure #HighSchoolFun ,38,,20,,,
Facebook,sentiment_dataset,2023-08-25,14.0,4.0,0,, #RainDance #HighSchoolJoy ,50,,25,,,
Twitter,sentiment_dataset,2023-08-26,17.0,5.0,1,, #TextingFail #HighSchoolAwkward ,35,,18,,,
Instagram,sentiment_dataset,2023-08-27,20.0,6.0,1,, #MagicFail #HighSchoolMagic ,45,,22,,,
Twitter,sentiment_dataset,2023-08-28,16.0,0.0,0,, #OrigamiMaster #HighSchoolArt ,36,,18,,,
Instagram,sentiment_dataset,2023-08-29,13.0,1.0,0,, #HackySackChallenge #HighSchoolAthlete ,48,,26,,,
Facebook,sentiment_dataset,2023-08-30,17.0,2.0,0,, #FriendshipGoals #HighSchoolMemories ,40,,20,,,
Twitter,sentiment_dataset,2023-08-31,20.0,3.0,0,, #BurgerQuest #HighSchoolFoodie ,42,,24,,,
Instagram,sentiment_dataset,2023-09-01,14.0,4.0,0,, #StandUpComedy #HighSchoolTalent ,39,,21,,,
Facebook,sentiment_dataset,2023-09-02,18.0,5.0,1,, #LoveLetterFail #HighSchoolAwkward ,33,,17,,,
Twitter,sentiment_dataset,2023-09-03,22.0,6.0,1,, #ScienceGeek #HighSchoolExperiments ,44,,23,,,
Instagram,sentiment_dataset,2023-09-04,15.0,0.0,0,, #FriendshipBracelets #HighSchoolCrafts ,37,,19,,,
Twitter,sentiment_dataset,2023-09-05,12.0,1.0,0,, #CartwheelChallenge #HighSchoolAthlete ,52,,27,,,
Facebook,sentiment_dataset,2023-09-06,16.0,2.0,0,, #MovieNight #HighSchoolMemories ,43,,22,,,
Instagram,sentiment_dataset,2023-09-07,18.0,3.0,0,, #HairExperiment #HighSchoolStyle ,39,,20,,,
Facebook,sentiment_dataset,2023-09-08,14.0,4.0,0,, #TimeCapsule #HighSchoolNostalgia ,48,,26,,,
Twitter,sentiment_dataset,2023-09-09,17.0,5.0,1,, #FirstDayOops #HighSchoolEmbarrassment ,32,,16,,,
Instagram,sentiment_dataset,2023-09-10,20.0,6.0,1,, #HealthyLiving #HighSchoolWellness ,42,,23,,,
Twitter,sentiment_dataset,2023-09-11,15.0,0.0,0,, #SchoolChallenges #HighSchoolStruggles ,28,,15,,,
Instagram,sentiment_dataset,2023-09-12,12.0,1.0,0,, #OnlineHate #HighSchoolReality ,36,,18,,,
Facebook,sentiment_dataset,2023-09-13,16.0,2.0,0,, #BadDay #HighSchoolBlues ,40,,20,,,
Twitter,sentiment_dataset,2023-09-14,18.0,3.0,0,, #Disappointment #HighSchoolSports ,34,,17,,,
Instagram,sentiment_dataset,2023-09-15,14.0,4.0,0,, #CafeteriaDrama #HighSchoolTension ,41,,21,,,
Facebook,sentiment_dataset,2023-09-16,17.0,5.0,1,, #AcademicFrustration #HighSchoolStress ,38,,19,,,
Twitter,sentiment_dataset,2023-09-17,20.0,6.0,1,, #LifeChallenges #HighSchoolStruggles ,44,,22,,,
Instagram,sentiment_dataset,2023-09-18,22.0,0.0,0,, #LonelyNights #HighSchoolEmotions ,31,,16,,,
Facebook,sentiment_dataset,2023-09-19,15.0,1.0,0,, #StopCyberbullying #HighSchoolReality ,27,,14,,,
Twitter,sentiment_dataset,2023-09-20,12.0,2.0,0,, #BadLuck #HighSchoolWeather ,35,,18,,,
Instagram,sentiment_dataset,2023-09-21,16.0,3.0,0,, #MissedChances #HighSchoolRegret ,39,,20,,,
Facebook,sentiment_dataset,2023-09-22,18.0,4.0,0,, #RumorMills #HighSchoolDrama ,46,,23,,,
Twitter,sentiment_dataset,2023-09-23,14.0,5.0,1,, #BadLuckDay #HighSchoolStruggles ,50,,25,,,
Instagram,sentiment_dataset,2023-09-24,17.0,6.0,1,, #SayingGoodbye #HighSchoolEmotions ,42,,21,,,
Facebook,sentiment_dataset,2023-09-25,20.0,0.0,0,, #CollegeDreams #HighSchoolJourney ,37,,19,,,
Twitter,sentiment_dataset,2023-09-26,14.0,1.0,0,, #OnlineGaming #HighSchoolGamer ,32,,16,,,
Instagram,sentiment_dataset,2023-09-27,17.0,2.0,0,, #BadHairDay #HighSchoolConfidence ,36,,18,,,
Facebook,sentiment_dataset,2023-09-28,22.0,3.0,0,, #ProjectStruggles #HighSchoolHardships ,41,,21,,,
Twitter,sentiment_dataset,2023-09-29,15.0,4.0,0,, #OnlineOpinions #HighSchoolCriticism ,48,,24,,,
Instagram,sentiment_dataset,2023-09-30,18.0,5.0,1,, #TechIssues #HighSchoolTech ,43,,22,,,
Facebook,sentiment_dataset,2023-10-01,14.0,6.0,1,, #MissedMoments #HighSchoolRegret ,39,,20,,,
Instagram,sentiment_dataset,2023-10-02,16.0,0.0,0,, #StudyStrategies #HighSchoolExams ,42,,23,,,
Twitter,sentiment_dataset,2023-10-03,12.0,1.0,0,, #EnvironmentalEfforts #HighSchoolCommunity ,50,,26,,,
Facebook,sentiment_dataset,2023-10-04,18.0,2.0,0,, #BookClub #HighSchoolReads ,38,,19,,,
Instagram,sentiment_dataset,2023-10-05,14.0,3.0,0,, #BakingAdventures #HighSchoolBakes ,43,,21,,,
Twitter,sentiment_dataset,2023-10-06,17.0,4.0,0,, #Teamwork #HighSchoolProjects ,36,,18,,,
Instagram,sentiment_dataset,2023-10-07,20.0,5.0,1,, #SchoolClubs #HighSchoolInterests ,45,,22,,,
Facebook,sentiment_dataset,2023-10-08,15.0,6.0,1,, #CareerDevelopment #HighSchoolJobs ,48,,24,,,
Twitter,sentiment_dataset,2023-10-09,22.0,0.0,0,, #SchoolEvents #HighSchoolConnectivity ,40,,20,,,
Instagram,sentiment_dataset,2023-10-10,14.0,1.0,0,, #PhotographyJourney #HighSchoolHobbies ,49,,25,,,
Facebook,sentiment_dataset,2023-10-11,16.0,2.0,0,, #ScienceFair #HighSchoolScience ,37,,19,,,
Twitter,sentiment_dataset,2023-10-12,18.0,3.0,0,, #EfficiencyGoals #HighSchoolSkills ,44,,23,,,
Instagram,sentiment_dataset,2023-10-13,12.0,4.0,0,, #CommunityService #HighSchoolVolunteer ,39,,20,,,
Facebook,sentiment_dataset,2023-10-14,17.0,5.0,1,, #TeamSpirit #HighSchoolProjects ,35,,18,,,
Twitter,sentiment_dataset,2023-10-15,20.0,6.0,1,, #DebateSkills #HighSchoolIntellect ,43,,22,,,
Instagram,sentiment_dataset,2023-10-16,15.0,0.0,0,, #SurpriseParty #HighSchoolCelebration ,52,,27,,,
Twitter,sentiment_dataset,2023-10-17,12.0,1.0,0,, #CodingTriumph #HighSchoolTech ,48,,24,,,
Facebook,sentiment_dataset,2023-10-18,16.0,2.0,0,, #TalentShow #HighSchoolEntertainment ,38,,19,,,
Instagram,sentiment_dataset,2023-10-19,18.0,3.0,0,, #NatureAdventures #HighSchoolFriends ,42,,21,,,
Twitter,sentiment_dataset,2023-10-20,14.0,4.0,0,, #SportsTriumph #HighSchoolAthletics ,50,,26,,,
Facebook,sentiment_dataset,2023-10-21,17.0,5.0,1,, #GlobalFriendship #HighSchoolCorrespondence ,45,,23,,,
Instagram,sentiment_dataset,2023-10-22,20.0,6.0,1,, #ArtCollaboration #HighSchoolCreativity ,43,,22,,,
Instagram,sentiment_dataset,2015-11-10,16.0,1.0,0,, #ArtisticExpression #HighSchoolCreativity ,44,,23,,,
Twitter,sentiment_dataset,2016-09-14,12.0,2.0,0,, #AthleticAchievement #HighSchoolSports ,51,,26,,,
Facebook,sentiment_dataset,2017-08-18,18.0,4.0,0,, #ScienceFairWinner #HighSchoolScience ,39,,20,,,
Instagram,sentiment_dataset,2018-06-22,14.0,4.0,0,, #SurpriseCelebration #HighSchoolFriendship ,48,,25,,,
Twitter,sentiment_dataset,2019-04-05,17.0,4.0,0,, #CommunityGiving #HighSchoolPhilanthropy ,42,,22,,,
Facebook,sentiment_dataset,2020-02-29,20.0,5.0,1,, #CulturalCelebration #HighSchoolUnity ,43,,21,,,
Instagram,sentiment_dataset,2020-11-15,15.0,6.0,1,, #VirtualEntertainment #HighSchoolPositivity ,47,,24,,,
Unknown,mediarates_dataset,,3.0,,0,Video,,306,52.0,35,,4.4573,Medium
Unknown,mediarates_dataset,,7.0,,0,Text,,330,78.0,36,,4.8452,Medium
Unknown,mediarates_dataset,,9.0,,1,Video,,265,3.0,16,,2.0233,Low
Unknown,mediarates_dataset,,0.0,,0,Video,,50,69.0,4,,4.2145,Medium
Unknown,mediarates_dataset,,17.0,,0,Video,,200,83.0,31,,1.2185,Low
Unknown,mediarates_dataset,,10.0,,1,Video,,27,32.0,34,,0.7019,Low
Unknown,mediarates_dataset,,21.0,,0,Video,,83,7.0,47,,1.8901,Low
Unknown,mediarates_dataset,,13.0,,1,Text,,154,36.0,30,,3.9638,Medium
Unknown,mediarates_dataset,,15.0,,1,Image,,116,62.0,16,,4.1492,Medium
Unknown,mediarates_dataset,,22.0,,0,Image,,1,21.0,23,,2.3016,Low
Unknown,mediarates_dataset,,14.0,,0,Image,,92,69.0,22,,2.6428,Low
Unknown,mediarates_dataset,,8.0,,1,Text,,386,95.0,49,,3.9733,Medium
Unknown,mediarates_dataset,,4.0,,0,Text,,399,34.0,13,,2.6774,Low
Unknown,mediarates_dataset,,4.0,,0,Image,,349,78.0,49,,4.5389,Medium
Unknown,mediarates_dataset,,10.0,,1,Image,,295,4.0,14,,4.5849,Medium
Unknown,mediarates_dataset,,23.0,,1,Text,,80,45.0,5,,4.7142,Medium
Unknown,mediarates_dataset,,19.0,,0,Video,,267,47.0,14,,4.0609,Medium
Unknown,mediarates_dataset,,17.0,,1,Video,,418,5.0,49,,1.4041,Low
Unknown,mediarates_dataset,,2.0,,1,Video,,234,88.0,35,,4.123,Medium
Unknown,mediarates_dataset,,3.0,,0,Image,,320,55.0,7,,4.3256,Medium
Unknown,mediarates_dataset,,13.0,,1,Video,,310,58.0,14,,1.8012,Low
Unknown,mediarates_dataset,,6.0,,0,Image,,300,28.0,2,,4.7852,Medium
Unknown,mediarates_dataset,,15.0,,0,Image,,356,17.0,40,,2.9191,Low
Unknown,mediarates_dataset,,19.0,,0,Video,,212,1.0,33,,3.0911,Medium
Unknown,mediarates_dataset,,14.0,,0,Video,,61,7.0,23,,3.4032,Medium
Unknown,mediarates_dataset,,16.0,,0,Video,,126,96.0,31,,4.8217,Medium
Unknown,mediarates_dataset,,23.0,,1,Video,,283,11.0,33,,3.4968,Medium
Unknown,mediarates_dataset,,14.0,,1,Image,,106,30.0,13,,2.9391,Low
Unknown,mediarates_dataset,,4.0,,1,Image,,145,90.0,28,,2.568,Low
Unknown,mediarates_dataset,,4.0,,0,Text,,98,60.0,17,,0.825,Low
Unknown,mediarates_dataset,,1.0,,0,Image,,428,73.0,6,,3.58,Medium
Unknown,mediarates_dataset,,19.0,,1,Text,,374,66.0,28,,2.7645,Low
Unknown,mediarates_dataset,,8.0,,1,Video,,485,94.0,37,,1.1722,Low
Unknown,mediarates_dataset,,3.0,,1,Text,,121,14.0,13,,3.4172,Medium
Unknown,mediarates_dataset,,0.0,,0,Image,,363,34.0,1,,3.259,Medium
Unknown,mediarates_dataset,,7.0,,0,Image,,450,20.0,13,,2.8326,Low
Unknown,mediarates_dataset,,15.0,,0,Image,,194,53.0,24,,0.828,Low
Unknown,mediarates_dataset,,8.0,,0,Image,,40,34.0,20,,4.1802,Medium
Unknown,mediarates_dataset,,11.0,,0,Text,,62,85.0,21,,4.9053,Medium
Unknown,mediarates_dataset,,18.0,,1,Video,,22,37.0,34,,2.7584,Low
Unknown,mediarates_dataset,,17.0,,0,Image,,359,30.0,36,,2.5473,Low
Unknown,mediarates_dataset,,1.0,,0,Image,,47,23.0,49,,1.0961,Low
Unknown,mediarates_dataset,,6.0,,1,Image,,159,48.0,48,,2.9611,Low
Unknown,mediarates_dataset,,14.0,,0,Image,,117,99.0,16,,0.9026,Low
Unknown,mediarates_dataset,,4.0,,0,Video,,379,54.0,1,,4.3398,Medium
Unknown,mediarates_dataset,,14.0,,1,Image,,289,2.0,33,,1.6821,Low
Unknown,mediarates_dataset,,23.0,,0,Text,,155,68.0,5,,1.0801,Low
Unknown,mediarates_dataset,,13.0,,1,Image,,420,84.0,16,,3.74,Medium
Unknown,mediarates_dataset,,9.0,,0,Video,,6,9.0,38,,0.9552,Low
Unknown,mediarates_dataset,,16.0,,1,Text,,195,82.0,24,,3.3041,Medium
Unknown,mediarates_dataset,,20.0,,0,Image,,420,24.0,4,,2.1023,Low
Unknown,mediarates_dataset,,13.0,,0,Text,,55,67.0,4,,4.0501,Medium
Unknown,mediarates_dataset,,12.0,,1,Text,,46,18.0,40,,1.5606,Low
Unknown,mediarates_dataset,,8.0,,1,Video,,147,42.0,36,,3.7115,Medium
Unknown,mediarates_dataset,,6.0,,0,Text,,274,65.0,39,,4.4316,Medium
Unknown,mediarates_dataset,,15.0,,0,Text,,156,73.0,8,,1.0706,Low
Unknown,mediarates_dataset,,9.0,,0,Text,,201,60.0,4,,2.6428,Low
Unknown,mediarates_dataset,,8.0,,1,Text,,475,19.0,8,,2.6428,Low
Unknown,mediarates_dataset,,21.0,,1,Video,,418,47.0,42,,1.2239,Low
Unknown,mediarates_dataset,,6.0,,1,Video,,494,86.0,21,,3.9149,Medium
Unknown,mediarates_dataset,,15.0,,1,Text,,478,23.0,21,,0.9761,Low
Unknown,mediarates_dataset,,8.0,,0,Video,,474,10.0,21,,2.7776,Low
Unknown,mediarates_dataset,,19.0,,1,Video,,304,27.0,37,,2.8108,Low
Unknown,mediarates_dataset,,7.0,,1,Video,,63,58.0,17,,2.2739,Low
Unknown,mediarates_dataset,,6.0,,0,Video,,203,41.0,3,,2.3158,Low
Unknown,mediarates_dataset,,5.0,,0,Video,,485,83.0,17,,1.9998,Low
Unknown,mediarates_dataset,,8.0,,0,Image,,320,37.0,26,,2.7137,Low
Unknown,mediarates_dataset,,6.0,,0,Video,,387,13.0,31,,1.5725,Low
Unknown,mediarates_dataset,,16.0,,1,Video,,433,10.0,41,,2.0032,Low
Unknown,mediarates_dataset,,15.0,,0,Video,,413,17.0,35,,2.6428,Low
Unknown,mediarates_dataset,,1.0,,1,Video,,343,54.0,15,,1.8729,Low
Unknown,mediarates_dataset,,7.0,,1,Image,,442,53.0,33,,1.2599,Low
Unknown,mediarates_dataset,,16.0,,1,Video,,66,81.0,22,,2.573,Low
Unknown,mediarates_dataset,,12.0,,0,Text,,74,86.0,49,,1.8819,Low
Unknown,mediarates_dataset,,23.0,,0,Image,,259,20.0,23,,1.9542,Low
Unknown,mediarates_dataset,,9.0,,0,Video,,154,4.0,12,,2.9827,Low
Unknown,mediarates_dataset,,1.0,,0,Image,,429,86.0,17,,2.1045,Low
Unknown,mediarates_dataset,,1.0,,1,Video,,362,40.0,12,,2.5129,Low
Unknown,mediarates_dataset,,15.0,,0,Text,,474,88.0,36,,2.1981,Low
Unknown,mediarates_dataset,,6.0,,1,Video,,233,53.0,42,,1.662,Low
Unknown,mediarates_dataset,,20.0,,1,Image,,305,21.0,41,,2.5599,Low
Unknown,mediarates_dataset,,11.0,,0,Text,,314,64.0,14,,1.4269,Low
Unknown,mediarates_dataset,,22.0,,0,Video,,124,63.0,17,,3.6918,Medium
Unknown,mediarates_dataset,,13.0,,0,Video,,398,70.0,22,,0.5952,Low
Unknown,mediarates_dataset,,3.0,,0,Text,,29,64.0,33,,3.9914,Medium
Unknown,mediarates_dataset,,17.0,,0,Text,,425,14.0,3,,2.0243,Low
Unknown,mediarates_dataset,,2.0,,0,Image,,484,75.0,2,,3.0368,Medium
Unknown,mediarates_dataset,,6.0,,1,Text,,34,13.0,21,,2.0864,Low
Unknown,mediarates_dataset,,13.0,,1,Text,,86,49.0,0,,3.7521,Medium
Unknown,mediarates_dataset,,1.0,,0,Video,,133,19.0,3,,1.9365,Low
Unknown,mediarates_dataset,,2.0,,0,Video,,195,49.0,45,,4.5766,Medium
Unknown,mediarates_dataset,,16.0,,0,Video,,273,32.0,48,,1.0699,Low
Unknown,mediarates_dataset,,14.0,,0,Text,,76,11.0,20,,1.3819,Low
Unknown,mediarates_dataset,,8.0,,1,Text,,430,19.0,13,,4.8942,Medium
Unknown,mediarates_dataset,,17.0,,1,Image,,499,37.0,46,,4.6548,Medium
Unknown,mediarates_dataset,,23.0,,0,Image,,108,27.0,41,,1.7138,Low
Unknown,mediarates_dataset,,13.0,,0,Image,,495,89.0,19,,3.4651,Medium
Unknown,mediarates_dataset,,3.0,,0,Text,,67,12.0,26,,1.6927,Low
Unknown,mediarates_dataset,,3.0,,0,Video,,68,76.0,37,,3.5243,Medium
Unknown,mediarates_dataset,,14.0,,1,Image,,164,65.0,7,,0.7341,Low
Unknown,mediarates_dataset,,14.0,,1,Text,,488,36.0,0,,1.0114,Low
Unknown,mediarates_dataset,,9.0,,0,Image,,364,53.0,46,,4.0403,Medium
Unknown,mediarates_dataset,,9.0,,1,Text,,308,74.0,18,,1.8503,Low
Unknown,mediarates_dataset,,23.0,,0,Video,,342,39.0,34,,1.781,Low
Unknown,mediarates_dataset,,7.0,,1,Image,,386,21.0,28,,3.9034,Medium
Unknown,mediarates_dataset,,0.0,,0,Video,,41,19.0,21,,2.6428,Low
Unknown,mediarates_dataset,,8.0,,1,Text,,50,89.0,40,,2.3472,Low
Unknown,mediarates_dataset,,15.0,,0,Video,,249,29.0,41,,4.6994,Medium
Unknown,mediarates_dataset,,4.0,,1,Image,,496,80.0,33,,3.3683,Medium
Unknown,mediarates_dataset,,22.0,,0,Video,,429,54.0,30,,2.5987,Low
Unknown,mediarates_dataset,,17.0,,1,Text,,491,45.0,47,,0.9878,Low
Unknown,mediarates_dataset,,12.0,,0,Image,,299,6.0,16,,4.0242,Medium
Unknown,mediarates_dataset,,23.0,,1,Text,,138,79.0,37,,1.2565,Low
Unknown,mediarates_dataset,,19.0,,1,Image,,323,58.0,22,,2.6932,Low
Unknown,mediarates_dataset,,18.0,,1,Video,,498,55.0,24,,3.3129,Medium
Unknown,mediarates_dataset,,4.0,,1,Video,,91,26.0,45,,3.109,Medium
Unknown,mediarates_dataset,,0.0,,0,Text,,124,87.0,18,,0.7831,Low
Unknown,mediarates_dataset,,9.0,,0,Text,,482,72.0,43,,1.3431,Low
Unknown,mediarates_dataset,,7.0,,1,Video,,396,34.0,33,,0.6461,Low
Unknown,mediarates_dataset,,7.0,,0,Image,,353,83.0,49,,3.755,Medium
Unknown,mediarates_dataset,,5.0,,1,Image,,483,80.0,20,,4.2624,Medium
Unknown,mediarates_dataset,,11.0,,1,Video,,434,94.0,28,,2.6428,Low
Unknown,mediarates_dataset,,15.0,,0,Text,,98,7.0,36,,1.6204,Low
Unknown,mediarates_dataset,,8.0,,1,Text,,251,78.0,0,,2.1754,Low
Unknown,mediarates_dataset,,20.0,,1,Video,,337,94.0,0,,2.6428,Low
Unknown,mediarates_dataset,,21.0,,1,Image,,103,93.0,26,,2.7003,Low
Unknown,mediarates_dataset,,9.0,,0,Image,,213,19.0,20,,2.3333,Low
Unknown,mediarates_dataset,,9.0,,0,Image,,151,11.0,43,,0.7517,Low
Unknown,mediarates_dataset,,15.0,,0,Video,,274,16.0,25,,0.7377,Low
Unknown,mediarates_dataset,,0.0,,1,Video,,164,63.0,15,,3.3163,Medium
Unknown,mediarates_dataset,,20.0,,1,Video,,340,93.0,0,,4.264,Medium
Unknown,mediarates_dataset,,13.0,,1,Text,,7,28.0,35,,2.8037,Low
Unknown,mediarates_dataset,,20.0,,1,Text,,144,97.0,16,,1.2687,Low
Unknown,mediarates_dataset,,20.0,,1,Video,,63,19.0,43,,1.0235,Low
Unknown,mediarates_dataset,,8.0,,0,Text,,90,49.0,14,,4.8655,Medium
Unknown,mediarates_dataset,,12.0,,0,Video,,353,9.0,45,,4.1121,Medium
Unknown,mediarates_dataset,,18.0,,0,Text,,309,51.0,3,,1.8375,Low
Unknown,mediarates_dataset,,6.0,,1,Video,,172,14.0,13,,1.1103,Low
Unknown,mediarates_dataset,,4.0,,0,Image,,245,36.0,6,,3.3926,Medium
Unknown,mediarates_dataset,,5.0,,1,Video,,148,39.0,31,,4.0224,Medium
Unknown,mediarates_dataset,,1.0,,1,Video,,245,71.0,18,,4.7187,Medium
Unknown,mediarates_dataset,,21.0,,0,Video,,486,55.0,9,,1.2013,Low
Unknown,mediarates_dataset,,2.0,,0,Image,,183,7.0,11,,0.8264,Low
Unknown,mediarates_dataset,,5.0,,1,Video,,424,93.0,21,,2.3114,Low
Unknown,mediarates_dataset,,14.0,,0,Text,,11,59.0,40,,3.4261,Medium
Unknown,mediarates_dataset,,15.0,,0,Image,,69,9.0,19,,0.9069,Low
Unknown,mediarates_dataset,,11.0,,0,Image,,146,48.0,5,,2.0175,Low
Unknown,mediarates_dataset,,9.0,,1,Image,,153,35.0,18,,2.3102,Low
Unknown,mediarates_dataset,,2.0,,1,Image,,235,35.0,44,,1.0549,Low
Unknown,mediarates_dataset,,8.0,,1,Text,,307,25.0,32,,2.3044,Low
Unknown,mediarates_dataset,,10.0,,0,Image,,69,3.0,22,,3.9778,Medium
Unknown,mediarates_dataset,,19.0,,0,Video,,74,87.0,43,,1.1813,Low
Unknown,mediarates_dataset,,21.0,,0,Text,,215,1.0,32,,1.3567,Low
Unknown,mediarates_dataset,,8.0,,1,Video,,406,30.0,14,,2.1502,Low
Unknown,mediarates_dataset,,0.0,,0,Image,,241,63.0,15,,3.1035,Medium
Unknown,mediarates_dataset,,21.0,,0,Image,,464,9.0,22,,4.601,Medium
Unknown,mediarates_dataset,,13.0,,0,Image,,436,23.0,15,,1.2852,Low
Unknown,mediarates_dataset,,4.0,,1,Text,,461,98.0,13,,2.2042,Low
Unknown,mediarates_dataset,,21.0,,1,Text,,81,59.0,25,,3.399,Medium
Unknown,mediarates_dataset,,20.0,,0,Text,,91,61.0,34,,3.4283,Medium
Unknown,mediarates_dataset,,9.0,,0,Image,,259,94.0,28,,0.9268,Low
Unknown,mediarates_dataset,,6.0,,1,Video,,364,56.0,32,,3.8323,Medium
Unknown,mediarates_dataset,,11.0,,0,Image,,115,8.0,2,,3.7405,Medium
Unknown,mediarates_dataset,,15.0,,0,Text,,428,21.0,31,,0.8876,Low
Unknown,mediarates_dataset,,2.0,,0,Video,,336,88.0,17,,1.2829,Low
Unknown,mediarates_dataset,,4.0,,1,Video,,351,75.0,40,,2.3015,Low
Unknown,mediarates_dataset,,10.0,,1,Video,,327,39.0,0,,2.6428,Low
Unknown,mediarates_dataset,,4.0,,1,Image,,322,78.0,38,,1.4696,Low
Unknown,mediarates_dataset,,7.0,,0,Video,,286,39.0,20,,4.9164,Medium
Unknown,mediarates_dataset,,1.0,,1,Text,,479,90.0,9,,3.372,Medium
Unknown,mediarates_dataset,,3.0,,1,Image,,21,84.0,46,,2.075,Low
Unknown,mediarates_dataset,,18.0,,0,Video,,213,76.0,11,,0.7953,Low
Unknown,mediarates_dataset,,19.0,,0,Text,,322,72.0,40,,3.1589,Medium
Unknown,mediarates_dataset,,8.0,,1,Text,,53,62.0,31,,3.4373,Medium
Unknown,mediarates_dataset,,5.0,,1,Video,,297,43.0,26,,2.1405,Low
Unknown,mediarates_dataset,,8.0,,1,Text,,125,82.0,16,,1.3772,Low
Unknown,mediarates_dataset,,8.0,,1,Text,,463,70.0,49,,3.0319,Medium
Unknown,mediarates_dataset,,20.0,,0,Text,,34,54.0,12,,4.4048,Medium
Unknown,mediarates_dataset,,2.0,,0,Text,,285,67.0,24,,4.8497,Medium
Unknown,mediarates_dataset,,4.0,,1,Text,,56,58.0,22,,2.535,Low
Unknown,mediarates_dataset,,13.0,,0,Video,,162,61.0,32,,4.7827,Medium
Unknown,mediarates_dataset,,15.0,,1,Video,,18,12.0,10,,1.9387,Low
Unknown,mediarates_dataset,,13.0,,1,Text,,369,80.0,9,,4.4064,Medium
Unknown,mediarates_dataset,,6.0,,1,Text,,112,76.0,47,,0.8747,Low
Unknown,mediarates_dataset,,13.0,,1,Video,,487,59.0,42,,3.7605,Medium
Unknown,mediarates_dataset,,5.0,,0,Text,,326,89.0,37,,1.9018,Low
Unknown,mediarates_dataset,,14.0,,0,Image,,134,94.0,44,,2.4919,Low
Unknown,mediarates_dataset,,19.0,,1,Text,,66,53.0,23,,2.6837,Low
Unknown,mediarates_dataset,,7.0,,0,Image,,64,3.0,39,,4.0006,Medium
Unknown,mediarates_dataset,,1.0,,0,Video,,291,38.0,45,,2.2206,Low
Unknown,mediarates_dataset,,0.0,,1,Image,,36,24.0,16,,2.1929,Low
Unknown,mediarates_dataset,,4.0,,1,Image,,36,58.0,1,,4.1396,Medium
Unknown,mediarates_dataset,,19.0,,0,Image,,231,37.0,23,,2.8591,Low
Unknown,mediarates_dataset,,15.0,,0,Video,,135,91.0,8,,3.5183,Medium
Unknown,mediarates_dataset,,6.0,,0,Image,,388,52.0,3,,1.7125,Low
Unknown,mediarates_dataset,,6.0,,0,Video,,187,93.0,16,,2.6428,Low
Unknown,mediarates_dataset,,17.0,,1,Video,,127,66.0,16,,4.7004,Medium
Unknown,mediarates_dataset,,14.0,,1,Image,,256,97.0,29,,3.4147,Medium
Unknown,mediarates_dataset,,17.0,,1,Text,,34,21.0,10,,3.2815,Medium
Unknown,mediarates_dataset,,4.0,,1,Image,,103,71.0,17,,2.1174,Low
Unknown,mediarates_dataset,,10.0,,1,Video,,429,5.0,44,,2.3391,Low
Unknown,mediarates_dataset,,16.0,,0,Text,,258,30.0,8,,1.3547,Low
Unknown,mediarates_dataset,,18.0,,1,Image,,289,40.0,17,,4.2103,Medium
Unknown,mediarates_dataset,,17.0,,0,Image,,44,30.0,19,,2.6428,Low
Unknown,mediarates_dataset,,12.0,,0,Video,,60,84.0,46,,0.8289,Low
Unknown,mediarates_dataset,,13.0,,0,Video,,82,83.0,42,,1.7315,Low
Unknown,mediarates_dataset,,17.0,,1,Image,,65,44.0,14,,0.5331,Low
Unknown,mediarates_dataset,,15.0,,1,Video,,423,41.0,26,,2.8319,Low
Unknown,mediarates_dataset,,16.0,,0,Image,,144,48.0,14,,0.6689,Low
Unknown,mediarates_dataset,,6.0,,1,Text,,374,19.0,27,,3.0615,Medium
Unknown,mediarates_dataset,,9.0,,1,Image,,379,53.0,25,,2.9325,Low
Unknown,mediarates_dataset,,20.0,,0,Text,,357,96.0,24,,4.7526,Medium
Unknown,mediarates_dataset,,2.0,,1,Image,,187,0.0,25,,3.5312,Medium
Unknown,mediarates_dataset,,18.0,,0,Image,,321,14.0,25,,0.792,Low
Unknown,mediarates_dataset,,12.0,,0,Video,,449,76.0,45,,2.5958,Low
Unknown,mediarates_dataset,,5.0,,0,Text,,183,57.0,17,,2.6428,Low
Unknown,mediarates_dataset,,13.0,,1,Text,,110,71.0,31,,3.1197,Medium
Unknown,mediarates_dataset,,18.0,,0,Video,,294,45.0,32,,2.7667,Low
Unknown,mediarates_dataset,,17.0,,1,Image,,450,71.0,41,,4.2359,Medium
Unknown,mediarates_dataset,,2.0,,0,Text,,391,7.0,18,,3.4881,Medium
Unknown,mediarates_dataset,,19.0,,1,Image,,214,58.0,16,,2.0227,Low
Unknown,mediarates_dataset,,5.0,,0,Video,,461,89.0,43,,4.7099,Medium
Unknown,mediarates_dataset,,23.0,,1,Text,,54,38.0,48,,0.6774,Low
Unknown,mediarates_dataset,,2.0,,1,Image,,26,27.0,2,,3.8359,Medium
Unknown,mediarates_dataset,,11.0,,1,Image,,117,88.0,42,,4.2242,Medium
Unknown,mediarates_dataset,,18.0,,1,Image,,220,60.0,48,,4.8554,Medium
Unknown,mediarates_dataset,,3.0,,0,Video,,294,81.0,7,,2.8852,Low
Unknown,mediarates_dataset,,1.0,,1,Image,,400,29.0,6,,1.61,Low
Unknown,mediarates_dataset,,12.0,,1,Video,,232,12.0,45,,2.5683,Low
Unknown,mediarates_dataset,,1.0,,0,Text,,436,92.0,35,,3.0076,Medium
Unknown,mediarates_dataset,,21.0,,0,Text,,20,81.0,23,,1.759,Low
Unknown,mediarates_dataset,,23.0,,1,Image,,402,12.0,0,,3.0423,Medium
Unknown,mediarates_dataset,,15.0,,1,Video,,52,42.0,48,,0.8966,Low
Unknown,mediarates_dataset,,11.0,,1,Video,,274,84.0,24,,2.3615,Low
Unknown,mediarates_dataset,,8.0,,1,Text,,280,20.0,15,,3.6203,Medium
Unknown,mediarates_dataset,,17.0,,1,Image,,336,39.0,28,,2.7419,Low
Unknown,mediarates_dataset,,6.0,,1,Video,,22,14.0,27,,2.4827,Low
Unknown,mediarates_dataset,,14.0,,0,Image,,73,73.0,19,,2.6428,Low
Unknown,mediarates_dataset,,8.0,,1,Text,,9,94.0,15,,1.4158,Low
Unknown,mediarates_dataset,,22.0,,1,Text,,455,86.0,40,,2.6428,Low
Unknown,mediarates_dataset,,19.0,,0,Text,,53,51.0,13,,4.4987,Medium
Unknown,mediarates_dataset,,5.0,,0,Video,,159,56.0,25,,2.8044,Low
Unknown,mediarates_dataset,,4.0,,0,Image,,13,8.0,6,,0.715,Low
Unknown,mediarates_dataset,,8.0,,1,Text,,177,53.0,32,,2.085,Low
Unknown,mediarates_dataset,,22.0,,0,Video,,365,43.0,44,,2.2822,Low
Unknown,mediarates_dataset,,20.0,,0,Video,,52,74.0,2,,2.4116,Low
Unknown,mediarates_dataset,,4.0,,1,Text,,407,97.0,3,,2.235,Low
Unknown,mediarates_dataset,,10.0,,0,Image,,334,79.0,25,,4.6194,Medium
Unknown,mediarates_dataset,,12.0,,1,Image,,190,14.0,13,,4.9477,Medium
Unknown,mediarates_dataset,,17.0,,0,Text,,58,77.0,48,,1.6802,Low
Unknown,mediarates_dataset,,17.0,,0,Text,,11,26.0,32,,3.9508,Medium
Unknown,mediarates_dataset,,9.0,,0,Image,,118,61.0,12,,1.7073,Low
Unknown,mediarates_dataset,,17.0,,0,Text,,461,64.0,23,,3.7465,Medium
Unknown,mediarates_dataset,,13.0,,0,Text,,337,61.0,43,,2.6428,Low
Unknown,mediarates_dataset,,15.0,,1,Image,,353,42.0,20,,3.9859,Medium
Unknown,mediarates_dataset,,17.0,,0,Video,,74,16.0,47,,2.9872,Low
Unknown,mediarates_dataset,,15.0,,0,Image,,203,31.0,39,,1.0676,Low
Unknown,mediarates_dataset,,12.0,,0,Image,,48,92.0,1,,2.8829,Low
Unknown,mediarates_dataset,,19.0,,1,Text,,78,84.0,41,,1.7099,Low
Unknown,mediarates_dataset,,22.0,,0,Image,,348,55.0,12,,3.1787,Medium
Unknown,mediarates_dataset,,0.0,,1,Image,,273,85.0,16,,4.8597,Medium
Unknown,mediarates_dataset,,5.0,,1,Text,,95,49.0,47,,2.679,Low
Unknown,mediarates_dataset,,2.0,,1,Text,,213,36.0,1,,0.7862,Low
Unknown,mediarates_dataset,,3.0,,1,Video,,208,53.0,19,,4.2849,Medium
Unknown,mediarates_dataset,,2.0,,0,Video,,305,98.0,11,,1.9413,Low
Unknown,mediarates_dataset,,7.0,,0,Video,,424,87.0,1,,1.3606,Low
Unknown,mediarates_dataset,,6.0,,1,Text,,389,48.0,35,,3.2694,Medium
Unknown,mediarates_dataset,,20.0,,1,Text,,427,65.0,15,,0.6849,Low
Unknown,mediarates_dataset,,5.0,,1,Video,,376,62.0,18,,2.0628,Low
Unknown,mediarates_dataset,,15.0,,0,Video,,319,82.0,33,,2.6428,Low
Unknown,mediarates_dataset,,9.0,,1,Text,,120,18.0,12,,4.1516,Medium
Unknown,mediarates_dataset,,20.0,,0,Image,,64,55.0,35,,0.7491,Low
Unknown,mediarates_dataset,,10.0,,0,Image,,427,85.0,6,,4.2075,Medium
Unknown,mediarates_dataset,,1.0,,0,Video,,99,48.0,47,,4.8602,Medium
Unknown,mediarates_dataset,,2.0,,1,Image,,337,42.0,18,,3.7128,Medium
Unknown,mediarates_dataset,,10.0,,0,Video,,398,35.0,5,,4.661,Medium
Unknown,mediarates_dataset,,17.0,,1,Video,,306,57.0,19,,2.8271,Low
Unknown,mediarates_dataset,,14.0,,0,Image,,82,51.0,42,,2.8768,Low
Unknown,mediarates_dataset,,10.0,,1,Image,,197,31.0,47,,3.1662,Medium
Unknown,mediarates_dataset,,18.0,,0,Image,,459,59.0,10,,0.5452,Low
Unknown,mediarates_dataset,,4.0,,1,Video,,420,57.0,2,,2.711,Low
Unknown,mediarates_dataset,,9.0,,1,Video,,185,55.0,22,,2.2262,Low
Unknown,mediarates_dataset,,13.0,,0,Image,,470,27.0,36,,2.4097,Low
Unknown,mediarates_dataset,,1.0,,1,Text,,416,81.0,2,,1.8452,Low
Unknown,mediarates_dataset,,17.0,,0,Video,,315,47.0,28,,2.6428,Low
Unknown,mediarates_dataset,,18.0,,0,Text,,216,96.0,16,,4.8471,Medium
Unknown,mediarates_dataset,,4.0,,1,Text,,119,62.0,25,,1.0879,Low
Unknown,mediarates_dataset,,19.0,,0,Text,,438,75.0,20,,2.1733,Low
Unknown,mediarates_dataset,,10.0,,1,Image,,174,87.0,20,,1.498,Low
Unknown,mediarates_dataset,,17.0,,0,Text,,22,79.0,10,,4.0121,Medium
Unknown,mediarates_dataset,,22.0,,1,Video,,404,37.0,7,,0.8603,Low
Unknown,mediarates_dataset,,9.0,,1,Text,,234,26.0,41,,2.635,Low
Unknown,mediarates_dataset,,21.0,,0,Video,,12,8.0,23,,0.5449,Low
Unknown,mediarates_dataset,,22.0,,1,Image,,100,15.0,34,,0.8814,Low
Unknown,mediarates_dataset,,21.0,,0,Video,,23,75.0,13,,2.6428,Low
Unknown,mediarates_dataset,,10.0,,0,Video,,363,30.0,9,,4.6181,Medium
Unknown,mediarates_dataset,,18.0,,0,Image,,10,87.0,11,,4.3453,Medium
Unknown,mediarates_dataset,,16.0,,1,Text,,272,13.0,37,,3.5743,Medium
Unknown,mediarates_dataset,,23.0,,1,Text,,451,24.0,43,,0.7355,Low
Unknown,mediarates_dataset,,13.0,,1,Video,,93,23.0,40,,4.0959,Medium
Unknown,mediarates_dataset,,19.0,,0,Text,,200,72.0,9,,2.7882,Low
Unknown,mediarates_dataset,,5.0,,1,Text,,210,9.0,30,,4.9134,Medium
Unknown,mediarates_dataset,,8.0,,0,Text,,139,82.0,0,,1.2006,Low
Unknown,mediarates_dataset,,20.0,,0,Image,,292,66.0,11,,1.5155,Low
Unknown,mediarates_dataset,,11.0,,0,Text,,297,23.0,38,,1.4531,Low
Unknown,mediarates_dataset,,7.0,,1,Image,,400,4.0,3,,4.0664,Medium
Unknown,mediarates_dataset,,23.0,,0,Text,,100,66.0,41,,1.3411,Low
Unknown,mediarates_dataset,,5.0,,0,Text,,27,79.0,41,,0.6117,Low
Unknown,mediarates_dataset,,4.0,,0,Text,,40,14.0,20,,4.2586,Medium
Unknown,mediarates_dataset,,18.0,,1,Text,,354,34.0,21,,2.1442,Low
Unknown,mediarates_dataset,,8.0,,0,Video,,461,46.0,1,,0.5409,Low
Unknown,mediarates_dataset,,14.0,,1,Video,,360,94.0,9,,3.5119,Medium
Unknown,mediarates_dataset,,18.0,,1,Text,,379,49.0,33,,4.4972,Medium
Unknown,mediarates_dataset,,14.0,,1,Text,,454,83.0,5,,2.5697,Low
Unknown,mediarates_dataset,,18.0,,1,Text,,12,86.0,10,,2.6428,Low
Unknown,mediarates_dataset,,9.0,,0,Text,,30,0.0,10,,0.8875,Low
Unknown,mediarates_dataset,,18.0,,1,Video,,385,88.0,35,,3.0161,Medium
Unknown,mediarates_dataset,,14.0,,0,Text,,136,29.0,20,,1.15,Low
Unknown,mediarates_dataset,,22.0,,0,Video,,458,88.0,7,,2.8482,Low
Unknown,mediarates_dataset,,2.0,,0,Image,,309,83.0,35,,3.1354,Medium
Unknown,mediarates_dataset,,17.0,,0,Image,,469,85.0,41,,3.9245,Medium
Unknown,mediarates_dataset,,19.0,,1,Video,,99,61.0,13,,2.1483,Low
Unknown,mediarates_dataset,,14.0,,0,Video,,172,14.0,20,,4.7983,Medium
Unknown,mediarates_dataset,,6.0,,0,Video,,236,51.0,21,,1.5807,Low
Unknown,mediarates_dataset,,20.0,,0,Video,,392,45.0,43,,1.3272,Low
Unknown,mediarates_dataset,,22.0,,0,Text,,215,24.0,49,,3.0962,Medium
Unknown,mediarates_dataset,,12.0,,1,Text,,291,4.0,19,,3.6366,Medium
Unknown,mediarates_dataset,,14.0,,0,Text,,273,69.0,23,,3.0205,Medium
Unknown,mediarates_dataset,,20.0,,1,Image,,309,85.0,21,,4.6402,Medium
Unknown,mediarates_dataset,,1.0,,0,Image,,437,22.0,43,,1.7181,Low
Unknown,mediarates_dataset,,3.0,,1,Text,,64,63.0,9,,2.1672,Low
Unknown,mediarates_dataset,,14.0,,0,Text,,20,39.0,16,,4.4677,Medium
Unknown,mediarates_dataset,,5.0,,1,Video,,234,88.0,37,,3.828,Medium
Unknown,mediarates_dataset,,11.0,,1,Image,,312,74.0,7,,2.3464,Low
Unknown,mediarates_dataset,,6.0,,0,Video,,117,63.0,5,,0.7212,Low
Unknown,mediarates_dataset,,18.0,,1,Video,,53,4.0,20,,1.3598,Low
Unknown,mediarates_dataset,,12.0,,0,Text,,137,52.0,38,,4.0573,Medium
Unknown,mediarates_dataset,,11.0,,0,Text,,52,54.0,23,,2.5428,Low
Unknown,mediarates_dataset,,11.0,,1,Image,,43,36.0,32,,1.8575,Low
Unknown,mediarates_dataset,,21.0,,1,Video,,302,55.0,17,,2.2281,Low
Unknown,mediarates_dataset,,12.0,,0,Video,,52,58.0,27,,4.3448,Medium
Unknown,mediarates_dataset,,13.0,,1,Text,,73,92.0,31,,3.8705,Medium
Unknown,mediarates_dataset,,21.0,,0,Image,,45,68.0,11,,2.6428,Low
Unknown,mediarates_dataset,,11.0,,1,Image,,101,1.0,26,,4.6434,Medium
Unknown,mediarates_dataset,,19.0,,0,Video,,469,50.0,41,,3.1838,Medium
Unknown,mediarates_dataset,,23.0,,0,Image,,336,29.0,31,,2.1471,Low
Unknown,mediarates_dataset,,1.0,,1,Text,,397,91.0,25,,2.8548,Low
Unknown,mediarates_dataset,,6.0,,0,Text,,137,75.0,24,,1.0254,Low
Unknown,mediarates_dataset,,8.0,,0,Image,,162,38.0,10,,1.0808,Low
Unknown,mediarates_dataset,,4.0,,1,Image,,386,76.0,33,,4.7146,Medium
Unknown,mediarates_dataset,,21.0,,0,Video,,101,62.0,22,,4.4129,Medium
Unknown,mediarates_dataset,,14.0,,0,Text,,16,63.0,28,,3.9384,Medium
Unknown,mediarates_dataset,,0.0,,0,Text,,181,53.0,6,,0.6635,Low
Unknown,mediarates_dataset,,0.0,,0,Image,,28,72.0,20,,1.3985,Low
Unknown,mediarates_dataset,,4.0,,1,Text,,170,94.0,1,,2.1707,Low
Unknown,mediarates_dataset,,9.0,,0,Text,,377,55.0,32,,1.0095,Low
Unknown,mediarates_dataset,,3.0,,0,Text,,187,33.0,36,,2.3286,Low
Unknown,mediarates_dataset,,0.0,,1,Image,,345,30.0,33,,2.6828,Low
Unknown,mediarates_dataset,,22.0,,1,Text,,229,51.0,19,,2.9337,Low
Unknown,mediarates_dataset,,7.0,,1,Image,,320,88.0,34,,4.1826,Medium
Unknown,mediarates_dataset,,6.0,,1,Video,,174,39.0,7,,3.6479,Medium
Unknown,mediarates_dataset,,5.0,,1,Image,,103,64.0,43,,1.1228,Low
Unknown,mediarates_dataset,,21.0,,0,Text,,91,62.0,9,,3.4959,Medium
Unknown,mediarates_dataset,,14.0,,1,Video,,185,53.0,22,,2.861,Low
Unknown,mediarates_dataset,,4.0,,1,Text,,459,41.0,48,,3.3772,Medium
Unknown,mediarates_dataset,,14.0,,1,Video,,282,20.0,10,,2.021,Low
Unknown,mediarates_dataset,,17.0,,0,Text,,169,80.0,25,,3.1432,Medium
Unknown,mediarates_dataset,,20.0,,0,Image,,186,21.0,35,,0.8843,Low
Unknown,mediarates_dataset,,20.0,,1,Video,,174,37.0,32,,2.5241,Low
Unknown,mediarates_dataset,,5.0,,0,Text,,232,79.0,12,,2.6428,Low
Unknown,mediarates_dataset,,1.0,,0,Image,,161,7.0,39,,2.7257,Low
Unknown,mediarates_dataset,,16.0,,1,Video,,420,61.0,24,,2.6428,Low
Unknown,mediarates_dataset,,3.0,,1,Text,,390,16.0,41,,2.3477,Low
Unknown,mediarates_dataset,,1.0,,1,Image,,152,12.0,36,,3.5857,Medium
Unknown,mediarates_dataset,,14.0,,0,Text,,441,80.0,22,,4.3925,Medium
Unknown,mediarates_dataset,,19.0,,1,Video,,6,77.0,15,,1.9428,Low
Unknown,mediarates_dataset,,1.0,,0,Image,,243,44.0,0,,1.3025,Low
Unknown,mediarates_dataset,,3.0,,0,Image,,312,5.0,11,,1.5772,Low
Unknown,mediarates_dataset,,6.0,,0,Image,,15,71.0,7,,1.9426,Low
Unknown,mediarates_dataset,,12.0,,1,Image,,207,60.0,17,,1.1074,Low
Unknown,mediarates_dataset,,11.0,,0,Image,,42,14.0,47,,1.8328,Low
Unknown,mediarates_dataset,,12.0,,1,Text,,483,26.0,25,,2.4883,Low
Unknown,mediarates_dataset,,12.0,,0,Text,,306,5.0,2,,1.994,Low
Unknown,mediarates_dataset,,22.0,,1,Text,,456,68.0,25,,3.85,Medium
Unknown,mediarates_dataset,,21.0,,1,Text,,159,85.0,39,,1.1839,Low
Unknown,mediarates_dataset,,7.0,,1,Text,,224,22.0,10,,4.1347,Medium
Unknown,mediarates_dataset,,22.0,,0,Image,,44,46.0,12,,4.3644,Medium
Unknown,mediarates_dataset,,7.0,,0,Image,,213,4.0,36,,3.352,Medium
Unknown,mediarates_dataset,,16.0,,1,Video,,58,89.0,21,,1.6394,Low
Unknown,mediarates_dataset,,6.0,,1,Video,,103,5.0,1,,2.8741,Low
Unknown,mediarates_dataset,,8.0,,1,Text,,194,69.0,36,,2.6428,Low
Unknown,mediarates_dataset,,11.0,,0,Image,,412,58.0,6,,1.5493,Low
Unknown,mediarates_dataset,,18.0,,1,Text,,204,77.0,22,,2.0827,Low
Unknown,mediarates_dataset,,23.0,,0,Video,,78,12.0,39,,2.9457,Low
Unknown,mediarates_dataset,,7.0,,0,Text,,427,14.0,14,,1.48,Low
Unknown,mediarates_dataset,,19.0,,1,Image,,118,18.0,12,,2.0999,Low
Unknown,mediarates_dataset,,23.0,,0,Video,,132,19.0,40,,4.1399,Medium
Unknown,mediarates_dataset,,5.0,,0,Video,,467,31.0,14,,3.8543,Medium
Unknown,mediarates_dataset,,14.0,,1,Text,,330,43.0,6,,1.8625,Low
Unknown,mediarates_dataset,,10.0,,0,Text,,287,60.0,27,,2.6428,Low
Unknown,mediarates_dataset,,2.0,,1,Image,,27,16.0,31,,4.6846,Medium
Unknown,mediarates_dataset,,0.0,,1,Video,,16,64.0,47,,4.5647,Medium
Unknown,mediarates_dataset,,15.0,,0,Text,,89,31.0,20,,1.5444,Low
Unknown,mediarates_dataset,,2.0,,1,Text,,440,57.0,10,,2.368,Low
Unknown,mediarates_dataset,,4.0,,0,Video,,25,13.0,43,,0.902,Low
Unknown,mediarates_dataset,,11.0,,0,Image,,393,78.0,36,,1.5383,Low
Unknown,mediarates_dataset,,23.0,,1,Text,,338,39.0,28,,3.9752,Medium
Unknown,mediarates_dataset,,15.0,,1,Text,,460,79.0,47,,4.2241,Medium
Unknown,mediarates_dataset,,12.0,,1,Text,,180,91.0,44,,2.4245,Low
Unknown,mediarates_dataset,,4.0,,1,Text,,455,15.0,44,,3.1823,Medium
Unknown,mediarates_dataset,,23.0,,0,Image,,359,61.0,48,,0.9034,Low
Unknown,mediarates_dataset,,3.0,,0,Image,,67,3.0,26,,2.0181,Low
Unknown,mediarates_dataset,,20.0,,0,Video,,494,44.0,38,,0.9037,Low
Unknown,mediarates_dataset,,18.0,,0,Image,,458,95.0,22,,2.5683,Low
Unknown,mediarates_dataset,,18.0,,0,Image,,320,30.0,29,,4.7005,Medium
Unknown,mediarates_dataset,,8.0,,0,Image,,215,42.0,41,,0.5172,Low
Unknown,mediarates_dataset,,5.0,,0,Video,,46,65.0,25,,2.6428,Low
Unknown,mediarates_dataset,,21.0,,0,Image,,488,70.0,47,,4.3783,Medium
Unknown,mediarates_dataset,,1.0,,0,Image,,173,56.0,32,,2.647,Low
Unknown,mediarates_dataset,,10.0,,0,Image,,281,98.0,8,,3.5563,Medium
Unknown,mediarates_dataset,,23.0,,0,Image,,247,97.0,33,,0.5064,Low
Unknown,mediarates_dataset,,9.0,,1,Image,,53,42.0,12,,2.5231,Low
Unknown,mediarates_dataset,,22.0,,0,Text,,421,68.0,44,,4.9964,Medium
Unknown,mediarates_dataset,,13.0,,0,Video,,225,5.0,13,,1.762,Low
Unknown,mediarates_dataset,,4.0,,0,Video,,14,55.0,10,,1.2189,Low
Unknown,mediarates_dataset,,1.0,,1,Text,,121,22.0,3,,4.0678,Medium
Unknown,mediarates_dataset,,8.0,,1,Image,,276,5.0,32,,4.5759,Medium
Unknown,mediarates_dataset,,21.0,,1,Video,,389,14.0,7,,4.4658,Medium
Unknown,mediarates_dataset,,6.0,,1,Video,,293,39.0,36,,1.9771,Low
Unknown,mediarates_dataset,,8.0,,0,Image,,61,95.0,9,,1.0078,Low
Unknown,mediarates_dataset,,10.0,,0,Image,,77,5.0,14,,2.4342,Low
Unknown,mediarates_dataset,,11.0,,1,Image,,201,62.0,4,,1.7927,Low
Unknown,mediarates_dataset,,17.0,,1,Video,,396,10.0,18,,2.5404,Low
Unknown,mediarates_dataset,,18.0,,1,Video,,222,42.0,9,,4.9518,Medium
Unknown,mediarates_dataset,,15.0,,0,Video,,221,16.0,11,,0.7464,Low
Unknown,mediarates_dataset,,14.0,,0,Video,,2,95.0,3,,2.0976,Low
Unknown,mediarates_dataset,,4.0,,1,Image,,477,3.0,30,,2.6686,Low
Unknown,mediarates_dataset,,16.0,,1,Video,,234,4.0,22,,4.1229,Medium
Unknown,mediarates_dataset,,3.0,,0,Image,,107,31.0,11,,4.3276,Medium
Unknown,mediarates_dataset,,15.0,,1,Video,,160,85.0,33,,2.9775,Low
Unknown,mediarates_dataset,,14.0,,0,Text,,239,34.0,36,,1.8658,Low
Unknown,mediarates_dataset,,13.0,,0,Text,,330,21.0,2,,2.2932,Low
Unknown,mediarates_dataset,,11.0,,0,Image,,332,64.0,8,,1.9261,Low
Unknown,mediarates_dataset,,9.0,,0,Image,,10,21.0,42,,1.7851,Low
Unknown,mediarates_dataset,,7.0,,1,Text,,350,10.0,34,,4.8273,Medium
Unknown,mediarates_dataset,,13.0,,0,Image,,69,8.0,13,,2.8707,Low
Unknown,mediarates_dataset,,20.0,,0,Image,,271,75.0,28,,0.9974,Low
Unknown,mediarates_dataset,,15.0,,1,Image,,354,13.0,44,,2.5896,Low
Unknown,mediarates_dataset,,14.0,,0,Video,,251,96.0,49,,2.4496,Low
Unknown,mediarates_dataset,,22.0,,1,Text,,89,82.0,11,,1.9241,Low
Unknown,mediarates_dataset,,9.0,,1,Video,,331,68.0,33,,0.7343,Low
Unknown,mediarates_dataset,,13.0,,0,Video,,138,46.0,41,,0.5577,Low
Unknown,mediarates_dataset,,9.0,,1,Video,,356,86.0,0,,4.0799,Medium
Unknown,mediarates_dataset,,19.0,,0,Text,,273,24.0,31,,1.089,Low
Unknown,mediarates_dataset,,10.0,,1,Video,,18,27.0,25,,2.6428,Low
Unknown,mediarates_dataset,,15.0,,0,Video,,310,24.0,47,,4.3678,Medium
Unknown,mediarates_dataset,,8.0,,1,Text,,357,73.0,26,,3.694,Medium
Unknown,mediarates_dataset,,14.0,,1,Image,,373,77.0,23,,2.67,Low
Unknown,mediarates_dataset,,18.0,,1,Image,,153,93.0,45,,4.8886,Medium
Unknown,mediarates_dataset,,8.0,,0,Video,,389,40.0,41,,4.846,Medium
Unknown,mediarates_dataset,,3.0,,1,Video,,259,24.0,38,,1.4687,Low
Unknown,mediarates_dataset,,7.0,,0,Image,,58,97.0,22,,3.5424,Medium
Unknown,mediarates_dataset,,23.0,,1,Text,,124,9.0,21,,2.3225,Low
Unknown,mediarates_dataset,,7.0,,0,Image,,353,98.0,3,,4.6919,Medium
Unknown,mediarates_dataset,,18.0,,0,Text,,272,74.0,48,,0.9005,Low
Unknown,mediarates_dataset,,14.0,,1,Image,,106,10.0,8,,2.8019,Low
Unknown,mediarates_dataset,,21.0,,1,Text,,244,20.0,6,,2.6428,Low
Unknown,mediarates_dataset,,22.0,,1,Text,,335,85.0,22,,1.2044,Low
Unknown,mediarates_dataset,,15.0,,1,Image,,246,80.0,23,,1.2173,Low
Unknown,mediarates_dataset,,0.0,,0,Text,,7,75.0,30,,1.0452,Low
Unknown,mediarates_dataset,,14.0,,1,Text,,351,81.0,39,,4.5925,Medium
Unknown,mediarates_dataset,,20.0,,0,Text,,494,74.0,42,,2.3733,Low
Unknown,mediarates_dataset,,10.0,,1,Video,,93,15.0,33,,2.5198,Low
Unknown,mediarates_dataset,,4.0,,0,Text,,320,17.0,23,,3.1955,Medium
Unknown,mediarates_dataset,,17.0,,0,Video,,186,15.0,46,,4.5878,Medium
Unknown,mediarates_dataset,,4.0,,1,Text,,241,46.0,26,,1.9715,Low
Unknown,mediarates_dataset,,21.0,,1,Text,,92,41.0,15,,1.7384,Low
Unknown,mediarates_dataset,,13.0,,0,Video,,43,59.0,43,,3.3525,Medium
Unknown,mediarates_dataset,,4.0,,0,Text,,136,76.0,29,,0.8236,Low
Unknown,mediarates_dataset,,23.0,,0,Video,,73,1.0,2,,4.8099,Medium
Unknown,mediarates_dataset,,19.0,,0,Video,,425,78.0,49,,1.3084,Low
Unknown,mediarates_dataset,,17.0,,1,Image,,254,71.0,48,,3.1013,Medium
Unknown,mediarates_dataset,,1.0,,0,Image,,170,6.0,11,,4.8109,Medium
Unknown,mediarates_dataset,,22.0,,0,Image,,169,62.0,30,,3.29,Medium
Unknown,mediarates_dataset,,12.0,,0,Video,,251,11.0,43,,2.031,Low
Unknown,mediarates_dataset,,20.0,,1,Video,,455,62.0,14,,1.36,Low
Unknown,mediarates_dataset,,7.0,,0,Image,,90,35.0,27,,2.6428,Low
Unknown,mediarates_dataset,,16.0,,1,Video,,100,7.0,36,,1.4265,Low
Unknown,mediarates_dataset,,22.0,,1,Image,,376,89.0,14,,2.5947,Low
Unknown,mediarates_dataset,,5.0,,0,Image,,348,79.0,16,,4.7444,Medium
Unknown,mediarates_dataset,,7.0,,1,Image,,450,35.0,49,,4.6928,Medium
Unknown,mediarates_dataset,,12.0,,0,Video,,140,92.0,12,,2.112,Low
Unknown,mediarates_dataset,,7.0,,0,Video,,172,46.0,18,,1.1723,Low
Unknown,mediarates_dataset,,5.0,,0,Video,,227,29.0,44,,2.5726,Low
Unknown,mediarates_dataset,,22.0,,1,Text,,264,22.0,17,,4.5534,Medium
Unknown,mediarates_dataset,,9.0,,0,Video,,247,13.0,35,,2.2261,Low
Unknown,mediarates_dataset,,0.0,,1,Text,,154,70.0,19,,4.5331,Medium
Unknown,mediarates_dataset,,12.0,,0,Image,,498,36.0,44,,2.6428,Low
Unknown,mediarates_dataset,,2.0,,0,Image,,128,28.0,43,,1.9403,Low
Unknown,mediarates_dataset,,18.0,,0,Image,,159,66.0,6,,2.398,Low
Unknown,mediarates_dataset,,4.0,,0,Text,,92,99.0,3,,1.3981,Low
Unknown,mediarates_dataset,,10.0,,0,Text,,326,46.0,33,,0.67,Low
Unknown,mediarates_dataset,,5.0,,0,Text,,403,76.0,31,,1.5394,Low
Unknown,mediarates_dataset,,2.0,,1,Text,,116,20.0,41,,4.1086,Medium
Unknown,mediarates_dataset,,4.0,,0,Image,,93,63.0,40,,4.3317,Medium
Unknown,mediarates_dataset,,12.0,,1,Image,,112,54.0,4,,4.9003,Medium
Unknown,mediarates_dataset,,5.0,,0,Image,,358,28.0,9,,1.4025,Low
Unknown,mediarates_dataset,,13.0,,0,Image,,16,62.0,20,,2.2071,Low
Unknown,mediarates_dataset,,14.0,,0,Image,,467,15.0,38,,0.7181,Low
Unknown,mediarates_dataset,,20.0,,0,Video,,90,68.0,20,,3.0465,Medium
Unknown,mediarates_dataset,,16.0,,1,Text,,81,53.0,29,,3.27,Medium
Unknown,mediarates_dataset,,6.0,,1,Text,,113,44.0,8,,3.4212,Medium
Unknown,mediarates_dataset,,0.0,,0,Text,,57,86.0,4,,2.6428,Low
Unknown,mediarates_dataset,,4.0,,1,Text,,364,12.0,39,,0.9208,Low
Unknown,mediarates_dataset,,18.0,,1,Image,,403,42.0,37,,2.422,Low
Unknown,mediarates_dataset,,7.0,,1,Image,,115,61.0,42,,1.0794,Low
Unknown,mediarates_dataset,,18.0,,1,Image,,265,99.0,35,,2.6383,Low
Unknown,mediarates_dataset,,11.0,,1,Video,,314,21.0,49,,1.9277,Low
Unknown,mediarates_dataset,,3.0,,1,Image,,104,35.0,13,,1.8952,Low
Unknown,mediarates_dataset,,22.0,,1,Video,,388,72.0,32,,4.1539,Medium
Unknown,mediarates_dataset,,12.0,,0,Text,,192,37.0,42,,3.5285,Medium
Unknown,mediarates_dataset,,15.0,,1,Video,,236,19.0,9,,1.1143,Low
Unknown,mediarates_dataset,,14.0,,1,Video,,220,31.0,5,,4.4712,Medium
Unknown,mediarates_dataset,,12.0,,1,Image,,67,3.0,0,,0.5905,Low
Unknown,mediarates_dataset,,22.0,,0,Image,,434,86.0,15,,4.1873,Medium
Unknown,mediarates_dataset,,22.0,,1,Text,,148,74.0,45,,2.1192,Low
Unknown,mediarates_dataset,,22.0,,1,Image,,75,21.0,19,,3.5479,Medium
Unknown,mediarates_dataset,,14.0,,1,Image,,370,67.0,24,,4.8019,Medium
Unknown,mediarates_dataset,,2.0,,0,Text,,402,92.0,27,,2.891,Low
Unknown,mediarates_dataset,,6.0,,1,Image,,108,43.0,4,,2.2987,Low
Unknown,mediarates_dataset,,13.0,,1,Video,,198,76.0,17,,3.3895,Medium
Unknown,mediarates_dataset,,17.0,,0,Image,,302,41.0,46,,1.8417,Low
Unknown,mediarates_dataset,,18.0,,1,Video,,326,8.0,5,,1.0691,Low
Unknown,mediarates_dataset,,13.0,,1,Text,,153,94.0,28,,4.2915,Medium
Unknown,mediarates_dataset,,5.0,,1,Image,,132,67.0,32,,3.4721,Medium
Unknown,mediarates_dataset,,19.0,,0,Video,,131,30.0,2,,3.2076,Medium
Unknown,mediarates_dataset,,17.0,,0,Text,,278,34.0,41,,0.7731,Low
Unknown,mediarates_dataset,,21.0,,0,Image,,241,30.0,39,,3.869,Medium
Unknown,mediarates_dataset,,18.0,,0,Image,,115,82.0,2,,2.6428,Low
Unknown,mediarates_dataset,,1.0,,0,Video,,40,65.0,44,,2.9147,Low
Unknown,mediarates_dataset,,7.0,,1,Video,,367,58.0,19,,4.7067,Medium
Unknown,mediarates_dataset,,10.0,,1,Video,,111,1.0,44,,4.2914,Medium
Unknown,mediarates_dataset,,22.0,,1,Text,,45,59.0,20,,2.4325,Low
Unknown,mediarates_dataset,,8.0,,1,Image,,493,16.0,22,,1.2082,Low
Unknown,mediarates_dataset,,8.0,,1,Image,,474,95.0,5,,0.6398,Low
Unknown,mediarates_dataset,,16.0,,1,Text,,323,15.0,12,,4.7611,Medium
Unknown,mediarates_dataset,,6.0,,0,Video,,377,15.0,48,,1.5832,Low
Unknown,mediarates_dataset,,8.0,,0,Image,,270,45.0,22,,1.5798,Low
Unknown,mediarates_dataset,,21.0,,0,Image,,482,38.0,8,,0.8752,Low
Unknown,mediarates_dataset,,0.0,,1,Text,,420,30.0,16,,4.6783,Medium
Unknown,mediarates_dataset,,3.0,,0,Text,,279,84.0,6,,2.0553,Low
Unknown,mediarates_dataset,,1.0,,1,Text,,282,3.0,41,,3.2968,Medium
Unknown,mediarates_dataset,,7.0,,0,Text,,39,70.0,41,,0.6746,Low
Unknown,mediarates_dataset,,7.0,,1,Image,,23,74.0,35,,0.5011,Low
Unknown,mediarates_dataset,,20.0,,0,Text,,3,95.0,16,,1.437,Low
Unknown,mediarates_dataset,,4.0,,0,Image,,440,91.0,17,,1.7585,Low
Unknown,mediarates_dataset,,15.0,,1,Image,,432,52.0,6,,1.3618,Low
Unknown,mediarates_dataset,,7.0,,1,Text,,470,70.0,16,,2.7692,Low
Unknown,mediarates_dataset,,8.0,,0,Image,,115,3.0,39,,0.8534,Low
Unknown,mediarates_dataset,,2.0,,0,Video,,364,25.0,3,,3.8644,Medium
Unknown,mediarates_dataset,,20.0,,1,Video,,180,42.0,29,,4.067,Medium
Unknown,mediarates_dataset,,7.0,,1,Text,,168,66.0,3,,2.72,Low
Unknown,mediarates_dataset,,1.0,,1,Image,,312,11.0,23,,0.6803,Low
Unknown,mediarates_dataset,,16.0,,0,Image,,248,66.0,28,,4.9294,Medium
Unknown,mediarates_dataset,,17.0,,1,Video,,187,26.0,8,,2.2257,Low
Unknown,mediarates_dataset,,4.0,,1,Text,,53,53.0,3,,1.185,Low
Unknown,mediarates_dataset,,8.0,,0,Text,,325,65.0,23,,3.5002,Medium
Unknown,mediarates_dataset,,8.0,,1,Text,,356,48.0,13,,1.7793,Low
Unknown,mediarates_dataset,,1.0,,0,Video,,312,15.0,4,,3.136,Medium
Unknown,mediarates_dataset,,1.0,,1,Video,,137,1.0,17,,3.1405,Medium
Unknown,mediarates_dataset,,22.0,,0,Image,,390,53.0,18,,4.2625,Medium
Unknown,mediarates_dataset,,16.0,,1,Text,,421,83.0,17,,2.5188,Low
Unknown,mediarates_dataset,,15.0,,1,Video,,341,41.0,16,,4.6969,Medium
Unknown,mediarates_dataset,,3.0,,1,Text,,302,39.0,0,,2.6428,Low
Unknown,mediarates_dataset,,0.0,,0,Image,,451,96.0,14,,3.7828,Medium
Unknown,mediarates_dataset,,16.0,,1,Text,,475,76.0,31,,0.5915,Low
Unknown,mediarates_dataset,,17.0,,1,Video,,331,41.0,8,,1.4233,Low
Unknown,mediarates_dataset,,7.0,,0,Video,,37,46.0,14,,2.6919,Low
Unknown,mediarates_dataset,,17.0,,0,Text,,419,79.0,23,,2.8726,Low
Unknown,mediarates_dataset,,11.0,,0,Image,,305,33.0,19,,4.5483,Medium
Unknown,mediarates_dataset,,18.0,,1,Video,,356,88.0,48,,2.841,Low
Unknown,mediarates_dataset,,0.0,,1,Video,,24,65.0,44,,3.5469,Medium
Unknown,mediarates_dataset,,2.0,,0,Image,,111,11.0,0,,4.0033,Medium
Unknown,mediarates_dataset,,11.0,,0,Image,,410,39.0,9,,1.0896,Low
Unknown,mediarates_dataset,,8.0,,1,Video,,434,72.0,46,,3.2043,Medium
Unknown,mediarates_dataset,,20.0,,1,Video,,205,75.0,31,,0.6543,Low
Unknown,mediarates_dataset,,21.0,,1,Video,,184,89.0,38,,2.739,Low
Unknown,mediarates_dataset,,0.0,,1,Video,,495,9.0,17,,1.3232,Low
Unknown,mediarates_dataset,,16.0,,0,Text,,46,97.0,45,,2.446,Low
Unknown,mediarates_dataset,,3.0,,0,Text,,373,47.0,31,,3.3043,Medium
Unknown,mediarates_dataset,,18.0,,0,Video,,38,38.0,27,,2.7666,Low
Unknown,mediarates_dataset,,7.0,,1,Video,,15,59.0,17,,1.3218,Low
Unknown,mediarates_dataset,,22.0,,0,Text,,21,65.0,38,,3.0829,Medium
Unknown,mediarates_dataset,,14.0,,1,Image,,212,64.0,48,,3.3683,Medium
Unknown,mediarates_dataset,,6.0,,1,Text,,309,50.0,28,,2.6428,Low
Unknown,mediarates_dataset,,14.0,,0,Text,,148,35.0,17,,3.8223,Medium
Unknown,mediarates_dataset,,7.0,,1,Text,,455,23.0,43,,2.6428,Low
Unknown,mediarates_dataset,,9.0,,0,Video,,271,1.0,30,,2.4475,Low
Unknown,mediarates_dataset,,2.0,,0,Video,,254,27.0,45,,0.9092,Low
Unknown,mediarates_dataset,,14.0,,1,Image,,253,83.0,7,,4.6545,Medium
Unknown,mediarates_dataset,,5.0,,1,Text,,8,23.0,34,,3.6018,Medium
Unknown,mediarates_dataset,,13.0,,0,Image,,138,9.0,4,,2.1053,Low
Unknown,mediarates_dataset,,20.0,,0,Video,,213,87.0,29,,0.6965,Low
Unknown,mediarates_dataset,,17.0,,0,Text,,47,57.0,19,,0.5412,Low
Unknown,mediarates_dataset,,5.0,,0,Text,,110,21.0,27,,4.8156,Medium
Unknown,mediarates_dataset,,4.0,,1,Image,,404,44.0,42,,0.8015,Low
Unknown,mediarates_dataset,,11.0,,0,Video,,356,35.0,13,,0.6269,Low
Unknown,mediarates_dataset,,19.0,,0,Video,,101,21.0,21,,1.6014,Low
Unknown,mediarates_dataset,,13.0,,0,Image,,190,60.0,47,,3.7415,Medium
Unknown,mediarates_dataset,,2.0,,0,Video,,216,99.0,19,,4.6323,Medium
Unknown,mediarates_dataset,,11.0,,1,Video,,50,55.0,37,,2.3362,Low
Unknown,mediarates_dataset,,11.0,,1,Image,,488,32.0,23,,4.5864,Medium
Unknown,mediarates_dataset,,1.0,,0,Image,,382,44.0,24,,4.1197,Medium
Unknown,mediarates_dataset,,1.0,,0,Image,,87,35.0,0,,0.7962,Low
Unknown,mediarates_dataset,,9.0,,0,Video,,103,17.0,30,,3.0735,Medium
Unknown,mediarates_dataset,,17.0,,0,Video,,270,37.0,11,,4.5836,Medium
Unknown,mediarates_dataset,,21.0,,0,Image,,95,66.0,41,,1.0512,Low
Unknown,mediarates_dataset,,0.0,,1,Image,,197,15.0,49,,2.3451,Low
Unknown,mediarates_dataset,,3.0,,0,Image,,494,68.0,37,,0.8171,Low
Unknown,mediarates_dataset,,3.0,,1,Image,,406,67.0,11,,1.7516,Low
Unknown,mediarates_dataset,,1.0,,0,Text,,377,20.0,38,,1.9603,Low
Unknown,mediarates_dataset,,18.0,,0,Text,,166,77.0,17,,4.7531,Medium
Unknown,mediarates_dataset,,11.0,,1,Video,,312,77.0,9,,2.5739,Low
Unknown,mediarates_dataset,,9.0,,0,Text,,80,69.0,14,,3.5209,Medium
Unknown,mediarates_dataset,,21.0,,0,Video,,250,15.0,43,,2.689,Low
Unknown,mediarates_dataset,,19.0,,1,Text,,476,86.0,3,,4.4008,Medium
Unknown,mediarates_dataset,,22.0,,0,Video,,72,13.0,6,,3.3182,Medium
Unknown,mediarates_dataset,,14.0,,0,Image,,140,60.0,40,,3.5107,Medium
Unknown,mediarates_dataset,,2.0,,0,Text,,69,70.0,30,,1.0683,Low
Unknown,mediarates_dataset,,19.0,,1,Video,,339,31.0,33,,1.0966,Low
Unknown,mediarates_dataset,,23.0,,1,Image,,336,40.0,44,,3.7398,Medium
Unknown,mediarates_dataset,,5.0,,0,Image,,367,4.0,13,,3.2802,Medium
Unknown,mediarates_dataset,,3.0,,0,Text,,174,26.0,5,,3.9649,Medium
Unknown,mediarates_dataset,,4.0,,0,Image,,191,78.0,49,,4.506,Medium
Unknown,mediarates_dataset,,8.0,,0,Text,,473,98.0,21,,2.5781,Low
Unknown,mediarates_dataset,,3.0,,0,Video,,31,82.0,2,,3.7845,Medium
Unknown,mediarates_dataset,,23.0,,0,Video,,127,61.0,28,,3.3315,Medium
Unknown,mediarates_dataset,,13.0,,0,Text,,451,86.0,47,,3.6469,Medium
Unknown,mediarates_dataset,,8.0,,0,Video,,401,31.0,16,,3.7,Medium
Unknown,mediarates_dataset,,11.0,,0,Video,,288,24.0,5,,3.8738,Medium
Unknown,mediarates_dataset,,14.0,,1,Image,,188,65.0,31,,4.9626,Medium
Unknown,mediarates_dataset,,9.0,,1,Image,,387,68.0,8,,1.4474,Low
Unknown,mediarates_dataset,,19.0,,0,Image,,412,71.0,18,,2.343,Low
Unknown,mediarates_dataset,,5.0,,0,Video,,338,0.0,20,,4.0104,Medium
Unknown,mediarates_dataset,,22.0,,0,Video,,376,43.0,37,,1.5265,Low
Unknown,mediarates_dataset,,8.0,,1,Text,,282,74.0,39,,2.6888,Low
Unknown,mediarates_dataset,,22.0,,0,Video,,335,28.0,47,,2.7722,Low
Unknown,mediarates_dataset,,12.0,,0,Image,,389,53.0,34,,1.2939,Low
Unknown,mediarates_dataset,,16.0,,1,Text,,12,15.0,43,,2.9379,Low
Unknown,mediarates_dataset,,21.0,,1,Text,,319,19.0,39,,3.9477,Medium
Unknown,mediarates_dataset,,4.0,,1,Text,,378,0.0,26,,1.0067,Low
Unknown,mediarates_dataset,,18.0,,1,Video,,457,65.0,16,,1.3261,Low
Unknown,mediarates_dataset,,2.0,,0,Image,,451,7.0,34,,4.076,Medium
Unknown,mediarates_dataset,,23.0,,0,Video,,150,50.0,40,,1.2685,Low
Unknown,mediarates_dataset,,2.0,,1,Text,,375,2.0,12,,2.791,Low
Unknown,mediarates_dataset,,12.0,,0,Video,,21,59.0,1,,1.1635,Low
Unknown,mediarates_dataset,,6.0,,1,Text,,370,34.0,27,,3.2525,Medium
Unknown,mediarates_dataset,,14.0,,0,Video,,327,75.0,21,,4.7197,Medium
Unknown,mediarates_dataset,,6.0,,1,Image,,374,38.0,34,,1.092,Low
Unknown,mediarates_dataset,,8.0,,1,Image,,450,3.0,11,,1.8602,Low
Unknown,mediarates_dataset,,19.0,,1,Text,,271,90.0,4,,4.8742,Medium
Unknown,mediarates_dataset,,3.0,,1,Image,,209,12.0,38,,4.7634,Medium
Unknown,mediarates_dataset,,19.0,,0,Video,,499,12.0,12,,2.4051,Low
Unknown,mediarates_dataset,,12.0,,0,Video,,480,91.0,12,,2.9475,Low
Unknown,mediarates_dataset,,0.0,,1,Video,,112,51.0,9,,2.0235,Low
Unknown,mediarates_dataset,,8.0,,0,Image,,52,42.0,15,,4.4096,Medium
Unknown,mediarates_dataset,,20.0,,0,Image,,388,71.0,34,,2.4532,Low
Unknown,mediarates_dataset,,22.0,,1,Image,,282,71.0,2,,4.1874,Medium
Unknown,mediarates_dataset,,9.0,,0,Video,,389,25.0,10,,2.8937,Low
Unknown,mediarates_dataset,,5.0,,1,Text,,4,42.0,9,,0.7118,Low
Unknown,mediarates_dataset,,15.0,,1,Video,,56,76.0,41,,2.6428,Low
Unknown,mediarates_dataset,,10.0,,1,Video,,411,27.0,33,,4.3825,Medium
Unknown,mediarates_dataset,,14.0,,1,Video,,375,82.0,10,,4.6145,Medium
Unknown,mediarates_dataset,,12.0,,1,Image,,58,38.0,44,,1.6938,Low
Unknown,mediarates_dataset,,9.0,,1,Image,,32,50.0,6,,4.5678,Medium
Unknown,mediarates_dataset,,19.0,,0,Text,,317,11.0,44,,1.943,Low
Unknown,mediarates_dataset,,6.0,,1,Video,,18,77.0,31,,3.7417,Medium
Unknown,mediarates_dataset,,5.0,,0,Text,,213,10.0,19,,2.5002,Low
Unknown,mediarates_dataset,,16.0,,0,Text,,378,41.0,49,,1.3569,Low
Unknown,mediarates_dataset,,3.0,,1,Video,,477,10.0,24,,0.5018,Low
Unknown,mediarates_dataset,,14.0,,1,Video,,46,37.0,11,,4.1265,Medium
Unknown,mediarates_dataset,,13.0,,1,Video,,166,97.0,6,,0.8566,Low
Unknown,mediarates_dataset,,20.0,,1,Video,,451,42.0,38,,1.3617,Low
Unknown,mediarates_dataset,,10.0,,0,Text,,288,18.0,16,,2.2381,Low
Unknown,mediarates_dataset,,1.0,,0,Text,,390,41.0,22,,4.8376,Medium
Unknown,mediarates_dataset,,12.0,,1,Text,,13,98.0,5,,2.4358,Low
Unknown,mediarates_dataset,,19.0,,1,Video,,214,71.0,37,,4.4375,Medium
Unknown,mediarates_dataset,,10.0,,1,Text,,403,60.0,48,,0.7411,Low
Unknown,mediarates_dataset,,13.0,,0,Video,,56,50.0,49,,4.7679,Medium
Unknown,mediarates_dataset,,21.0,,1,Image,,391,36.0,46,,4.2911,Medium
Unknown,mediarates_dataset,,20.0,,1,Video,,217,45.0,4,,3.7507,Medium
Unknown,mediarates_dataset,,10.0,,0,Text,,201,79.0,37,,2.7175,Low
Unknown,mediarates_dataset,,14.0,,1,Text,,57,56.0,9,,2.6428,Low
Unknown,mediarates_dataset,,21.0,,1,Image,,324,3.0,14,,2.1385,Low
Unknown,mediarates_dataset,,21.0,,1,Image,,411,74.0,41,,2.6428,Low
Unknown,mediarates_dataset,,21.0,,0,Video,,168,48.0,43,,2.4364,Low
Unknown,mediarates_dataset,,0.0,,1,Text,,452,6.0,17,,1.7362,Low
Unknown,mediarates_dataset,,8.0,,1,Video,,81,10.0,22,,4.4949,Medium
Unknown,mediarates_dataset,,22.0,,1,Video,,467,53.0,15,,4.6118,Medium
Unknown,mediarates_dataset,,10.0,,1,Image,,424,86.0,37,,4.2485,Medium
Unknown,mediarates_dataset,,1.0,,1,Video,,218,22.0,33,,4.0518,Medium
Unknown,mediarates_dataset,,22.0,,1,Text,,70,25.0,29,,2.8697,Low
Unknown,mediarates_dataset,,18.0,,0,Image,,386,24.0,12,,1.8648,Low
Unknown,mediarates_dataset,,19.0,,0,Image,,265,53.0,40,,2.1316,Low
Unknown,mediarates_dataset,,2.0,,0,Image,,344,82.0,4,,2.6428,Low
Unknown,mediarates_dataset,,6.0,,1,Text,,290,96.0,27,,0.6768,Low
Unknown,mediarates_dataset,,6.0,,0,Video,,207,35.0,38,,3.4471,Medium
Unknown,mediarates_dataset,,16.0,,1,Image,,73,29.0,26,,2.8944,Low
Unknown,mediarates_dataset,,3.0,,0,Image,,165,91.0,29,,2.6706,Low
Unknown,mediarates_dataset,,12.0,,1,Image,,153,66.0,26,,0.806,Low
Unknown,mediarates_dataset,,15.0,,0,Video,,426,79.0,25,,1.3721,Low
Unknown,mediarates_dataset,,0.0,,1,Text,,156,78.0,37,,3.0807,Medium
Unknown,mediarates_dataset,,17.0,,0,Image,,494,88.0,4,,1.4686,Low
Unknown,mediarates_dataset,,7.0,,0,Text,,229,50.0,22,,4.3773,Medium
Unknown,mediarates_dataset,,23.0,,0,Text,,40,63.0,14,,2.0854,Low
Unknown,mediarates_dataset,,16.0,,0,Image,,107,86.0,47,,1.7083,Low
Unknown,mediarates_dataset,,11.0,,1,Video,,83,6.0,18,,2.9013,Low
Unknown,mediarates_dataset,,19.0,,1,Image,,366,80.0,28,,2.2832,Low
Unknown,mediarates_dataset,,7.0,,1,Text,,413,40.0,3,,2.702,Low
Unknown,mediarates_dataset,,3.0,,0,Image,,206,90.0,10,,4.7329,Medium
Unknown,mediarates_dataset,,11.0,,1,Image,,282,51.0,26,,1.9819,Low
Unknown,mediarates_dataset,,17.0,,1,Text,,265,32.0,32,,0.6899,Low
Unknown,mediarates_dataset,,19.0,,0,Text,,480,52.0,38,,2.9501,Low
Unknown,mediarates_dataset,,22.0,,1,Text,,325,3.0,45,,4.9322,Medium
Unknown,mediarates_dataset,,3.0,,1,Text,,232,16.0,1,,4.756,Medium
Unknown,mediarates_dataset,,14.0,,0,Image,,58,89.0,10,,3.6702,Medium
Unknown,mediarates_dataset,,11.0,,0,Video,,257,3.0,46,,2.5423,Low
Unknown,mediarates_dataset,,17.0,,0,Image,,64,93.0,34,,2.6606,Low
Unknown,mediarates_dataset,,18.0,,1,Text,,472,60.0,27,,3.1061,Medium
Unknown,mediarates_dataset,,3.0,,0,Video,,265,34.0,38,,1.3508,Low
Unknown,mediarates_dataset,,6.0,,0,Image,,314,82.0,42,,3.3497,Medium
Unknown,mediarates_dataset,,22.0,,0,Text,,434,49.0,19,,3.2188,Medium
Unknown,mediarates_dataset,,8.0,,0,Video,,404,26.0,1,,0.8541,Low
Unknown,mediarates_dataset,,15.0,,0,Image,,355,27.0,4,,0.9015,Low
Unknown,mediarates_dataset,,22.0,,1,Text,,97,28.0,8,,2.4394,Low
Unknown,mediarates_dataset,,8.0,,0,Image,,413,15.0,1,,2.6428,Low
Unknown,mediarates_dataset,,17.0,,1,Image,,283,58.0,30,,3.5935,Medium
Unknown,mediarates_dataset,,20.0,,0,Image,,448,30.0,9,,1.9644,Low
Unknown,mediarates_dataset,,8.0,,0,Video,,304,47.0,48,,3.4244,Medium
Unknown,mediarates_dataset,,18.0,,0,Image,,136,45.0,46,,0.6111,Low
Unknown,mediarates_dataset,,10.0,,1,Video,,137,3.0,2,,0.7772,Low
Unknown,mediarates_dataset,,9.0,,0,Text,,419,29.0,9,,1.2312,Low
Unknown,mediarates_dataset,,20.0,,0,Video,,261,35.0,37,,2.3203,Low
Unknown,mediarates_dataset,,13.0,,0,Image,,175,17.0,43,,2.1363,Low
Unknown,mediarates_dataset,,6.0,,1,Image,,165,89.0,25,,1.4757,Low
Unknown,mediarates_dataset,,6.0,,0,Video,,282,57.0,15,,3.187,Medium
Unknown,mediarates_dataset,,2.0,,1,Video,,177,86.0,15,,2.5101,Low
Unknown,mediarates_dataset,,13.0,,0,Video,,126,43.0,30,,2.9453,Low
Unknown,mediarates_dataset,,2.0,,1,Text,,408,71.0,12,,1.8714,Low
Unknown,mediarates_dataset,,6.0,,1,Video,,411,23.0,15,,1.3181,Low
Unknown,mediarates_dataset,,4.0,,0,Text,,270,18.0,20,,2.6428,Low
Unknown,mediarates_dataset,,14.0,,0,Text,,378,29.0,37,,2.2567,Low
Unknown,mediarates_dataset,,19.0,,0,Text,,72,41.0,25,,2.371,Low
Unknown,mediarates_dataset,,20.0,,1,Text,,347,26.0,7,,3.4868,Medium
Unknown,mediarates_dataset,,12.0,,1,Video,,272,38.0,7,,3.496,Medium
Unknown,mediarates_dataset,,21.0,,1,Image,,42,8.0,32,,1.788,Low
Unknown,mediarates_dataset,,4.0,,1,Video,,433,32.0,7,,0.6037,Low
Unknown,mediarates_dataset,,10.0,,1,Video,,167,1.0,7,,1.5239,Low
Unknown,mediarates_dataset,,17.0,,0,Image,,38,51.0,45,,1.7582,Low
Unknown,mediarates_dataset,,16.0,,1,Image,,244,53.0,49,,3.3767,Medium
Unknown,mediarates_dataset,,5.0,,1,Text,,110,2.0,47,,1.1039,Low
Unknown,mediarates_dataset,,20.0,,0,Video,,435,42.0,14,,2.0285,Low
Unknown,mediarates_dataset,,15.0,,0,Text,,46,81.0,29,,2.6428,Low
Unknown,mediarates_dataset,,14.0,,1,Text,,62,37.0,25,,3.0084,Medium
Unknown,mediarates_dataset,,7.0,,1,Text,,224,36.0,9,,1.6521,Low
Unknown,mediarates_dataset,,1.0,,1,Video,,298,58.0,35,,2.9138,Low
Unknown,mediarates_dataset,,3.0,,1,Video,,289,10.0,44,,1.7054,Low
Unknown,mediarates_dataset,,8.0,,1,Image,,295,67.0,36,,3.218,Medium
Unknown,mediarates_dataset,,9.0,,1,Image,,330,43.0,37,,2.1527,Low
Unknown,mediarates_dataset,,2.0,,0,Image,,337,41.0,47,,2.1573,Low
Unknown,mediarates_dataset,,6.0,,1,Video,,137,84.0,13,,4.2648,Medium
Unknown,mediarates_dataset,,21.0,,0,Image,,337,54.0,32,,3.4285,Medium
Unknown,mediarates_dataset,,17.0,,1,Text,,37,15.0,8,,3.2638,Medium
Unknown,mediarates_dataset,,22.0,,0,Text,,126,94.0,26,,2.0036,Low
Unknown,mediarates_dataset,,3.0,,1,Image,,442,27.0,25,,4.4186,Medium
Unknown,mediarates_dataset,,23.0,,0,Video,,318,95.0,28,,2.8074,Low
Unknown,mediarates_dataset,,12.0,,1,Image,,386,48.0,27,,3.5034,Medium
Unknown,mediarates_dataset,,17.0,,0,Image,,320,44.0,22,,2.5103,Low
Unknown,mediarates_dataset,,0.0,,1,Video,,375,21.0,28,,2.6428,Low
Unknown,mediarates_dataset,,3.0,,0,Image,,90,31.0,4,,1.1221,Low
Unknown,mediarates_dataset,,15.0,,1,Video,,237,68.0,41,,2.4776,Low
Unknown,mediarates_dataset,,17.0,,0,Video,,178,68.0,41,,2.3164,Low
Unknown,mediarates_dataset,,23.0,,0,Video,,389,73.0,1,,4.1337,Medium
Unknown,mediarates_dataset,,5.0,,0,Image,,344,14.0,8,,2.2878,Low
Unknown,mediarates_dataset,,11.0,,1,Image,,368,28.0,0,,3.0627,Medium
Unknown,mediarates_dataset,,16.0,,1,Image,,352,9.0,41,,0.8266,Low
Unknown,mediarates_dataset,,0.0,,1,Video,,181,91.0,24,,4.3264,Medium
Unknown,mediarates_dataset,,7.0,,0,Image,,36,28.0,2,,1.4578,Low
Unknown,mediarates_dataset,,21.0,,0,Video,,136,78.0,5,,3.5094,Medium
Unknown,mediarates_dataset,,9.0,,0,Image,,444,92.0,11,,2.6428,Low
Unknown,mediarates_dataset,,14.0,,0,Video,,57,18.0,21,,2.3675,Low
Unknown,mediarates_dataset,,6.0,,0,Video,,122,7.0,19,,3.2301,Medium
Unknown,mediarates_dataset,,17.0,,1,Video,,167,46.0,47,,4.9797,Medium
Unknown,mediarates_dataset,,18.0,,0,Video,,113,50.0,0,,1.0079,Low
Unknown,mediarates_dataset,,12.0,,1,Text,,106,66.0,16,,4.1926,Medium
Unknown,mediarates_dataset,,1.0,,0,Text,,91,86.0,29,,4.0414,Medium
Unknown,mediarates_dataset,,17.0,,0,Text,,62,66.0,2,,2.7761,Low
Unknown,mediarates_dataset,,16.0,,1,Image,,149,8.0,45,,3.0216,Medium
Unknown,mediarates_dataset,,9.0,,0,Image,,138,59.0,10,,3.7788,Medium
Unknown,mediarates_dataset,,8.0,,0,Video,,184,76.0,21,,3.2571,Medium
Unknown,mediarates_dataset,,14.0,,0,Video,,204,70.0,43,,3.1342,Medium
Unknown,mediarates_dataset,,11.0,,1,Image,,259,14.0,44,,2.9643,Low
Unknown,mediarates_dataset,,8.0,,0,Image,,255,97.0,12,,1.6675,Low
Unknown,mediarates_dataset,,5.0,,1,Text,,362,23.0,9,,1.5106,Low
Unknown,mediarates_dataset,,2.0,,1,Image,,128,55.0,39,,2.3209,Low
Unknown,mediarates_dataset,,13.0,,0,Text,,310,88.0,15,,2.2716,Low
Unknown,mediarates_dataset,,16.0,,1,Image,,2,49.0,16,,1.3634,Low
Unknown,mediarates_dataset,,8.0,,0,Text,,421,88.0,15,,3.1591,Medium
Unknown,mediarates_dataset,,1.0,,1,Text,,37,40.0,14,,1.6366,Low
Unknown,mediarates_dataset,,21.0,,1,Image,,495,22.0,3,,3.6677,Medium
Unknown,mediarates_dataset,,22.0,,1,Text,,412,42.0,42,,4.7555,Medium
Unknown,mediarates_dataset,,2.0,,1,Video,,496,68.0,34,,3.4789,Medium
Unknown,mediarates_dataset,,1.0,,0,Text,,201,42.0,12,,2.5918,Low
Unknown,mediarates_dataset,,7.0,,1,Text,,347,24.0,9,,3.3376,Medium
Unknown,mediarates_dataset,,19.0,,0,Text,,450,42.0,38,,2.8786,Low
Unknown,mediarates_dataset,,20.0,,0,Image,,108,77.0,40,,4.1477,Medium
Unknown,mediarates_dataset,,8.0,,1,Image,,82,58.0,22,,1.0102,Low
Unknown,mediarates_dataset,,4.0,,0,Text,,68,56.0,2,,4.5234,Medium
Unknown,mediarates_dataset,,15.0,,0,Text,,128,91.0,11,,4.6394,Medium
Unknown,mediarates_dataset,,8.0,,1,Video,,311,8.0,36,,2.9403,Low
Unknown,mediarates_dataset,,18.0,,1,Video,,152,91.0,1,,0.5376,Low
Unknown,mediarates_dataset,,19.0,,1,Image,,276,96.0,40,,1.2587,Low
Unknown,mediarates_dataset,,22.0,,1,Text,,60,67.0,6,,3.1136,Medium
Unknown,mediarates_dataset,,10.0,,0,Text,,318,45.0,31,,3.7147,Medium
Unknown,mediarates_dataset,,20.0,,0,Text,,377,97.0,3,,4.6249,Medium
Unknown,mediarates_dataset,,11.0,,1,Video,,51,66.0,19,,3.6747,Medium
Unknown,mediarates_dataset,,2.0,,0,Image,,343,25.0,49,,3.523,Medium
Unknown,mediarates_dataset,,21.0,,0,Image,,310,79.0,27,,1.0407,Low
Unknown,mediarates_dataset,,14.0,,1,Text,,54,93.0,34,,2.3785,Low
Unknown,mediarates_dataset,,1.0,,1,Image,,351,44.0,47,,3.7881,Medium
Unknown,mediarates_dataset,,12.0,,1,Text,,388,12.0,29,,2.8484,Low
Unknown,mediarates_dataset,,3.0,,0,Video,,35,68.0,35,,0.8338,Low
Unknown,mediarates_dataset,,17.0,,1,Video,,109,24.0,24,,1.3641,Low
Unknown,mediarates_dataset,,0.0,,0,Image,,361,81.0,0,,4.5264,Medium
Unknown,mediarates_dataset,,1.0,,0,Text,,313,65.0,4,,1.029,Low
Unknown,mediarates_dataset,,16.0,,0,Image,,368,62.0,44,,2.6428,Low
Unknown,mediarates_dataset,,13.0,,0,Video,,212,75.0,36,,1.7648,Low
Unknown,mediarates_dataset,,15.0,,0,Text,,136,54.0,35,,1.2951,Low
Unknown,mediarates_dataset,,12.0,,1,Text,,498,18.0,35,,4.5682,Medium
Unknown,mediarates_dataset,,0.0,,1,Text,,108,34.0,17,,1.9408,Low
Unknown,mediarates_dataset,,1.0,,0,Image,,149,13.0,40,,3.3116,Medium
Unknown,mediarates_dataset,,4.0,,1,Text,,117,43.0,21,,1.4504,Low
Unknown,mediarates_dataset,,2.0,,0,Video,,86,50.0,35,,4.5586,Medium
Unknown,mediarates_dataset,,19.0,,1,Text,,464,42.0,43,,2.2873,Low
Unknown,mediarates_dataset,,9.0,,0,Text,,75,85.0,38,,1.6038,Low
Unknown,mediarates_dataset,,20.0,,1,Text,,450,18.0,28,,3.8499,Medium
Unknown,mediarates_dataset,,20.0,,1,Video,,312,75.0,20,,2.4712,Low
Unknown,mediarates_dataset,,9.0,,0,Image,,382,54.0,16,,4.3747,Medium
Unknown,mediarates_dataset,,0.0,,0,Video,,213,91.0,15,,3.0464,Medium
Unknown,mediarates_dataset,,5.0,,1,Image,,456,91.0,30,,1.2076,Low
Unknown,mediarates_dataset,,10.0,,0,Image,,284,59.0,8,,3.6078,Medium
Unknown,mediarates_dataset,,19.0,,0,Video,,86,18.0,48,,4.5036,Medium
Unknown,mediarates_dataset,,20.0,,0,Image,,159,51.0,1,,4.5553,Medium
Unknown,mediarates_dataset,,20.0,,0,Video,,494,25.0,13,,3.2145,Medium
Unknown,mediarates_dataset,,3.0,,0,Text,,406,97.0,34,,4.9262,Medium
Unknown,mediarates_dataset,,17.0,,1,Text,,400,39.0,46,,0.6973,Low
Unknown,mediarates_dataset,,19.0,,1,Image,,246,79.0,19,,1.9698,Low
Unknown,mediarates_dataset,,23.0,,1,Video,,103,37.0,1,,3.3049,Medium
Unknown,mediarates_dataset,,12.0,,1,Text,,84,76.0,40,,0.7535,Low
Unknown,mediarates_dataset,,18.0,,0,Video,,449,86.0,18,,2.6428,Low
Unknown,mediarates_dataset,,16.0,,0,Video,,484,53.0,36,,2.5251,Low
Unknown,mediarates_dataset,,5.0,,0,Text,,107,15.0,15,,2.4723,Low
Unknown,mediarates_dataset,,19.0,,0,Text,,93,34.0,11,,1.2412,Low
Unknown,mediarates_dataset,,7.0,,0,Image,,245,44.0,6,,2.8156,Low
Unknown,mediarates_dataset,,16.0,,0,Text,,288,45.0,13,,1.4007,Low
Unknown,mediarates_dataset,,21.0,,1,Text,,208,54.0,34,,3.1631,Medium
Unknown,mediarates_dataset,,14.0,,0,Text,,125,85.0,4,,0.825,Low
Unknown,mediarates_dataset,,17.0,,0,Video,,234,84.0,16,,1.1635,Low
Unknown,mediarates_dataset,,6.0,,0,Video,,415,25.0,41,,0.8296,Low
Unknown,mediarates_dataset,,6.0,,0,Video,,498,24.0,9,,3.8858,Medium
Unknown,mediarates_dataset,,3.0,,0,Video,,121,5.0,16,,3.7235,Medium
Unknown,mediarates_dataset,,11.0,,1,Text,,137,22.0,4,,3.5122,Medium
Unknown,mediarates_dataset,,12.0,,0,Image,,494,63.0,44,,2.6465,Low
Unknown,mediarates_dataset,,3.0,,0,Image,,114,86.0,41,,3.3903,Medium
Unknown,mediarates_dataset,,0.0,,0,Text,,161,22.0,48,,3.2966,Medium
Unknown,mediarates_dataset,,0.0,,0,Text,,200,95.0,32,,4.0004,Medium
Unknown,mediarates_dataset,,6.0,,1,Text,,233,29.0,35,,2.7516,Low
Unknown,mediarates_dataset,,21.0,,0,Image,,246,96.0,49,,4.4194,Medium
Unknown,mediarates_dataset,,14.0,,0,Text,,46,20.0,13,,2.0405,Low
Unknown,mediarates_dataset,,1.0,,0,Image,,126,22.0,14,,3.0261,Medium
Unknown,mediarates_dataset,,8.0,,1,Video,,146,90.0,5,,2.6428,Low
Unknown,mediarates_dataset,,12.0,,1,Video,,398,43.0,28,,2.8293,Low
Unknown,mediarates_dataset,,7.0,,0,Video,,174,6.0,43,,2.8844,Low
Unknown,mediarates_dataset,,6.0,,0,Video,,288,49.0,38,,3.2671,Medium
Unknown,mediarates_dataset,,15.0,,1,Text,,445,47.0,15,,2.6709,Low
Unknown,mediarates_dataset,,14.0,,0,Text,,329,90.0,49,,1.9027,Low
Unknown,mediarates_dataset,,16.0,,1,Text,,423,8.0,41,,1.8781,Low
Unknown,mediarates_dataset,,13.0,,0,Text,,353,44.0,47,,2.6428,Low
Unknown,mediarates_dataset,,14.0,,1,Video,,417,91.0,13,,1.7477,Low
Unknown,mediarates_dataset,,15.0,,1,Image,,204,65.0,7,,2.0988,Low
Unknown,mediarates_dataset,,21.0,,1,Text,,432,57.0,33,,0.6398,Low
Unknown,mediarates_dataset,,11.0,,1,Image,,70,39.0,2,,4.7936,Medium
Unknown,mediarates_dataset,,0.0,,0,Text,,268,2.0,29,,1.5046,Low
Unknown,mediarates_dataset,,19.0,,1,Image,,324,98.0,49,,4.6504,Medium
Unknown,mediarates_dataset,,15.0,,0,Video,,281,96.0,11,,2.4165,Low
Unknown,mediarates_dataset,,12.0,,0,Text,,6,17.0,25,,4.6887,Medium
Unknown,mediarates_dataset,,16.0,,1,Video,,313,63.0,29,,0.5241,Low
Unknown,mediarates_dataset,,16.0,,0,Image,,304,87.0,8,,3.8671,Medium
Unknown,mediarates_dataset,,3.0,,0,Text,,102,34.0,25,,4.5637,Medium
Unknown,mediarates_dataset,,18.0,,1,Image,,192,0.0,2,,0.9326,Low
Unknown,mediarates_dataset,,11.0,,0,Image,,170,48.0,12,,2.8736,Low
Unknown,mediarates_dataset,,14.0,,1,Text,,24,97.0,38,,1.1351,Low
Unknown,mediarates_dataset,,9.0,,0,Video,,252,15.0,34,,4.1456,Medium
Unknown,mediarates_dataset,,1.0,,0,Video,,386,97.0,22,,0.8941,Low
Unknown,mediarates_dataset,,16.0,,1,Text,,116,22.0,40,,1.4389,Low
Unknown,mediarates_dataset,,22.0,,0,Image,,415,24.0,30,,0.8541,Low
Unknown,mediarates_dataset,,13.0,,0,Video,,281,15.0,43,,3.2169,Medium
Unknown,mediarates_dataset,,5.0,,1,Text,,24,0.0,31,,1.8555,Low
Unknown,mediarates_dataset,,23.0,,0,Image,,155,18.0,12,,3.1974,Medium
Unknown,mediarates_dataset,,2.0,,1,Image,,119,33.0,4,,3.8374,Medium
Unknown,mediarates_dataset,,5.0,,0,Video,,320,54.0,43,,3.4807,Medium
Unknown,mediarates_dataset,,22.0,,0,Image,,92,17.0,9,,1.2123,Low
Unknown,mediarates_dataset,,13.0,,0,Image,,335,88.0,24,,1.0768,Low
Unknown,mediarates_dataset,,11.0,,0,Video,,424,44.0,33,,2.4141,Low
Unknown,mediarates_dataset,,15.0,,1,Text,,498,5.0,36,,1.6124,Low
Unknown,mediarates_dataset,,19.0,,1,Video,,363,20.0,29,,3.8677,Medium
Unknown,mediarates_dataset,,7.0,,1,Video,,434,69.0,6,,1.6792,Low
Unknown,mediarates_dataset,,1.0,,0,Video,,232,47.0,2,,4.5132,Medium
Unknown,mediarates_dataset,,12.0,,0,Text,,198,38.0,12,,1.384,Low
Unknown,mediarates_dataset,,7.0,,0,Video,,205,30.0,2,,3.2623,Medium
Unknown,mediarates_dataset,,15.0,,0,Video,,146,17.0,5,,3.7099,Medium
Unknown,mediarates_dataset,,3.0,,0,Video,,449,59.0,42,,3.4674,Medium
Unknown,mediarates_dataset,,5.0,,1,Image,,270,94.0,11,,2.2011,Low
Unknown,mediarates_dataset,,15.0,,1,Image,,138,3.0,35,,3.7356,Medium
Unknown,mediarates_dataset,,22.0,,0,Image,,180,62.0,1,,2.7675,Low
Unknown,mediarates_dataset,,22.0,,0,Image,,429,39.0,10,,3.6894,Medium
Unknown,mediarates_dataset,,12.0,,1,Text,,56,8.0,33,,1.96,Low
Unknown,mediarates_dataset,,4.0,,0,Text,,231,25.0,25,,2.004,Low
Unknown,mediarates_dataset,,7.0,,0,Text,,434,80.0,20,,2.0347,Low
Unknown,mediarates_dataset,,6.0,,1,Text,,383,15.0,35,,4.1149,Medium
Unknown,mediarates_dataset,,13.0,,1,Video,,47,14.0,39,,4.5378,Medium
Unknown,mediarates_dataset,,6.0,,0,Text,,135,68.0,21,,0.6387,Low
Unknown,mediarates_dataset,,17.0,,1,Video,,5,19.0,49,,0.5585,Low
Unknown,mediarates_dataset,,9.0,,0,Image,,203,78.0,42,,4.7514,Medium
Unknown,mediarates_dataset,,9.0,,1,Image,,359,92.0,33,,4.659,Medium
Unknown,mediarates_dataset,,4.0,,0,Text,,115,73.0,39,,1.4869,Low
Unknown,mediarates_dataset,,0.0,,0,Image,,312,60.0,24,,2.43,Low
Unknown,mediarates_dataset,,17.0,,0,Text,,172,7.0,4,,3.7721,Medium
Unknown,mediarates_dataset,,12.0,,0,Video,,81,66.0,10,,0.5032,Low
Unknown,mediarates_dataset,,7.0,,0,Video,,332,8.0,7,,1.2404,Low
Unknown,mediarates_dataset,,16.0,,0,Video,,334,10.0,22,,1.6856,Low
Unknown,mediarates_dataset,,5.0,,0,Text,,19,98.0,26,,0.6702,Low
Unknown,mediarates_dataset,,14.0,,0,Video,,220,12.0,31,,4.9386,Medium
Unknown,mediarates_dataset,,7.0,,1,Text,,233,12.0,26,,1.0189,Low
Unknown,mediarates_dataset,,18.0,,1,Image,,220,11.0,18,,0.9815,Low
Unknown,mediarates_dataset,,19.0,,1,Image,,322,36.0,49,,3.7376,Medium
Unknown,mediarates_dataset,,2.0,,0,Image,,2,72.0,28,,1.6563,Low
Unknown,mediarates_dataset,,5.0,,0,Text,,181,51.0,38,,0.5941,Low
Unknown,mediarates_dataset,,14.0,,1,Text,,39,55.0,18,,0.9653,Low
Unknown,mediarates_dataset,,12.0,,1,Text,,59,84.0,15,,4.7324,Medium
Unknown,mediarates_dataset,,7.0,,1,Text,,330,28.0,6,,3.0506,Medium
Unknown,mediarates_dataset,,13.0,,1,Text,,121,77.0,25,,2.0949,Low
Unknown,mediarates_dataset,,10.0,,1,Video,,478,89.0,31,,2.2152,Low
Unknown,mediarates_dataset,,0.0,,1,Image,,346,94.0,4,,2.5324,Low
Unknown,mediarates_dataset,,1.0,,0,Video,,413,88.0,41,,4.3553,Medium
Unknown,mediarates_dataset,,23.0,,1,Text,,61,19.0,48,,3.0231,Medium
Unknown,mediarates_dataset,,23.0,,0,Image,,392,1.0,21,,2.3606,Low
Unknown,mediarates_dataset,,20.0,,1,Image,,123,91.0,27,,1.2123,Low
Unknown,mediarates_dataset,,15.0,,0,Video,,316,66.0,42,,3.2256,Medium
Unknown,mediarates_dataset,,16.0,,0,Image,,47,98.0,32,,2.2238,Low
Unknown,mediarates_dataset,,7.0,,1,Image,,419,74.0,17,,3.0574,Medium
Unknown,mediarates_dataset,,0.0,,1,Image,,313,82.0,15,,4.1933,Medium
Unknown,mediarates_dataset,,14.0,,1,Text,,367,58.0,38,,4.2447,Medium
Unknown,mediarates_dataset,,3.0,,0,Image,,208,14.0,1,,2.6428,Low
Unknown,mediarates_dataset,,12.0,,0,Image,,354,88.0,48,,2.7304,Low
Unknown,mediarates_dataset,,0.0,,0,Text,,58,82.0,23,,0.749,Low
Unknown,mediarates_dataset,,3.0,,1,Image,,264,29.0,40,,3.3227,Medium
Unknown,mediarates_dataset,,0.0,,1,Text,,382,82.0,7,,1.9237,Low
Unknown,mediarates_dataset,,21.0,,0,Video,,219,48.0,27,,4.8792,Medium
Unknown,mediarates_dataset,,2.0,,1,Image,,214,91.0,21,,0.644,Low
Unknown,mediarates_dataset,,20.0,,1,Text,,63,16.0,11,,2.9462,Low
Unknown,mediarates_dataset,,10.0,,1,Text,,244,26.0,47,,0.7432,Low
Unknown,mediarates_dataset,,6.0,,0,Text,,469,9.0,6,,2.5575,Low
Unknown,mediarates_dataset,,10.0,,1,Text,,61,33.0,39,,2.9733,Low
Unknown,mediarates_dataset,,10.0,,1,Image,,331,24.0,24,,0.971,Low
Unknown,mediarates_dataset,,9.0,,0,Text,,169,5.0,12,,4.2019,Medium
Unknown,mediarates_dataset,,11.0,,0,Image,,266,86.0,9,,1.9247,Low
Unknown,mediarates_dataset,,9.0,,0,Video,,53,5.0,8,,2.3007,Low
Unknown,mediarates_dataset,,6.0,,1,Image,,15,28.0,14,,1.1772,Low
Unknown,mediarates_dataset,,18.0,,0,Image,,7,24.0,1,,2.7661,Low
Unknown,mediarates_dataset,,11.0,,1,Image,,312,45.0,33,,2.7078,Low
Unknown,mediarates_dataset,,19.0,,1,Image,,39,23.0,33,,4.3195,Medium
Unknown,mediarates_dataset,,21.0,,0,Image,,236,74.0,34,,3.6773,Medium
Unknown,mediarates_dataset,,13.0,,1,Video,,221,2.0,5,,3.0966,Medium
Unknown,mediarates_dataset,,20.0,,1,Video,,137,37.0,48,,1.711,Low
Unknown,mediarates_dataset,,10.0,,0,Text,,299,60.0,18,,4.1141,Medium
Unknown,mediarates_dataset,,15.0,,1,Video,,206,50.0,17,,4.9644,Medium
Unknown,mediarates_dataset,,4.0,,1,Image,,217,20.0,11,,2.2765,Low
Unknown,mediarates_dataset,,15.0,,1,Text,,1,53.0,4,,2.715,Low
Unknown,mediarates_dataset,,12.0,,0,Video,,223,85.0,27,,1.0457,Low
Unknown,mediarates_dataset,,16.0,,1,Video,,383,70.0,17,,2.3493,Low
Unknown,mediarates_dataset,,13.0,,1,Video,,61,8.0,11,,3.4153,Medium
Unknown,mediarates_dataset,,17.0,,1,Video,,221,67.0,15,,4.3401,Medium
Unknown,mediarates_dataset,,2.0,,1,Video,,60,34.0,47,,4.3857,Medium
Unknown,mediarates_dataset,,12.0,,1,Video,,155,90.0,10,,3.1853,Medium
Unknown,mediarates_dataset,,15.0,,1,Image,,404,79.0,45,,2.0174,Low
Unknown,mediarates_dataset,,4.0,,1,Image,,377,70.0,28,,1.6813,Low
Unknown,mediarates_dataset,,9.0,,1,Text,,355,74.0,30,,2.117,Low
Unknown,mediarates_dataset,,13.0,,0,Video,,390,41.0,41,,2.6391,Low
Unknown,mediarates_dataset,,21.0,,0,Image,,277,32.0,40,,2.1358,Low
Unknown,mediarates_dataset,,0.0,,0,Video,,486,62.0,15,,4.5557,Medium
TikTok,viral_trends_dataset,2022-01-13,,3.0,0,Video,#Challenge,339431,19346.0,53135,4163464.0,9.8935,High
Instagram,viral_trends_dataset,2022-05-13,,4.0,0,Video,#Education,215240,27239.0,65860,4155940.0,7.4192,Medium
Twitter,viral_trends_dataset,2022-01-07,,4.0,0,Video,#Challenge,327143,36223.0,39423,3666211.0,10.9865,Medium
YouTube,viral_trends_dataset,2022-12-05,,0.0,0,Video,#Education,127125,36806.0,11687,917951.0,19.1315,Low
TikTok,viral_trends_dataset,2023-03-23,,3.0,0,Image,#Dance,171361,6376.0,69581,64866.0,381.2752,Medium
Instagram,viral_trends_dataset,2022-11-23,,2.0,0,Video,#Challenge,136282,47129.0,86979,1323566.0,20.4289,Low
YouTube,viral_trends_dataset,2022-06-09,,3.0,0,Text,#Comedy,84121,32648.0,97973,627233.0,34.2364,Medium
YouTube,viral_trends_dataset,2022-01-14,,4.0,0,Video,#Gaming,317502,33638.0,45222,2066886.0,19.1768,High
Twitter,viral_trends_dataset,2022-09-01,,3.0,0,Live,#Education,496078,30174.0,96041,2169523.0,28.6834,Medium
TikTok,viral_trends_dataset,2023-01-01,,6.0,1,Video,#Gaming,8634,42700.0,69378,3898384.0,3.0965,Low
Instagram,viral_trends_dataset,2023-08-09,,2.0,0,Live,#Comedy,379894,25242.0,46012,4070332.0,11.0838,High
Twitter,viral_trends_dataset,2023-02-26,,6.0,1,Video,#Music,465871,8999.0,69083,4585669.0,11.862,Medium
YouTube,viral_trends_dataset,2022-03-16,,2.0,0,Video,#Viral,195560,49089.0,37627,4105651.0,6.8753,High
YouTube,viral_trends_dataset,2022-11-08,,1.0,0,Video,#Fitness,312907,30725.0,45774,1633015.0,23.8458,High
Twitter,viral_trends_dataset,2023-12-19,,1.0,0,Image,#Comedy,370802,17081.0,54110,2471790.0,17.8815,High
YouTube,viral_trends_dataset,2022-04-05,,1.0,0,Live,#Gaming,124237,26702.0,44062,3079923.0,6.3314,Medium
Twitter,viral_trends_dataset,2023-07-09,,6.0,1,Video,#Dance,213142,20767.0,20351,294870.0,86.2278,Low
TikTok,viral_trends_dataset,2022-09-17,,5.0,1,Video,#Tech,24472,41737.0,54704,2051091.0,5.8951,Medium
TikTok,viral_trends_dataset,2022-05-08,,6.0,1,Image,#Fashion,165335,19505.0,50077,3461154.0,6.7872,Low
YouTube,viral_trends_dataset,2023-04-24,,0.0,0,Text,#Education,298685,37162.0,84720,3143932.0,13.3771,Low
Twitter,viral_trends_dataset,2023-08-15,,1.0,0,Video,#Gaming,268310,16968.0,90495,14095.0,2666.0021,Low
TikTok,viral_trends_dataset,2022-01-26,,2.0,0,Live,#Viral,35376,3949.0,72832,3924406.0,2.8579,Medium
YouTube,viral_trends_dataset,2023-08-02,,2.0,0,Video,#Dance,223690,10538.0,22531,599766.0,42.8099,Low
Twitter,viral_trends_dataset,2022-01-07,,4.0,0,Video,#Education,449803,28280.0,63438,4357851.0,12.4263,High
YouTube,viral_trends_dataset,2023-07-19,,2.0,0,Text,#Dance,474649,3654.0,98377,731492.0,78.8361,High
YouTube,viral_trends_dataset,2022-09-08,,3.0,0,Live,#Dance,197287,14896.0,53218,4910814.0,5.4044,Low
Instagram,viral_trends_dataset,2023-05-14,,6.0,1,Video,#Gaming,212278,18172.0,21264,4369260.0,5.761,Low
YouTube,viral_trends_dataset,2022-05-22,,6.0,1,Image,#Tech,322601,48768.0,35671,1874437.0,21.7153,Medium
Instagram,viral_trends_dataset,2023-09-30,,5.0,1,Live,#Gaming,91836,2823.0,77370,1653907.0,10.4014,Low
YouTube,viral_trends_dataset,2023-10-23,,0.0,0,Video,#Education,311330,5110.0,3357,4683280.0,6.8285,Medium
Instagram,viral_trends_dataset,2022-03-22,,1.0,0,Video,#Comedy,156164,18303.0,84930,1365655.0,18.9943,Low
Twitter,viral_trends_dataset,2022-03-10,,3.0,0,Video,#Music,91944,44440.0,89578,2342195.0,9.6474,Medium
YouTube,viral_trends_dataset,2022-07-08,,4.0,0,Live,#Gaming,8731,46045.0,4500,4977438.0,1.1909,Low
YouTube,viral_trends_dataset,2022-11-11,,4.0,0,Video,#Viral,16688,15891.0,77970,3005703.0,3.678,Low
YouTube,viral_trends_dataset,2023-11-18,,5.0,1,Text,#Education,368646,2016.0,92202,936390.0,49.4307,Low
TikTok,viral_trends_dataset,2023-07-01,,5.0,1,Live,#Education,158156,20518.0,6423,1855796.0,9.974,High
Instagram,viral_trends_dataset,2022-06-09,,3.0,0,Video,#Music,205884,14618.0,37256,48908.0,527.0263,Low
Instagram,viral_trends_dataset,2023-07-15,,5.0,1,Video,#Dance,10794,36639.0,7617,1367820.0,4.0247,Medium
TikTok,viral_trends_dataset,2022-09-28,,2.0,0,Video,#Gaming,469481,41549.0,89583,4499253.0,13.3492,High
Twitter,viral_trends_dataset,2022-01-31,,0.0,0,Image,#Comedy,274631,13932.0,82143,4510477.0,8.2188,Low
Twitter,viral_trends_dataset,2022-03-03,,3.0,0,Video,#Education,355402,42729.0,41860,4380015.0,10.0454,High
YouTube,viral_trends_dataset,2022-03-17,,3.0,0,Live,#Fashion,402996,11999.0,18661,943395.0,45.9676,High
Twitter,viral_trends_dataset,2022-09-10,,5.0,1,Image,#Comedy,49656,23952.0,93072,3961278.0,4.2077,Medium
YouTube,viral_trends_dataset,2023-10-23,,0.0,0,Video,#Comedy,171609,41339.0,17994,4080112.0,5.6602,Medium
Twitter,viral_trends_dataset,2023-03-06,,0.0,0,Video,#Comedy,380972,26194.0,42858,3934142.0,11.4389,Low
Instagram,viral_trends_dataset,2023-12-13,,2.0,0,Text,#Gaming,274271,17526.0,56073,272327.0,127.7398,High
Instagram,viral_trends_dataset,2023-06-02,,4.0,0,Video,#Tech,325368,25686.0,62818,1600237.0,25.8632,Medium
Instagram,viral_trends_dataset,2023-11-07,,1.0,0,Live,#Dance,74624,35546.0,24137,2212857.0,6.0694,Medium
Twitter,viral_trends_dataset,2023-04-29,,5.0,1,Live,#Gaming,313821,36395.0,86074,4711157.0,9.2608,High
Instagram,viral_trends_dataset,2022-08-15,,0.0,0,Video,#Fashion,422463,40997.0,21545,2747788.0,17.6507,Low
YouTube,viral_trends_dataset,2022-05-23,,0.0,0,Image,#Dance,225061,28774.0,67840,2081426.0,15.4545,Medium
YouTube,viral_trends_dataset,2023-01-14,,5.0,1,Live,#Music,159509,8605.0,25505,2258494.0,8.5729,Medium
YouTube,viral_trends_dataset,2022-11-06,,6.0,1,Text,#Comedy,472399,33331.0,90644,1357850.0,43.9205,Low
Twitter,viral_trends_dataset,2023-09-17,,6.0,1,Video,#Fitness,332566,45161.0,43169,392337.0,107.2792,Medium
Twitter,viral_trends_dataset,2023-01-13,,4.0,0,Video,#Dance,491965,31438.0,60534,4006009.0,14.5765,High
YouTube,viral_trends_dataset,2023-08-25,,4.0,0,Text,#Fitness,389693,32967.0,81891,3934991.0,12.8222,Medium
Instagram,viral_trends_dataset,2022-06-30,,3.0,0,Live,#Challenge,34126,29452.0,53516,2824818.0,4.1452,Low
Twitter,viral_trends_dataset,2022-10-30,,6.0,1,Video,#Dance,184395,7599.0,9408,197986.0,101.7254,Medium
YouTube,viral_trends_dataset,2023-12-26,,1.0,0,Image,#Challenge,474568,6150.0,83894,2291491.0,24.6395,High
Twitter,viral_trends_dataset,2023-05-31,,2.0,0,Live,#Music,40967,26381.0,4121,3525573.0,2.0272,Low
TikTok,viral_trends_dataset,2023-04-21,,4.0,0,Video,#Music,122451,25491.0,79602,866896.0,26.2481,Low
YouTube,viral_trends_dataset,2023-10-24,,1.0,0,Video,#Tech,331535,13314.0,60374,4104535.0,9.8726,Medium
TikTok,viral_trends_dataset,2023-02-23,,3.0,0,Text,#Dance,93254,48758.0,55921,2601441.0,7.6086,Low
Instagram,viral_trends_dataset,2023-12-05,,1.0,0,Video,#Gaming,212596,18.0,72334,1142030.0,24.951,High
YouTube,viral_trends_dataset,2023-12-11,,0.0,0,Video,#Fashion,358102,8128.0,26688,2969591.0,13.2314,Low
TikTok,viral_trends_dataset,2022-11-03,,3.0,0,Image,#Education,14117,46422.0,73654,855465.0,15.6866,High
YouTube,viral_trends_dataset,2023-05-26,,4.0,0,Video,#Viral,376054,19620.0,36502,4453459.0,9.7043,High
Twitter,viral_trends_dataset,2023-06-10,,5.0,1,Video,#Dance,75851,47614.0,99754,1059696.0,21.0644,High
Twitter,viral_trends_dataset,2022-01-20,,3.0,0,Text,#Fitness,341805,485.0,67524,581577.0,70.466,High
YouTube,viral_trends_dataset,2022-02-05,,5.0,1,Text,#Fitness,421149,27804.0,53769,4226427.0,11.8947,Medium
Twitter,viral_trends_dataset,2022-05-16,,0.0,0,Video,#Dance,50577,43775.0,92342,485214.0,38.4766,Medium
Instagram,viral_trends_dataset,2022-01-19,,2.0,0,Text,#Education,68719,36515.0,98115,1419701.0,14.3234,Low
TikTok,viral_trends_dataset,2022-12-07,,2.0,0,Image,#Fashion,136878,41624.0,89273,4378457.0,6.1157,Medium
TikTok,viral_trends_dataset,2022-06-12,,6.0,1,Image,#Music,216783,7687.0,79133,3647159.0,8.3244,High
YouTube,viral_trends_dataset,2023-05-08,,0.0,0,Video,#Gaming,125485,20317.0,942,1750105.0,8.3849,Low
Instagram,viral_trends_dataset,2023-05-12,,4.0,0,Text,#Dance,145118,16720.0,68421,1796369.0,12.818,High
Twitter,viral_trends_dataset,2022-05-10,,1.0,0,Video,#Fitness,15408,23147.0,23087,1535141.0,4.0154,Medium
Twitter,viral_trends_dataset,2023-08-29,,1.0,0,Video,#Challenge,132163,40557.0,29340,612594.0,32.9843,Medium
Instagram,viral_trends_dataset,2022-01-27,,3.0,0,Video,#Challenge,171996,3436.0,5043,4219632.0,4.277,Medium
Twitter,viral_trends_dataset,2023-11-06,,0.0,0,Video,#Viral,241425,41307.0,99422,3994554.0,9.5669,High
Instagram,viral_trends_dataset,2022-07-31,,6.0,1,Video,#Challenge,211176,14337.0,66264,4290853.0,6.8,Medium
Instagram,viral_trends_dataset,2023-08-06,,6.0,1,Live,#Dance,338933,18899.0,22771,284772.0,133.6518,Low
Instagram,viral_trends_dataset,2022-08-09,,1.0,0,Live,#Gaming,219517,32657.0,5831,4637078.0,5.564,Low
Instagram,viral_trends_dataset,2023-03-29,,2.0,0,Video,#Comedy,62336,42892.0,79392,3315125.0,5.569,High
Twitter,viral_trends_dataset,2023-10-28,,5.0,1,Video,#Fitness,106179,12978.0,4262,4357287.0,2.8325,Medium
TikTok,viral_trends_dataset,2022-10-05,,2.0,0,Video,#Fitness,52457,32870.0,77192,907386.0,17.9107,High
Twitter,viral_trends_dataset,2022-12-28,,2.0,0,Image,#Gaming,194688,3500.0,34182,1908555.0,12.1752,High
Twitter,viral_trends_dataset,2022-12-27,,1.0,0,Image,#Challenge,18233,28599.0,37713,3074269.0,2.7501,Medium
YouTube,viral_trends_dataset,2022-10-08,,5.0,1,Image,#Dance,190686,11560.0,12963,4067125.0,5.2914,High
YouTube,viral_trends_dataset,2022-03-21,,0.0,0,Video,#Fitness,137342,47250.0,95328,1173157.0,23.8604,Low
TikTok,viral_trends_dataset,2023-07-12,,2.0,0,Video,#Fitness,23466,40003.0,66627,2141884.0,6.0739,High
Twitter,viral_trends_dataset,2022-07-08,,4.0,0,Image,#Comedy,66980,49121.0,96596,4567233.0,4.657,Low
Twitter,viral_trends_dataset,2022-03-11,,4.0,0,Image,#Gaming,69145,43362.0,31191,506074.0,28.3947,Low
YouTube,viral_trends_dataset,2023-03-20,,0.0,0,Text,#Comedy,195970,4473.0,75414,3210080.0,8.5935,High
TikTok,viral_trends_dataset,2022-07-21,,3.0,0,Video,#Tech,444670,7956.0,64311,128472.0,402.3733,Medium
TikTok,viral_trends_dataset,2023-04-14,,4.0,0,Video,#Music,274212,28342.0,15298,1347102.0,23.5952,High
TikTok,viral_trends_dataset,2022-10-22,,5.0,1,Live,#Tech,176687,22316.0,5641,92085.0,222.2338,Medium
TikTok,viral_trends_dataset,2022-12-18,,6.0,1,Image,#Tech,90333,30677.0,10903,3843536.0,3.4321,Medium
Instagram,viral_trends_dataset,2022-12-06,,1.0,0,Video,#Viral,263310,27324.0,39207,965073.0,34.1778,High
YouTube,viral_trends_dataset,2023-05-20,,5.0,1,Image,#Education,364521,29082.0,73308,3096420.0,15.0791,Low
YouTube,viral_trends_dataset,2023-10-15,,6.0,1,Text,#Gaming,1349,11870.0,81918,2723916.0,3.4927,High
TikTok,viral_trends_dataset,2022-09-01,,3.0,0,Live,#Music,46464,5710.0,83075,2249678.0,6.0119,Medium
Twitter,viral_trends_dataset,2022-07-22,,4.0,0,Video,#Viral,352538,5369.0,55203,3311289.0,12.4758,Medium
Instagram,viral_trends_dataset,2023-05-24,,2.0,0,Text,#Music,241125,30917.0,65026,3588997.0,9.3917,Medium
Instagram,viral_trends_dataset,2023-04-17,,0.0,0,Image,#Fitness,11483,30457.0,33641,13562.0,557.2998,Medium
Twitter,viral_trends_dataset,2022-07-10,,6.0,1,Live,#Fitness,302919,30399.0,49216,3926751.0,9.7417,Low
YouTube,viral_trends_dataset,2022-06-13,,0.0,0,Text,#Music,59766,27938.0,75524,2750317.0,5.9349,High
TikTok,viral_trends_dataset,2023-06-26,,0.0,0,Video,#Challenge,383024,48504.0,45530,4655757.0,10.2466,Medium
Instagram,viral_trends_dataset,2023-10-19,,3.0,0,Video,#Fitness,452777,23870.0,44862,4844012.0,10.7661,High
Twitter,viral_trends_dataset,2023-08-06,,6.0,1,Video,#Dance,188191,26605.0,4660,3868789.0,5.6725,Medium
Twitter,viral_trends_dataset,2022-11-15,,1.0,0,Text,#Viral,418305,34605.0,51641,2517364.0,20.0428,High
Instagram,viral_trends_dataset,2022-12-18,,6.0,1,Video,#Dance,310266,40217.0,87995,1994041.0,21.9894,Medium
TikTok,viral_trends_dataset,2022-05-18,,2.0,0,Video,#Education,241244,14849.0,56779,1402998.0,22.3002,High
YouTube,viral_trends_dataset,2022-11-05,,5.0,1,Live,#Fashion,17361,10538.0,62405,702950.0,12.8464,Low
Instagram,viral_trends_dataset,2022-07-17,,6.0,1,Text,#Education,364748,8949.0,16705,1599554.0,24.4069,High
TikTok,viral_trends_dataset,2022-05-22,,6.0,1,Image,#Tech,443617,18038.0,98343,4600976.0,12.1713,High
Twitter,viral_trends_dataset,2023-04-30,,6.0,1,Video,#Viral,213884,17614.0,16804,2495410.0,9.9503,Low
TikTok,viral_trends_dataset,2023-04-05,,2.0,0,Video,#Dance,289125,27066.0,77191,1838563.0,21.3962,High
YouTube,viral_trends_dataset,2022-05-25,,2.0,0,Video,#Tech,416403,2675.0,56902,2920650.0,16.2971,Low
TikTok,viral_trends_dataset,2023-09-14,,3.0,0,Video,#Viral,361245,13260.0,30503,1772623.0,22.8479,Low
Instagram,viral_trends_dataset,2023-10-01,,6.0,1,Video,#Comedy,101605,36281.0,80028,2484315.0,8.7716,High
YouTube,viral_trends_dataset,2022-07-30,,5.0,1,Live,#Comedy,22341,42476.0,38730,4927173.0,2.1015,Medium
TikTok,viral_trends_dataset,2022-10-18,,1.0,0,Video,#Challenge,283030,43977.0,30676,3924183.0,9.1148,Low
Instagram,viral_trends_dataset,2022-09-10,,5.0,1,Image,#Music,21362,19778.0,31562,4646060.0,1.5648,Medium
YouTube,viral_trends_dataset,2022-12-12,,0.0,0,Video,#Fitness,20166,25363.0,30661,3901900.0,1.9526,Low
Instagram,viral_trends_dataset,2022-10-20,,3.0,0,Video,#Fashion,319381,38387.0,69098,962137.0,44.3664,Low
TikTok,viral_trends_dataset,2023-05-20,,5.0,1,Video,#Education,277223,46985.0,81798,3859007.0,10.521,Medium
Twitter,viral_trends_dataset,2023-02-15,,2.0,0,Video,#Challenge,140163,40674.0,85932,3837223.0,6.9521,Medium
Instagram,viral_trends_dataset,2022-11-11,,4.0,0,Image,#Comedy,449148,35005.0,87211,1029488.0,55.4998,High
Twitter,viral_trends_dataset,2022-04-18,,0.0,0,Image,#Fashion,232290,23547.0,7501,879364.0,29.9464,Low
TikTok,viral_trends_dataset,2023-10-22,,6.0,1,Live,#Comedy,131837,9395.0,43770,4828597.0,3.8314,Low
YouTube,viral_trends_dataset,2023-02-24,,4.0,0,Video,#Education,107303,45313.0,83451,3487375.0,6.7692,High
TikTok,viral_trends_dataset,2023-01-14,,5.0,1,Text,#Dance,311286,7832.0,82479,3418884.0,11.7464,High
YouTube,viral_trends_dataset,2023-10-06,,4.0,0,Video,#Challenge,318166,32791.0,72711,1337059.0,31.6866,High
TikTok,viral_trends_dataset,2023-07-25,,1.0,0,Live,#Education,133933,45912.0,46058,707841.0,31.9144,High
TikTok,viral_trends_dataset,2022-04-30,,5.0,1,Video,#Fitness,345987,43872.0,13274,1851460.0,21.7738,Low
Instagram,viral_trends_dataset,2022-10-08,,5.0,1,Text,#Fashion,223413,42774.0,84930,1438248.0,24.4128,Low
Instagram,viral_trends_dataset,2023-02-02,,3.0,0,Live,#Fashion,80497,14597.0,44156,4027409.0,3.4576,Medium
Instagram,viral_trends_dataset,2023-04-16,,6.0,1,Video,#Music,443844,22056.0,19877,3488909.0,13.9235,Low
TikTok,viral_trends_dataset,2022-12-23,,4.0,0,Video,#Fitness,150418,25632.0,45387,1089083.0,20.3324,Medium
TikTok,viral_trends_dataset,2023-09-20,,2.0,0,Live,#Fashion,480038,18117.0,71997,682046.0,83.5944,High
YouTube,viral_trends_dataset,2022-11-28,,0.0,0,Live,#Tech,86843,14705.0,16843,4849297.0,2.4414,Low
Instagram,viral_trends_dataset,2022-02-24,,3.0,0,Text,#Challenge,107901,4738.0,84854,4283565.0,4.6105,Low
Twitter,viral_trends_dataset,2023-10-04,,2.0,0,Video,#Comedy,70708,25036.0,277,50082.0,191.7276,Low
Twitter,viral_trends_dataset,2023-02-05,,6.0,1,Image,#Viral,82304,15897.0,68754,3940355.0,4.2371,Low
Instagram,viral_trends_dataset,2022-04-08,,4.0,0,Video,#Education,194879,34998.0,76029,964498.0,31.7166,High
TikTok,viral_trends_dataset,2023-02-13,,0.0,0,Video,#Tech,363548,8176.0,17456,636824.0,61.1126,Low
TikTok,viral_trends_dataset,2022-05-31,,1.0,0,Video,#Comedy,94325,7328.0,72341,4179125.0,4.1634,Low
Instagram,viral_trends_dataset,2022-05-29,,6.0,1,Video,#Gaming,95304,44880.0,3716,1292958.0,11.1295,Low
Instagram,viral_trends_dataset,2023-04-24,,0.0,0,Video,#Viral,75909,4052.0,5645,4103477.0,2.0862,Low
Twitter,viral_trends_dataset,2022-03-01,,1.0,0,Video,#Education,68367,879.0,38326,3529777.0,3.0476,High
Instagram,viral_trends_dataset,2023-03-28,,1.0,0,Video,#Fashion,34210,11022.0,33344,4593170.0,1.7107,Low
TikTok,viral_trends_dataset,2022-07-09,,5.0,1,Video,#Challenge,498580,9968.0,96093,3251679.0,18.5947,Medium
Instagram,viral_trends_dataset,2023-04-22,,5.0,1,Video,#Tech,319140,23057.0,6541,41081.0,848.9034,Low
Twitter,viral_trends_dataset,2023-03-06,,0.0,0,Video,#Dance,193956,32442.0,14856,2127698.0,11.3387,Medium
YouTube,viral_trends_dataset,2023-05-02,,1.0,0,Video,#Education,177035,46238.0,49884,4765117.0,5.7324,Medium
Twitter,viral_trends_dataset,2022-09-13,,1.0,0,Video,#Fitness,462542,37153.0,14404,2114283.0,24.3155,Low
YouTube,viral_trends_dataset,2022-10-20,,3.0,0,Video,#Fashion,392281,27404.0,14429,4391275.0,9.8858,High
TikTok,viral_trends_dataset,2022-12-02,,4.0,0,Image,#Gaming,471547,40514.0,15048,1246500.0,42.2871,High
Twitter,viral_trends_dataset,2023-01-22,,6.0,1,Text,#Music,1087,12611.0,23157,4555977.0,0.8089,Medium
Twitter,viral_trends_dataset,2022-07-26,,1.0,0,Text,#Gaming,56569,49341.0,59897,400424.0,41.4079,Medium
Instagram,viral_trends_dataset,2022-02-08,,1.0,0,Video,#Challenge,335416,16715.0,50986,3201846.0,12.5901,High
TikTok,viral_trends_dataset,2023-01-26,,3.0,0,Video,#Gaming,107650,26548.0,94514,102418.0,223.3123,Medium
Twitter,viral_trends_dataset,2023-06-24,,5.0,1,Text,#Comedy,448284,32995.0,39383,4253909.0,12.2396,Low
TikTok,viral_trends_dataset,2022-06-12,,6.0,1,Live,#Fitness,47511,25497.0,7404,1551922.0,5.1814,Low
YouTube,viral_trends_dataset,2022-04-07,,3.0,0,Image,#Challenge,430347,42640.0,96428,3587143.0,15.8738,Medium
Instagram,viral_trends_dataset,2022-07-13,,2.0,0,Video,#Fashion,61466,29007.0,13181,2252593.0,4.6015,High
YouTube,viral_trends_dataset,2023-04-06,,3.0,0,Video,#Challenge,382792,30532.0,78654,2547290.0,19.3138,Medium
YouTube,viral_trends_dataset,2023-10-30,,0.0,0,Video,#Viral,223304,10855.0,83502,2946297.0,10.7817,Low
Twitter,viral_trends_dataset,2023-01-24,,1.0,0,Video,#Education,356292,33857.0,52389,4459268.0,9.924,Low
Instagram,viral_trends_dataset,2022-10-28,,4.0,0,Live,#Music,435112,49750.0,71742,1630617.0,34.1346,High
Instagram,viral_trends_dataset,2022-05-08,,6.0,1,Live,#Education,389553,16799.0,55435,4709770.0,9.8049,Medium
Instagram,viral_trends_dataset,2023-04-25,,1.0,0,Text,#Fitness,271817,27046.0,72208,2275387.0,16.308,High
TikTok,viral_trends_dataset,2023-12-25,,0.0,0,Text,#Tech,373955,15361.0,22997,2784320.0,14.8084,High
Twitter,viral_trends_dataset,2023-05-19,,4.0,0,Text,#Music,19972,24310.0,97555,3674194.0,3.8604,Medium
YouTube,viral_trends_dataset,2023-11-27,,0.0,0,Image,#Music,36274,44234.0,51278,2126429.0,6.1975,Medium
YouTube,viral_trends_dataset,2022-11-15,,1.0,0,Video,#Fitness,280260,4485.0,58128,1598712.0,21.4468,High
Twitter,viral_trends_dataset,2022-11-21,,0.0,0,Video,#Fashion,115302,37858.0,63150,3464211.0,6.2441,Medium
Twitter,viral_trends_dataset,2022-10-27,,3.0,0,Video,#Fitness,495937,49107.0,13211,1519290.0,36.7445,Low
Instagram,viral_trends_dataset,2022-10-05,,2.0,0,Text,#Fitness,414422,23903.0,11933,4888613.0,9.2103,High
Twitter,viral_trends_dataset,2022-02-18,,4.0,0,Video,#Viral,302466,49953.0,63802,3712060.0,11.2127,Low
Instagram,viral_trends_dataset,2023-09-19,,1.0,0,Video,#Tech,22251,13392.0,13517,4003071.0,1.2281,Low
Instagram,viral_trends_dataset,2022-01-10,,0.0,0,Video,#Dance,197632,19379.0,98860,681752.0,46.3322,High
Instagram,viral_trends_dataset,2022-11-27,,6.0,1,Video,#Gaming,122401,42106.0,82864,4684548.0,5.2806,Low
Instagram,viral_trends_dataset,2022-11-25,,4.0,0,Video,#Tech,292224,38211.0,72417,3916842.0,10.2851,High
TikTok,viral_trends_dataset,2022-08-09,,1.0,0,Video,#Dance,326922,21689.0,87308,798887.0,54.5658,Medium
Twitter,viral_trends_dataset,2022-12-19,,0.0,0,Video,#Gaming,243607,12078.0,79071,688077.0,48.651,High
Twitter,viral_trends_dataset,2022-08-21,,6.0,1,Video,#Challenge,214233,10917.0,80,1520250.0,14.8153,Medium
TikTok,viral_trends_dataset,2023-05-11,,3.0,0,Image,#Fashion,106618,44200.0,64875,496652.0,43.4294,High
TikTok,viral_trends_dataset,2022-07-25,,0.0,0,Video,#Education,337321,26524.0,99486,479620.0,96.6038,Medium
YouTube,viral_trends_dataset,2022-01-27,,3.0,0,Video,#Education,291223,44293.0,61415,4221739.0,9.4021,Low
Twitter,viral_trends_dataset,2023-08-18,,4.0,0,Live,#Education,324343,22289.0,33641,4425196.0,8.5934,High
Instagram,viral_trends_dataset,2023-12-14,,3.0,0,Video,#Comedy,259668,16169.0,86293,4236960.0,8.5469,Low
TikTok,viral_trends_dataset,2023-08-31,,3.0,0,Video,#Education,177673,39991.0,86535,2488223.0,12.2256,Low
YouTube,viral_trends_dataset,2023-11-22,,2.0,0,Live,#Dance,359231,27822.0,78623,2809035.0,16.5778,Medium
YouTube,viral_trends_dataset,2022-11-03,,3.0,0,Video,#Music,398838,19133.0,7767,444252.0,95.8325,High
Instagram,viral_trends_dataset,2022-07-21,,3.0,0,Video,#Fashion,42770,47956.0,5219,907575.0,10.5716,Low
TikTok,viral_trends_dataset,2022-06-02,,3.0,0,Image,#Dance,199343,10359.0,53628,2440215.0,10.7913,Medium
TikTok,viral_trends_dataset,2023-09-20,,2.0,0,Video,#Comedy,131915,22170.0,64092,3982001.0,5.4791,Medium
Twitter,viral_trends_dataset,2023-06-12,,0.0,0,Video,#Fashion,457464,19409.0,83495,3802724.0,14.736,High
YouTube,viral_trends_dataset,2023-10-07,,5.0,1,Video,#Dance,441149,36909.0,46483,3049554.0,17.2006,Low
YouTube,viral_trends_dataset,2022-07-14,,3.0,0,Video,#Fashion,312491,7390.0,66586,3186810.0,12.1271,Medium
YouTube,viral_trends_dataset,2022-09-20,,1.0,0,Live,#Gaming,77866,41350.0,87591,810296.0,25.5224,High
Twitter,viral_trends_dataset,2023-07-22,,5.0,1,Image,#Dance,957,47674.0,54290,4459224.0,2.308,High
Instagram,viral_trends_dataset,2023-01-03,,1.0,0,Image,#Viral,226355,46227.0,58251,741152.0,44.6377,High
Twitter,viral_trends_dataset,2022-10-17,,0.0,0,Text,#Fashion,368541,3800.0,66690,2945128.0,14.907,Medium
Twitter,viral_trends_dataset,2022-07-08,,4.0,0,Image,#Music,153529,41257.0,52488,2302342.0,10.7401,High
YouTube,viral_trends_dataset,2023-12-15,,4.0,0,Video,#Fashion,295293,9480.0,29190,469793.0,71.0873,Medium
Twitter,viral_trends_dataset,2022-06-25,,5.0,1,Live,#Comedy,320043,2987.0,91765,2452099.0,16.9159,Low
TikTok,viral_trends_dataset,2022-07-13,,2.0,0,Live,#Tech,209375,12291.0,2127,2651939.0,8.4388,Low
TikTok,viral_trends_dataset,2023-10-23,,0.0,0,Video,#Fitness,299597,1908.0,35471,1580449.0,21.3215,High
Instagram,viral_trends_dataset,2023-02-19,,6.0,1,Text,#Dance,52536,47528.0,65976,4764800.0,3.4847,Medium
Twitter,viral_trends_dataset,2022-04-30,,5.0,1,Text,#Comedy,295452,22411.0,2342,4336145.0,7.3846,Medium
Instagram,viral_trends_dataset,2022-07-13,,2.0,0,Video,#Viral,188239,39029.0,34891,4316287.0,6.0737,Medium
Twitter,viral_trends_dataset,2022-08-03,,2.0,0,Text,#Gaming,272088,36816.0,48475,1516746.0,23.5622,Medium
TikTok,viral_trends_dataset,2023-03-02,,3.0,0,Image,#Fitness,460735,47633.0,96637,4497673.0,13.4515,Medium
YouTube,viral_trends_dataset,2022-04-15,,4.0,0,Live,#Dance,381211,40242.0,2574,1200639.0,35.3168,Medium
YouTube,viral_trends_dataset,2022-11-22,,1.0,0,Text,#Viral,81186,1885.0,14964,3115115.0,3.1471,Low
Twitter,viral_trends_dataset,2023-04-17,,0.0,0,Text,#Dance,450376,19844.0,40577,89968.0,567.7541,Medium
TikTok,viral_trends_dataset,2022-06-29,,2.0,0,Text,#Dance,478703,17109.0,86167,2177828.0,26.7229,Medium
Twitter,viral_trends_dataset,2022-05-31,,1.0,0,Video,#Viral,404600,35337.0,32664,306511.0,154.1873,Medium
Instagram,viral_trends_dataset,2023-11-26,,6.0,1,Video,#Music,199110,32057.0,95413,4422912.0,7.3838,Low
Instagram,viral_trends_dataset,2022-08-09,,1.0,0,Image,#Tech,300734,1496.0,1870,4326885.0,7.0282,Medium
YouTube,viral_trends_dataset,2022-12-25,,6.0,1,Live,#Music,84552,36363.0,21664,4732360.0,3.0129,Medium
YouTube,viral_trends_dataset,2023-03-05,,6.0,1,Video,#Gaming,348707,46925.0,17968,2510808.0,16.4728,High
Instagram,viral_trends_dataset,2023-08-28,,0.0,0,Video,#Education,252420,5670.0,23167,2710672.0,10.3759,Low
TikTok,viral_trends_dataset,2022-07-14,,3.0,0,Video,#Fitness,365062,48138.0,58371,4096796.0,11.5107,Medium
YouTube,viral_trends_dataset,2023-03-29,,2.0,0,Live,#Gaming,131729,12135.0,1559,940184.0,15.4675,Low
Twitter,viral_trends_dataset,2023-05-08,,0.0,0,Video,#Viral,326178,1902.0,46185,2184148.0,17.1355,High
Instagram,viral_trends_dataset,2022-07-31,,6.0,1,Video,#Challenge,205870,34865.0,16834,1498512.0,17.1883,Medium
Instagram,viral_trends_dataset,2022-05-17,,1.0,0,Video,#Dance,428951,12148.0,18627,4300552.0,10.6899,Low
YouTube,viral_trends_dataset,2023-12-16,,5.0,1,Video,#Challenge,133930,22080.0,81976,3267055.0,7.2844,Low
TikTok,viral_trends_dataset,2022-03-08,,1.0,0,Image,#Fitness,78244,16006.0,43598,2095875.0,6.5771,Low
YouTube,viral_trends_dataset,2022-07-11,,0.0,0,Video,#Education,158579,33511.0,8809,1465227.0,13.7111,High
YouTube,viral_trends_dataset,2023-10-25,,2.0,0,Video,#Viral,326676,19235.0,69635,1715566.0,24.2221,Low
Instagram,viral_trends_dataset,2023-08-16,,2.0,0,Video,#Fitness,133736,3765.0,49028,4708687.0,3.9614,Medium
YouTube,viral_trends_dataset,2022-01-21,,4.0,0,Text,#Challenge,198291,31314.0,5604,1091635.0,21.5465,Medium
TikTok,viral_trends_dataset,2022-04-30,,5.0,1,Video,#Dance,266261,39363.0,22269,1111002.0,29.5133,Low
YouTube,viral_trends_dataset,2022-12-16,,4.0,0,Image,#Comedy,123390,46989.0,59716,869375.0,26.4667,Low
Twitter,viral_trends_dataset,2023-12-30,,5.0,1,Video,#Gaming,384714,18974.0,36284,2551247.0,17.2454,High
YouTube,viral_trends_dataset,2022-10-29,,5.0,1,Video,#Viral,400658,26810.0,58158,920528.0,52.7552,High
YouTube,viral_trends_dataset,2023-03-04,,5.0,1,Video,#Viral,55585,29699.0,27235,2846948.0,3.9523,Medium
Instagram,viral_trends_dataset,2023-11-25,,5.0,1,Video,#Fashion,111973,35663.0,60593,2801638.0,7.4324,Medium
TikTok,viral_trends_dataset,2023-08-16,,2.0,0,Video,#Dance,56055,20474.0,12612,1556267.0,5.7279,Low
TikTok,viral_trends_dataset,2023-09-26,,1.0,0,Image,#Viral,126683,48618.0,82181,1828433.0,14.0821,Low
YouTube,viral_trends_dataset,2022-03-26,,5.0,1,Image,#Dance,211316,33837.0,4804,3988715.0,6.2666,Medium
TikTok,viral_trends_dataset,2022-10-01,,5.0,1,Video,#Fashion,250085,20251.0,41283,3290858.0,9.4692,High
YouTube,viral_trends_dataset,2022-01-21,,4.0,0,Text,#Viral,449350,26510.0,54600,3703315.0,14.3239,Medium
TikTok,viral_trends_dataset,2022-10-29,,5.0,1,Image,#Education,303740,36904.0,98918,506215.0,86.8331,Medium
YouTube,viral_trends_dataset,2022-07-01,,4.0,0,Image,#Fitness,406861,13785.0,79834,762333.0,65.6511,Medium
Twitter,viral_trends_dataset,2023-05-03,,2.0,0,Image,#Dance,420498,2661.0,5811,3252738.0,13.188,High
Instagram,viral_trends_dataset,2023-11-07,,1.0,0,Text,#Fashion,203708,23693.0,22677,4080585.0,6.1285,Medium
TikTok,viral_trends_dataset,2023-03-23,,3.0,0,Text,#Comedy,409512,9118.0,91982,1450112.0,35.2119,Medium
Twitter,viral_trends_dataset,2022-03-06,,6.0,1,Image,#Gaming,418988,18706.0,4122,2512592.0,17.5841,Low
TikTok,viral_trends_dataset,2023-11-06,,0.0,0,Video,#Fitness,291659,28024.0,27722,3714148.0,9.3536,High
Twitter,viral_trends_dataset,2022-06-07,,1.0,0,Text,#Challenge,337038,13735.0,56049,2276898.0,17.8674,Medium
YouTube,viral_trends_dataset,2023-08-11,,4.0,0,Video,#Challenge,493624,35727.0,4168,342675.0,155.6924,Low
Instagram,viral_trends_dataset,2023-12-02,,5.0,1,Image,#Fitness,198350,45466.0,96753,2787914.0,12.2159,Medium
Instagram,viral_trends_dataset,2023-02-10,,4.0,0,Text,#Comedy,69359,43386.0,66059,893271.0,20.0168,Medium
YouTube,viral_trends_dataset,2022-12-28,,2.0,0,Image,#Dance,381908,25476.0,33698,2061951.0,21.3915,High
Twitter,viral_trends_dataset,2022-04-01,,4.0,0,Video,#Music,32222,44453.0,64447,3823345.0,3.6911,High
Twitter,viral_trends_dataset,2022-10-23,,6.0,1,Live,#Fitness,118835,27781.0,19134,4330038.0,3.8279,High
YouTube,viral_trends_dataset,2023-02-06,,0.0,0,Video,#Fitness,86422,36320.0,85827,2714016.0,7.6849,High
Instagram,viral_trends_dataset,2022-03-11,,4.0,0,Text,#Music,448601,32818.0,52948,4588770.0,11.6451,Medium
Instagram,viral_trends_dataset,2022-10-18,,1.0,0,Video,#Tech,265199,34447.0,14446,485489.0,64.696,Low
YouTube,viral_trends_dataset,2022-02-04,,4.0,0,Image,#Education,472554,14495.0,2742,2688752.0,18.2163,Low
YouTube,viral_trends_dataset,2023-01-06,,4.0,0,Image,#Comedy,154294,18043.0,98184,2417512.0,11.1901,Medium
TikTok,viral_trends_dataset,2023-01-16,,0.0,0,Text,#Comedy,488560,11999.0,75088,1612356.0,35.7022,Low
Instagram,viral_trends_dataset,2023-01-14,,5.0,1,Video,#Dance,366128,22677.0,20712,242459.0,168.9015,Medium
Twitter,viral_trends_dataset,2023-04-28,,4.0,0,Live,#Dance,326486,47705.0,69020,4041579.0,10.9663,High
Twitter,viral_trends_dataset,2022-05-01,,6.0,1,Image,#Dance,156292,3643.0,18753,2214561.0,8.0688,Medium
YouTube,viral_trends_dataset,2023-01-18,,2.0,0,Image,#Dance,262085,37571.0,98352,2524440.0,15.7662,High
Instagram,viral_trends_dataset,2022-03-07,,0.0,0,Video,#Viral,328475,45120.0,4510,4675636.0,8.0867,Low
YouTube,viral_trends_dataset,2023-11-20,,0.0,0,Live,#Tech,43035,29091.0,52724,1093553.0,11.4169,Low
Twitter,viral_trends_dataset,2023-02-02,,3.0,0,Text,#Music,157614,47778.0,70326,2860355.0,9.6393,Medium
Twitter,viral_trends_dataset,2023-02-10,,4.0,0,Video,#Fitness,200851,35230.0,87149,4643597.0,6.9608,Low
Twitter,viral_trends_dataset,2023-01-21,,5.0,1,Video,#Challenge,142520,26214.0,56142,4889936.0,4.5988,High
TikTok,viral_trends_dataset,2022-01-24,,0.0,0,Video,#Education,353517,11414.0,41615,1483481.0,27.4049,Low
Instagram,viral_trends_dataset,2022-12-08,,3.0,0,Text,#Dance,421895,12150.0,50675,734933.0,65.9543,Medium
YouTube,viral_trends_dataset,2023-06-23,,4.0,0,Video,#Fashion,464196,45876.0,67958,4485712.0,12.886,High
Twitter,viral_trends_dataset,2023-01-20,,4.0,0,Video,#Comedy,105888,47511.0,48384,1165962.0,17.3061,High
Twitter,viral_trends_dataset,2022-01-15,,5.0,1,Text,#Gaming,251591,36509.0,9900,791211.0,37.6638,High
YouTube,viral_trends_dataset,2023-10-18,,2.0,0,Image,#Dance,275570,37643.0,36739,755921.0,46.2948,High
Instagram,viral_trends_dataset,2022-11-05,,5.0,1,Text,#Fitness,136472,18304.0,63614,1966067.0,11.108,Medium
Twitter,viral_trends_dataset,2023-10-22,,6.0,1,Text,#Fashion,455318,39134.0,72364,3275624.0,17.3041,Medium
Twitter,viral_trends_dataset,2022-02-20,,6.0,1,Live,#Comedy,200375,37178.0,2393,4914869.0,4.882,Medium
Twitter,viral_trends_dataset,2023-06-12,,0.0,0,Text,#Music,180020,5645.0,88660,694970.0,39.4729,High
YouTube,viral_trends_dataset,2023-07-01,,5.0,1,Text,#Comedy,317525,25462.0,50404,2507996.0,15.6855,High
Twitter,viral_trends_dataset,2022-07-18,,0.0,0,Video,#Dance,277831,1487.0,95870,2122512.0,17.6766,High
Twitter,viral_trends_dataset,2022-05-15,,6.0,1,Video,#Dance,159466,24528.0,75212,4445772.0,5.8304,Low
Instagram,viral_trends_dataset,2023-11-05,,6.0,1,Video,#Education,300566,48197.0,97031,495496.0,89.9692,Low
TikTok,viral_trends_dataset,2023-04-25,,1.0,0,Image,#Challenge,94853,31836.0,68842,1035819.0,18.8769,Low
Twitter,viral_trends_dataset,2022-06-05,,6.0,1,Text,#Comedy,50456,13951.0,76836,424447.0,33.2769,High
TikTok,viral_trends_dataset,2022-10-01,,5.0,1,Video,#Gaming,495150,2858.0,7915,3949831.0,12.8087,High
Instagram,viral_trends_dataset,2023-01-04,,2.0,0,Video,#Tech,392371,10705.0,44740,70424.0,635.8855,Low
TikTok,viral_trends_dataset,2022-01-14,,4.0,0,Live,#Fitness,44861,46410.0,86973,4820393.0,3.6977,Medium
TikTok,viral_trends_dataset,2023-12-19,,1.0,0,Video,#Fashion,437954,46333.0,60063,864256.0,62.9848,High
Instagram,viral_trends_dataset,2023-07-05,,2.0,0,Video,#Comedy,232747,27858.0,87334,1853392.0,18.7731,Medium
Twitter,viral_trends_dataset,2022-07-14,,3.0,0,Live,#Challenge,65555,13215.0,32126,4700334.0,2.3593,High
TikTok,viral_trends_dataset,2023-09-30,,5.0,1,Video,#Education,108323,6295.0,25130,4412697.0,3.167,High
Instagram,viral_trends_dataset,2022-08-30,,1.0,0,Live,#Education,127995,14353.0,30856,340950.0,50.8004,High
TikTok,viral_trends_dataset,2023-03-10,,4.0,0,Text,#Tech,75074,26590.0,87283,3763770.0,5.0202,Medium
Twitter,viral_trends_dataset,2023-06-29,,3.0,0,Text,#Dance,373829,12167.0,36151,394485.0,107.0122,Low
Twitter,viral_trends_dataset,2023-09-07,,3.0,0,Live,#Viral,138828,35614.0,47483,4250412.0,5.2213,High
Twitter,viral_trends_dataset,2022-03-08,,1.0,0,Video,#Tech,357734,37238.0,70729,1722013.0,27.044,High
Twitter,viral_trends_dataset,2023-01-26,,3.0,0,Video,#Comedy,471796,14073.0,85070,1359747.0,41.9886,High
YouTube,viral_trends_dataset,2023-10-25,,2.0,0,Text,#Comedy,109645,13223.0,57308,3205182.0,5.6214,Medium
Instagram,viral_trends_dataset,2022-09-13,,1.0,0,Video,#Education,426321,27048.0,26174,1333000.0,35.9747,Medium
Instagram,viral_trends_dataset,2023-12-03,,6.0,1,Image,#Challenge,19494,8753.0,13359,543708.0,7.6523,Low
TikTok,viral_trends_dataset,2023-03-13,,0.0,0,Video,#Fitness,429342,28304.0,49196,2337694.0,21.6813,Medium
TikTok,viral_trends_dataset,2022-05-16,,0.0,0,Video,#Comedy,44643,20950.0,79715,1423060.0,10.211,High
Twitter,viral_trends_dataset,2022-08-09,,1.0,0,Live,#Comedy,81866,42489.0,70328,70463.0,276.2911,Low
TikTok,viral_trends_dataset,2022-03-17,,3.0,0,Image,#Dance,457409,8442.0,42668,245443.0,207.1842,Low
TikTok,viral_trends_dataset,2023-11-27,,0.0,0,Text,#Education,67157,10189.0,46609,2243003.0,5.5263,High
YouTube,viral_trends_dataset,2022-01-23,,6.0,1,Image,#Comedy,90799,11229.0,30845,567506.0,23.4135,Medium
YouTube,viral_trends_dataset,2023-04-11,,1.0,0,Image,#Music,10364,34324.0,16629,1345248.0,4.558,Medium
Instagram,viral_trends_dataset,2023-04-03,,0.0,0,Video,#Dance,489613,13429.0,6414,567122.0,89.8318,Low
Twitter,viral_trends_dataset,2023-12-05,,1.0,0,Video,#Fitness,143216,38476.0,93614,4719001.0,5.834,Low
TikTok,viral_trends_dataset,2023-09-28,,3.0,0,Text,#Gaming,485410,177.0,96395,1357286.0,42.8784,High
Twitter,viral_trends_dataset,2023-06-24,,5.0,1,Text,#Fashion,202870,3153.0,25710,2298278.0,10.0829,Low
TikTok,viral_trends_dataset,2023-02-21,,1.0,0,Image,#Challenge,440596,23094.0,28677,436487.0,112.8022,Medium
YouTube,viral_trends_dataset,2022-05-31,,1.0,0,Image,#Fashion,151603,8914.0,30104,2824208.0,6.7495,High
Twitter,viral_trends_dataset,2023-10-16,,0.0,0,Text,#Gaming,254149,17586.0,3970,2517906.0,10.9498,Medium
TikTok,viral_trends_dataset,2022-03-23,,2.0,0,Text,#Challenge,29674,4514.0,53802,1070510.0,8.2194,High
TikTok,viral_trends_dataset,2022-11-30,,2.0,0,Text,#Comedy,130484,12010.0,70848,3369227.0,6.3321,Medium
TikTok,viral_trends_dataset,2023-01-18,,2.0,0,Video,#Fitness,118495,34440.0,10621,2580238.0,6.3388,Medium
TikTok,viral_trends_dataset,2023-10-16,,0.0,0,Live,#Comedy,301730,29582.0,23651,1094116.0,32.4429,High
YouTube,viral_trends_dataset,2023-04-12,,2.0,0,Video,#Music,201634,4367.0,7994,3107277.0,6.8869,High
Instagram,viral_trends_dataset,2022-05-07,,5.0,1,Video,#Tech,423463,17585.0,33243,3502729.0,13.5406,Medium
YouTube,viral_trends_dataset,2022-09-18,,6.0,1,Text,#Tech,306268,45513.0,94923,3073848.0,14.5324,Medium
TikTok,viral_trends_dataset,2023-12-01,,4.0,0,Text,#Comedy,158177,47525.0,72216,2092377.0,13.2824,High
YouTube,viral_trends_dataset,2023-08-20,,6.0,1,Image,#Education,474798,40024.0,91950,4530257.0,13.3938,High
TikTok,viral_trends_dataset,2022-10-20,,3.0,0,Live,#Tech,462449,44021.0,15517,4297874.0,12.1452,Medium
TikTok,viral_trends_dataset,2023-07-27,,3.0,0,Image,#Comedy,439633,47276.0,17966,2847461.0,17.7307,Medium
Instagram,viral_trends_dataset,2022-09-21,,2.0,0,Video,#Viral,225112,15291.0,53015,4096574.0,7.1625,Low
Twitter,viral_trends_dataset,2023-02-27,,0.0,0,Video,#Fitness,239914,8352.0,45200,3708615.0,7.9131,Low
TikTok,viral_trends_dataset,2022-02-03,,3.0,0,Video,#Music,375210,40390.0,72728,4047898.0,12.0637,Medium
Twitter,viral_trends_dataset,2022-10-18,,1.0,0,Video,#Comedy,97672,49856.0,26461,2676484.0,6.5007,High
Instagram,viral_trends_dataset,2022-08-19,,4.0,0,Video,#Education,320162,32.0,73066,961039.0,40.9203,Low
Twitter,viral_trends_dataset,2023-07-21,,4.0,0,Text,#Fashion,336179,32549.0,69578,3806052.0,11.516,Medium
TikTok,viral_trends_dataset,2023-02-01,,2.0,0,Text,#Viral,10022,49788.0,63720,2277888.0,5.423,Low
Instagram,viral_trends_dataset,2023-11-30,,3.0,0,Text,#Viral,419814,45277.0,14656,3850711.0,12.4587,Low
Twitter,viral_trends_dataset,2022-01-05,,2.0,0,Video,#Tech,177756,36886.0,68407,1675122.0,16.8972,Medium
Instagram,viral_trends_dataset,2022-01-21,,4.0,0,Video,#Challenge,293092,41884.0,98179,121735.0,355.818,Low
Instagram,viral_trends_dataset,2023-08-14,,0.0,0,Video,#Music,110690,22816.0,51877,423362.0,43.7883,High
Twitter,viral_trends_dataset,2022-07-16,,5.0,1,Video,#Challenge,99211,37170.0,30845,2902262.0,5.7619,Medium
YouTube,viral_trends_dataset,2023-08-22,,1.0,0,Image,#Challenge,304208,36984.0,67487,1670715.0,24.4613,High
YouTube,viral_trends_dataset,2023-02-16,,3.0,0,Text,#Fitness,6650,12776.0,74312,3577708.0,2.6201,Low
Twitter,viral_trends_dataset,2022-05-27,,4.0,0,Image,#Comedy,52815,25431.0,89361,4157406.0,4.0315,Medium
TikTok,viral_trends_dataset,2022-09-08,,3.0,0,Image,#Comedy,204064,46500.0,19359,4955860.0,5.4465,Medium
TikTok,viral_trends_dataset,2023-05-02,,1.0,0,Image,#Tech,211324,48831.0,22318,3562055.0,7.9301,Low
YouTube,viral_trends_dataset,2022-12-29,,3.0,0,Image,#Fashion,329468,13843.0,67869,4443444.0,9.2536,Medium
TikTok,viral_trends_dataset,2023-06-01,,3.0,0,Video,#Comedy,207589,15058.0,13408,377149.0,62.5893,High
YouTube,viral_trends_dataset,2023-03-22,,2.0,0,Live,#Tech,428947,4775.0,52195,2711504.0,17.9206,High
YouTube,viral_trends_dataset,2022-11-11,,4.0,0,Live,#Challenge,121461,29359.0,7858,429918.0,36.9089,Low
YouTube,viral_trends_dataset,2023-08-14,,0.0,0,Live,#Gaming,127139,42147.0,4948,4023574.0,4.3303,Medium
TikTok,viral_trends_dataset,2023-05-03,,2.0,0,Text,#Gaming,104414,39972.0,65393,3106083.0,6.7538,High
Twitter,viral_trends_dataset,2023-11-07,,1.0,0,Video,#Viral,370936,10055.0,46890,374765.0,114.1731,Low
Instagram,viral_trends_dataset,2022-05-17,,1.0,0,Image,#Tech,332761,41115.0,15013,3573199.0,10.8835,Low
YouTube,viral_trends_dataset,2022-11-24,,3.0,0,Image,#Education,333017,28501.0,23933,1772657.0,21.7443,Low
YouTube,viral_trends_dataset,2022-02-26,,5.0,1,Image,#Gaming,54955,8025.0,38056,3559212.0,2.8387,High
TikTok,viral_trends_dataset,2023-08-07,,0.0,0,Live,#Education,19332,49459.0,644,147632.0,47.0325,Low
Instagram,viral_trends_dataset,2022-02-06,,6.0,1,Image,#Challenge,465551,48715.0,15136,258238.0,205.0055,Low
TikTok,viral_trends_dataset,2023-09-05,,1.0,0,Video,#Dance,402734,18629.0,72073,4133077.0,11.9387,Medium
Twitter,viral_trends_dataset,2022-10-23,,6.0,1,Video,#Challenge,105546,41182.0,30995,3128393.0,5.681,Medium
Instagram,viral_trends_dataset,2023-02-24,,4.0,0,Text,#Music,253002,33534.0,46733,1568970.0,21.2413,Medium
Instagram,viral_trends_dataset,2023-04-23,,6.0,1,Live,#Education,267582,25379.0,36900,464742.0,70.9772,High
TikTok,viral_trends_dataset,2023-09-21,,3.0,0,Video,#Fitness,461968,36689.0,86514,2014353.0,29.0501,High
Instagram,viral_trends_dataset,2022-01-14,,4.0,0,Text,#Dance,201616,22357.0,27274,2177286.0,11.5395,High
TikTok,viral_trends_dataset,2022-06-20,,0.0,0,Text,#Viral,139678,14788.0,73551,4338397.0,5.2558,Medium
Instagram,viral_trends_dataset,2022-07-16,,5.0,1,Video,#Gaming,103924,38288.0,29063,4659521.0,3.6758,Medium
YouTube,viral_trends_dataset,2022-03-17,,3.0,0,Text,#Challenge,20284,14181.0,70366,2893640.0,3.6228,High
TikTok,viral_trends_dataset,2023-09-03,,6.0,1,Image,#Comedy,426113,42629.0,93461,2815469.0,19.9684,Medium
Instagram,viral_trends_dataset,2022-07-01,,4.0,0,Text,#Viral,384860,37574.0,45831,3031527.0,15.4465,High
Instagram,viral_trends_dataset,2022-03-24,,3.0,0,Text,#Challenge,225104,47565.0,99715,4655360.0,7.999,Low
YouTube,viral_trends_dataset,2023-12-25,,0.0,0,Image,#Viral,125819,41305.0,12927,1850613.0,9.7293,Medium
TikTok,viral_trends_dataset,2022-12-29,,3.0,0,Text,#Gaming,351628,3706.0,3482,2210593.0,16.2317,High
Twitter,viral_trends_dataset,2022-04-17,,6.0,1,Text,#Education,219874,723.0,52071,2511011.0,10.8589,High
Twitter,viral_trends_dataset,2023-09-24,,6.0,1,Video,#Comedy,448526,15900.0,39996,4904231.0,10.2854,Medium
YouTube,viral_trends_dataset,2022-11-02,,2.0,0,Text,#Tech,396267,22034.0,48676,630739.0,74.0365,Low
TikTok,viral_trends_dataset,2022-06-23,,3.0,0,Text,#Gaming,2798,39467.0,3479,1572385.0,2.9092,Low
Instagram,viral_trends_dataset,2023-04-23,,6.0,1,Video,#Dance,491525,23004.0,45339,871802.0,64.2196,Medium
YouTube,viral_trends_dataset,2023-01-20,,4.0,0,Video,#Tech,327478,4748.0,80291,3044031.0,13.5517,Low
Twitter,viral_trends_dataset,2022-11-05,,5.0,1,Live,#Comedy,386123,18115.0,50354,3432762.0,13.2427,High
Twitter,viral_trends_dataset,2023-04-07,,4.0,0,Video,#Tech,469691,14666.0,78098,2145559.0,26.2148,Medium
Twitter,viral_trends_dataset,2022-03-10,,3.0,0,Image,#Dance,387203,5608.0,7684,2064776.0,19.3965,Low
YouTube,viral_trends_dataset,2022-05-23,,0.0,0,Image,#Viral,364531,539.0,95192,354702.0,129.7602,High
Instagram,viral_trends_dataset,2023-04-18,,1.0,0,Image,#Tech,389852,3432.0,99285,665740.0,73.9882,Medium
Instagram,viral_trends_dataset,2022-09-01,,3.0,0,Video,#Fitness,440332,85.0,73379,4582997.0,11.2109,Low
YouTube,viral_trends_dataset,2022-09-22,,3.0,0,Text,#Education,267737,27304.0,59937,1392163.0,25.4983,Medium
YouTube,viral_trends_dataset,2023-11-16,,3.0,0,Image,#Dance,333767,29602.0,32881,2183312.0,18.149,High
Instagram,viral_trends_dataset,2022-06-04,,5.0,1,Video,#Music,137209,31685.0,75303,2267018.0,10.7717,Low
Twitter,viral_trends_dataset,2023-04-08,,5.0,1,Text,#Viral,130934,3519.0,94962,1513659.0,15.1563,Low
Twitter,viral_trends_dataset,2022-06-02,,3.0,0,Live,#Fashion,243498,44516.0,80458,3267376.0,11.2773,Low
TikTok,viral_trends_dataset,2023-04-21,,4.0,0,Video,#Challenge,176918,18345.0,38776,2127779.0,10.9992,Low
Instagram,viral_trends_dataset,2022-02-18,,4.0,0,Live,#Fashion,244562,44396.0,87770,4151557.0,9.0744,Low
Twitter,viral_trends_dataset,2022-03-25,,4.0,0,Video,#Gaming,165482,24681.0,18721,360483.0,57.9456,High
YouTube,viral_trends_dataset,2023-07-13,,3.0,0,Video,#Challenge,423644,26739.0,6076,4987250.0,9.1525,Medium
YouTube,viral_trends_dataset,2023-04-03,,0.0,0,Video,#Challenge,196077,26238.0,21722,2612254.0,9.342,High
Instagram,viral_trends_dataset,2022-12-27,,1.0,0,Video,#Education,448944,42580.0,80149,378823.0,150.9077,Low
TikTok,viral_trends_dataset,2023-02-08,,2.0,0,Video,#Fitness,151416,7048.0,16628,4968911.0,3.5237,Medium
Twitter,viral_trends_dataset,2022-02-15,,1.0,0,Video,#Education,419303,44765.0,18861,2319248.0,20.8227,Low
Instagram,viral_trends_dataset,2023-09-17,,6.0,1,Live,#Challenge,73906,12876.0,1462,901819.0,9.7851,Low
Instagram,viral_trends_dataset,2023-01-14,,5.0,1,Live,#Education,188326,37760.0,41895,1924813.0,13.9224,Medium
Twitter,viral_trends_dataset,2023-07-15,,5.0,1,Text,#Fitness,337898,24827.0,22528,1779685.0,21.6473,Medium
Instagram,viral_trends_dataset,2023-10-16,,0.0,0,Live,#Education,52495,5523.0,86474,166638.0,86.7101,Low
Twitter,viral_trends_dataset,2022-12-22,,3.0,0,Video,#Education,149289,13777.0,67652,4952299.0,4.6588,Medium
Instagram,viral_trends_dataset,2022-02-11,,4.0,0,Video,#Viral,408446,12149.0,85164,908633.0,55.6615,High
YouTube,viral_trends_dataset,2022-04-13,,2.0,0,Video,#Education,1635,48614.0,16037,4687224.0,1.4142,Medium
YouTube,viral_trends_dataset,2022-02-25,,4.0,0,Video,#Comedy,17789,39138.0,36088,2758571.0,3.3719,Low
Twitter,viral_trends_dataset,2022-08-27,,5.0,1,Text,#Music,269239,864.0,27213,253934.0,117.084,Medium
YouTube,viral_trends_dataset,2022-07-13,,2.0,0,Text,#Dance,297140,29483.0,22102,3230389.0,10.7951,Low
YouTube,viral_trends_dataset,2022-01-20,,3.0,0,Text,#Tech,15538,38006.0,92514,3448262.0,4.2357,Low
TikTok,viral_trends_dataset,2022-12-26,,0.0,0,Live,#Music,227858,41021.0,13222,3739590.0,7.5436,Medium
YouTube,viral_trends_dataset,2022-02-24,,3.0,0,Video,#Music,74513,22252.0,3987,2520922.0,3.9966,High
Twitter,viral_trends_dataset,2022-03-23,,2.0,0,Text,#Music,347482,25800.0,13497,17826.0,2169.7464,Medium
Twitter,viral_trends_dataset,2023-04-18,,1.0,0,Text,#Education,301070,43935.0,32071,2717191.0,13.8774,High
TikTok,viral_trends_dataset,2023-03-04,,5.0,1,Video,#Gaming,249033,37351.0,82258,775716.0,47.5228,Low
Instagram,viral_trends_dataset,2022-03-07,,0.0,0,Image,#Education,4264,14816.0,75452,446706.0,21.162,High
Instagram,viral_trends_dataset,2022-09-01,,3.0,0,Live,#Fitness,342048,35490.0,65047,951304.0,46.524,Medium
Twitter,viral_trends_dataset,2023-10-05,,3.0,0,Text,#Gaming,224611,39231.0,22199,1181477.0,24.2105,Medium
YouTube,viral_trends_dataset,2023-02-16,,3.0,0,Image,#Challenge,74051,38144.0,17802,117636.0,110.5078,Medium
Instagram,viral_trends_dataset,2023-10-20,,4.0,0,Text,#Comedy,80185,48101.0,16999,3592472.0,4.0442,Medium
Instagram,viral_trends_dataset,2022-08-08,,0.0,0,Live,#Challenge,160629,9171.0,8445,3592674.0,4.9613,Medium
Twitter,viral_trends_dataset,2022-04-19,,1.0,0,Live,#Challenge,325301,3060.0,55955,4528887.0,8.4859,High
YouTube,viral_trends_dataset,2022-01-12,,2.0,0,Image,#Gaming,271019,31233.0,78128,1376828.0,27.6273,Medium
Instagram,viral_trends_dataset,2023-02-11,,5.0,1,Video,#Education,109616,40709.0,68468,4686957.0,4.6681,Medium
Twitter,viral_trends_dataset,2022-03-13,,6.0,1,Video,#Viral,425083,18977.0,93721,1375455.0,39.0984,High
YouTube,viral_trends_dataset,2022-03-17,,3.0,0,Image,#Fashion,387748,33010.0,35728,830776.0,54.9469,Medium
YouTube,viral_trends_dataset,2022-02-18,,4.0,0,Text,#Fitness,496319,12951.0,47342,2151293.0,25.8734,Low
Twitter,viral_trends_dataset,2023-09-24,,6.0,1,Video,#Gaming,388209,26138.0,72017,40081.0,1213.4528,Medium
Instagram,viral_trends_dataset,2022-11-17,,3.0,0,Video,#Viral,244672,24852.0,62989,2573525.0,12.9205,Low
Instagram,viral_trends_dataset,2023-05-06,,5.0,1,Video,#Music,271218,20950.0,30947,693490.0,46.5926,Medium
Instagram,viral_trends_dataset,2023-03-19,,6.0,1,Video,#Gaming,180949,16017.0,16220,1190294.0,17.9104,Medium
Instagram,viral_trends_dataset,2022-06-24,,4.0,0,Video,#Gaming,98332,12314.0,62494,1646518.0,10.5155,High
YouTube,viral_trends_dataset,2023-03-28,,1.0,0,Live,#Comedy,321532,11421.0,88462,3112756.0,13.5383,High
Twitter,viral_trends_dataset,2023-02-24,,4.0,0,Video,#Viral,65898,9970.0,18956,3255672.0,2.9126,High
YouTube,viral_trends_dataset,2022-10-30,,6.0,1,Video,#Comedy,379826,36689.0,54619,2440651.0,19.3036,High
Twitter,viral_trends_dataset,2022-09-06,,1.0,0,Text,#Comedy,1401,76.0,29795,1263815.0,2.4744,High
TikTok,viral_trends_dataset,2022-01-26,,2.0,0,Video,#Fashion,235401,10518.0,12601,2815018.0,9.1836,Medium
TikTok,viral_trends_dataset,2023-02-04,,5.0,1,Video,#Tech,260982,9713.0,45275,3868012.0,8.1688,Low
YouTube,viral_trends_dataset,2023-07-28,,4.0,0,Text,#Education,330323,34904.0,14225,4649706.0,8.1608,High
Twitter,viral_trends_dataset,2022-11-11,,4.0,0,Image,#Viral,80588,27308.0,58508,1972112.0,8.4379,Medium
Twitter,viral_trends_dataset,2023-02-04,,5.0,1,Live,#Gaming,25952,41935.0,33400,3944256.0,2.568,High
TikTok,viral_trends_dataset,2023-11-29,,2.0,0,Video,#Fitness,243400,22362.0,13662,1742308.0,16.0376,High
Twitter,viral_trends_dataset,2022-04-03,,6.0,1,Image,#Education,495721,41799.0,38652,3474219.0,16.5842,Low
Instagram,viral_trends_dataset,2022-10-31,,0.0,0,Live,#Gaming,417475,4254.0,40236,3335657.0,13.8493,Low
YouTube,viral_trends_dataset,2023-01-08,,6.0,1,Text,#Fashion,280029,41918.0,10369,3571417.0,9.3049,Medium
TikTok,viral_trends_dataset,2022-12-30,,4.0,0,Text,#Challenge,12459,44943.0,57771,112544.0,102.336,Low
YouTube,viral_trends_dataset,2023-11-30,,3.0,0,Video,#Challenge,403893,40713.0,40558,1120236.0,43.3091,High
TikTok,viral_trends_dataset,2022-10-20,,3.0,0,Text,#Fashion,376834,9324.0,42333,338635.0,126.5348,Low
TikTok,viral_trends_dataset,2023-04-16,,6.0,1,Text,#Music,349908,27281.0,55192,1689148.0,25.5976,Medium
Twitter,viral_trends_dataset,2023-04-27,,3.0,0,Live,#Tech,480303,3297.0,16618,2685855.0,18.6242,Medium
Instagram,viral_trends_dataset,2022-07-16,,5.0,1,Video,#Education,44750,21652.0,78711,2388920.0,6.0744,Low
Twitter,viral_trends_dataset,2023-07-09,,6.0,1,Video,#Challenge,434724,21460.0,83274,1729498.0,31.1916,High
YouTube,viral_trends_dataset,2022-05-11,,2.0,0,Video,#Music,155816,11156.0,10165,251467.0,70.4414,Low
YouTube,viral_trends_dataset,2023-05-16,,1.0,0,Text,#Gaming,345159,34160.0,23454,1300227.0,30.9771,High
YouTube,viral_trends_dataset,2023-09-30,,5.0,1,Video,#Music,344065,1905.0,98144,1073279.0,41.3792,Medium
Instagram,viral_trends_dataset,2023-11-16,,3.0,0,Video,#Viral,404283,41057.0,78130,3848863.0,13.6006,Low
Twitter,viral_trends_dataset,2022-10-23,,6.0,1,Video,#Music,82375,5404.0,992,266645.0,33.2918,Medium
TikTok,viral_trends_dataset,2022-02-15,,1.0,0,Video,#Viral,361896,26574.0,98169,4574441.0,10.6382,High
Twitter,viral_trends_dataset,2023-02-08,,2.0,0,Video,#Education,308840,35294.0,2844,4352106.0,7.9726,Medium
Instagram,viral_trends_dataset,2022-06-09,,3.0,0,Video,#Dance,103365,33276.0,58675,1926503.0,10.1384,High
Instagram,viral_trends_dataset,2023-11-27,,0.0,0,Live,#Challenge,198784,26902.0,96952,2167670.0,14.8841,Medium
Instagram,viral_trends_dataset,2022-05-11,,2.0,0,Video,#Fashion,309982,33816.0,34255,1083140.0,34.9034,High
Instagram,viral_trends_dataset,2023-05-12,,4.0,0,Image,#Fashion,308054,3366.0,29831,4398342.0,7.7586,Medium
Twitter,viral_trends_dataset,2022-12-03,,5.0,1,Text,#Fitness,213042,21008.0,71881,3684089.0,8.3041,Low
Twitter,viral_trends_dataset,2022-12-15,,3.0,0,Image,#Fitness,18862,16925.0,77762,2524980.0,4.497,Low
Twitter,viral_trends_dataset,2023-08-02,,2.0,0,Video,#Challenge,14811,11285.0,49603,3061168.0,2.4729,Low
Instagram,viral_trends_dataset,2022-01-03,,0.0,0,Live,#Viral,149844,35899.0,9065,275149.0,70.8009,Medium
YouTube,viral_trends_dataset,2022-11-25,,4.0,0,Text,#Tech,249339,20110.0,46801,4867109.0,6.4977,Medium
TikTok,viral_trends_dataset,2022-01-12,,2.0,0,Text,#Fashion,306470,46344.0,76377,1123564.0,38.1991,Low
TikTok,viral_trends_dataset,2022-12-22,,3.0,0,Live,#Viral,326063,11649.0,24819,3501632.0,10.3532,Low
YouTube,viral_trends_dataset,2023-12-17,,6.0,1,Image,#Comedy,432865,19828.0,34178,4874267.0,9.9886,High
Instagram,viral_trends_dataset,2022-05-14,,5.0,1,Live,#Challenge,118437,24358.0,23946,1137375.0,14.6602,High
YouTube,viral_trends_dataset,2022-06-29,,2.0,0,Live,#Education,134723,37987.0,43056,2623136.0,8.2255,Low
YouTube,viral_trends_dataset,2023-09-27,,2.0,0,Live,#Fitness,329945,11543.0,58746,4473535.0,8.9467,Low
Instagram,viral_trends_dataset,2023-12-05,,1.0,0,Video,#Fashion,227827,27104.0,65757,2984034.0,10.7468,High
Twitter,viral_trends_dataset,2023-06-01,,3.0,0,Video,#Fitness,338637,36429.0,28669,3033602.0,13.3088,Low
Instagram,viral_trends_dataset,2022-03-01,,1.0,0,Video,#Music,428789,5073.0,65984,3683276.0,13.5707,High
Instagram,viral_trends_dataset,2022-09-16,,4.0,0,Video,#Dance,183713,21436.0,10028,2836012.0,7.5873,Medium
TikTok,viral_trends_dataset,2022-10-09,,6.0,1,Video,#Dance,427255,23481.0,17081,3099164.0,15.0949,Medium
Instagram,viral_trends_dataset,2023-07-08,,5.0,1,Live,#Tech,401508,3275.0,59012,2682414.0,17.2902,High
TikTok,viral_trends_dataset,2022-02-12,,5.0,1,Image,#Challenge,304584,40015.0,57452,2872586.0,13.9961,High
TikTok,viral_trends_dataset,2023-01-09,,0.0,0,Video,#Music,141088,3107.0,4035,4174438.0,3.5509,Medium
YouTube,viral_trends_dataset,2023-08-23,,2.0,0,Live,#Tech,100333,21971.0,31439,4086758.0,3.762,High
YouTube,viral_trends_dataset,2023-05-28,,6.0,1,Image,#Fitness,163649,2558.0,27522,3574391.0,5.4199,Medium
Instagram,viral_trends_dataset,2022-09-28,,2.0,0,Image,#Dance,278567,12923.0,60593,4533957.0,7.7655,Medium
YouTube,viral_trends_dataset,2023-03-10,,4.0,0,Image,#Comedy,488131,34060.0,30145,3747425.0,14.7391,Low
Instagram,viral_trends_dataset,2023-06-06,,1.0,0,Text,#Gaming,435551,49483.0,48934,1296124.0,41.1973,High
TikTok,viral_trends_dataset,2023-04-25,,1.0,0,Video,#Tech,320167,21693.0,58134,3754208.0,10.6546,Medium
TikTok,viral_trends_dataset,2023-09-09,,5.0,1,Text,#Comedy,449919,19323.0,34524,4583841.0,10.99,Medium
TikTok,viral_trends_dataset,2023-08-01,,1.0,0,Video,#Viral,173288,35026.0,8666,2627566.0,8.2578,Low
TikTok,viral_trends_dataset,2023-09-07,,3.0,0,Image,#Dance,102013,3932.0,63301,797705.0,21.2166,Low
TikTok,viral_trends_dataset,2023-01-11,,2.0,0,Text,#Music,118065,29490.0,64239,3971254.0,5.3332,High
YouTube,viral_trends_dataset,2022-09-25,,6.0,1,Image,#Comedy,383878,9457.0,10656,4893326.0,8.256,Low
YouTube,viral_trends_dataset,2022-01-16,,6.0,1,Video,#Challenge,111081,24513.0,94452,4511253.0,5.0994,Medium
Instagram,viral_trends_dataset,2022-12-13,,1.0,0,Text,#Education,313528,39951.0,22858,3979197.0,9.4576,High
Twitter,viral_trends_dataset,2022-04-30,,5.0,1,Image,#Tech,485447,2604.0,53099,362721.0,149.1918,Medium
TikTok,viral_trends_dataset,2022-01-16,,6.0,1,Video,#Comedy,179308,36429.0,12608,1172906.0,19.4683,High
Instagram,viral_trends_dataset,2022-08-09,,1.0,0,Video,#Dance,223136,44738.0,3427,1576695.0,17.2069,High
Twitter,viral_trends_dataset,2022-06-26,,6.0,1,Live,#Gaming,318280,42534.0,73843,4906236.0,8.8593,Low
Instagram,viral_trends_dataset,2023-01-05,,3.0,0,Live,#Fashion,34941,9327.0,95591,3419646.0,4.0899,Medium
Twitter,viral_trends_dataset,2023-01-25,,2.0,0,Video,#Education,494185,46178.0,59718,4962420.0,12.0925,Low
YouTube,viral_trends_dataset,2022-05-18,,2.0,0,Video,#Fashion,214679,10183.0,15511,2449590.0,9.8128,Medium
YouTube,viral_trends_dataset,2022-02-06,,6.0,1,Text,#Comedy,87112,17649.0,16845,3800628.0,3.1996,Low
Twitter,viral_trends_dataset,2023-05-30,,1.0,0,Video,#Challenge,460489,41683.0,8748,3829079.0,13.3432,Medium
YouTube,viral_trends_dataset,2023-01-16,,0.0,0,Video,#Viral,188063,894.0,58662,1201990.0,20.6008,Low
YouTube,viral_trends_dataset,2022-10-30,,6.0,1,Video,#Gaming,129614,20813.0,63924,1020876.0,20.9968,High
YouTube,viral_trends_dataset,2022-02-17,,3.0,0,Live,#Tech,364476,24847.0,67740,2335723.0,19.5684,Low
Twitter,viral_trends_dataset,2023-02-17,,4.0,0,Video,#Comedy,360896,14628.0,25987,56202.0,714.407,Low
TikTok,viral_trends_dataset,2022-01-27,,3.0,0,Image,#Music,320781,16822.0,72443,4038519.0,10.1534,High
Instagram,viral_trends_dataset,2022-05-06,,4.0,0,Live,#Viral,173375,42896.0,36718,3237254.0,7.8149,High
Instagram,viral_trends_dataset,2023-04-27,,3.0,0,Image,#Dance,175063,25225.0,73833,4197833.0,6.5301,Low
Instagram,viral_trends_dataset,2023-06-05,,0.0,0,Image,#Education,250127,5413.0,90852,514956.0,67.2663,Low
Twitter,viral_trends_dataset,2022-11-04,,4.0,0,Video,#Comedy,355626,4053.0,71483,2549644.0,16.9107,Medium
YouTube,viral_trends_dataset,2023-01-05,,3.0,0,Text,#Gaming,199931,837.0,59221,1437913.0,18.081,Low
YouTube,viral_trends_dataset,2022-03-09,,2.0,0,Image,#Challenge,83217,31901.0,39130,514808.0,29.9622,Low
Twitter,viral_trends_dataset,2022-09-16,,4.0,0,Live,#Challenge,5693,1821.0,23769,3402798.0,0.9193,High
YouTube,viral_trends_dataset,2022-06-02,,3.0,0,Live,#Fashion,302157,24906.0,49992,413996.0,91.077,High
Twitter,viral_trends_dataset,2022-12-11,,6.0,1,Video,#Challenge,3501,20135.0,18005,2374524.0,1.7537,Medium
TikTok,viral_trends_dataset,2023-04-15,,5.0,1,Video,#Tech,88595,45790.0,23610,1372415.0,11.5122,Low
YouTube,viral_trends_dataset,2022-10-07,,4.0,0,Live,#Education,38806,36981.0,68565,3306131.0,4.3662,High
TikTok,viral_trends_dataset,2022-01-06,,3.0,0,Video,#Gaming,405577,43447.0,77631,3553589.0,14.8204,Low
YouTube,viral_trends_dataset,2022-09-20,,1.0,0,Video,#Challenge,133105,28482.0,51730,848550.0,25.139,Medium
YouTube,viral_trends_dataset,2022-06-25,,5.0,1,Video,#Challenge,189560,26317.0,31847,1769189.0,14.0021,Low
TikTok,viral_trends_dataset,2022-07-03,,6.0,1,Video,#Tech,499745,23489.0,31698,309064.0,179.5525,Medium
YouTube,viral_trends_dataset,2022-11-10,,3.0,0,Video,#Education,3960,44074.0,92374,1086831.0,12.919,Medium
Twitter,viral_trends_dataset,2022-07-16,,5.0,1,Video,#Music,166023,31572.0,16059,473800.0,45.0937,Low
Twitter,viral_trends_dataset,2023-10-27,,4.0,0,Video,#Tech,150828,27357.0,7751,18921.0,982.6965,Medium
TikTok,viral_trends_dataset,2022-01-12,,2.0,0,Video,#Education,389906,34423.0,66441,4387929.0,11.1845,Low
YouTube,viral_trends_dataset,2022-08-14,,6.0,1,Live,#Comedy,486556,27405.0,43076,2449452.0,22.7413,Medium
Instagram,viral_trends_dataset,2022-06-24,,4.0,0,Video,#Comedy,134680,2898.0,43340,4854685.0,3.7267,High
TikTok,viral_trends_dataset,2022-10-16,,6.0,1,Live,#Comedy,191445,28974.0,84877,2052067.0,14.8775,High
YouTube,viral_trends_dataset,2022-04-21,,3.0,0,Text,#Dance,423291,42439.0,97889,4767251.0,11.8227,Medium
YouTube,viral_trends_dataset,2023-02-14,,1.0,0,Video,#Challenge,300651,25054.0,67181,2368362.0,16.5889,Low
Twitter,viral_trends_dataset,2023-02-21,,1.0,0,Video,#Music,87753,20428.0,74372,2175561.0,8.3911,Low
TikTok,viral_trends_dataset,2022-08-24,,2.0,0,Text,#Education,206594,9751.0,29902,4539531.0,5.4245,High
Instagram,viral_trends_dataset,2023-10-31,,1.0,0,Video,#Education,184413,49856.0,88201,3713005.0,8.6849,Medium
YouTube,viral_trends_dataset,2023-03-28,,1.0,0,Video,#Comedy,391333,40019.0,26828,1236179.0,37.0642,Low
Twitter,viral_trends_dataset,2023-08-03,,3.0,0,Video,#Comedy,115168,41321.0,96016,1933738.0,13.0579,Medium
TikTok,viral_trends_dataset,2023-07-01,,5.0,1,Video,#Dance,32328,40462.0,44030,4909664.0,2.3794,High
Twitter,viral_trends_dataset,2022-09-07,,2.0,0,Video,#Education,173474,23322.0,36619,4022545.0,5.8027,High
Instagram,viral_trends_dataset,2022-11-15,,1.0,0,Image,#Comedy,476795,7602.0,23810,4117289.0,12.3432,Low
Twitter,viral_trends_dataset,2022-03-11,,4.0,0,Live,#Music,157100,36003.0,82852,4850591.0,5.6891,High
Instagram,viral_trends_dataset,2022-09-22,,3.0,0,Live,#Fitness,394171,26112.0,34790,2359516.0,19.2867,High
Instagram,viral_trends_dataset,2022-10-08,,5.0,1,Image,#Viral,361442,22650.0,26848,3647993.0,11.2648,High
YouTube,viral_trends_dataset,2023-09-09,,5.0,1,Live,#Tech,205027,23644.0,91912,3520520.0,9.1061,Medium
YouTube,viral_trends_dataset,2022-04-27,,2.0,0,Video,#Viral,498977,24137.0,52685,333545.0,172.6301,Low
YouTube,viral_trends_dataset,2022-03-02,,2.0,0,Video,#Gaming,43250,38132.0,25450,3230981.0,3.3065,Low
Instagram,viral_trends_dataset,2023-10-27,,4.0,0,Live,#Challenge,457202,35485.0,95950,4902801.0,12.0061,Medium
YouTube,viral_trends_dataset,2022-10-30,,6.0,1,Video,#Education,396292,2274.0,22112,4378018.0,9.6089,Medium
TikTok,viral_trends_dataset,2022-06-25,,5.0,1,Video,#Fitness,37622,46460.0,68224,4489295.0,3.3926,Low
TikTok,viral_trends_dataset,2023-06-15,,3.0,0,Video,#Tech,149329,17569.0,37190,4536700.0,4.4986,Medium
Twitter,viral_trends_dataset,2023-06-08,,3.0,0,Image,#Fitness,415815,44101.0,78416,4303043.0,12.5105,Low
YouTube,viral_trends_dataset,2022-04-22,,4.0,0,Video,#Fitness,346558,22532.0,13640,348322.0,109.8782,High
Instagram,viral_trends_dataset,2023-03-25,,5.0,1,Image,#Fitness,493844,39629.0,93705,129205.0,485.4131,High
YouTube,viral_trends_dataset,2022-09-20,,1.0,0,Video,#Tech,162946,39590.0,44597,4402616.0,5.6133,High
Twitter,viral_trends_dataset,2022-05-05,,3.0,0,Image,#Challenge,161319,32048.0,17132,100506.0,209.4392,Low
YouTube,viral_trends_dataset,2023-10-16,,0.0,0,Text,#Music,364956,18498.0,49873,4377468.0,9.899,High
TikTok,viral_trends_dataset,2023-09-15,,4.0,0,Video,#Fitness,365320,19992.0,56390,1568096.0,28.168,Low
YouTube,viral_trends_dataset,2023-03-02,,3.0,0,Video,#Gaming,283273,30094.0,38125,147145.0,238.8746,Low
TikTok,viral_trends_dataset,2022-07-28,,3.0,0,Video,#Viral,330425,37518.0,27066,2732458.0,14.4562,Medium
YouTube,viral_trends_dataset,2022-06-12,,6.0,1,Video,#Music,445708,44109.0,53584,4278894.0,12.6996,Low
TikTok,viral_trends_dataset,2022-03-08,,1.0,0,Video,#Music,315226,8993.0,26911,2325819.0,15.097,High
Instagram,viral_trends_dataset,2022-08-20,,5.0,1,Video,#Viral,10397,41748.0,53914,90504.0,117.1871,High
YouTube,viral_trends_dataset,2023-08-31,,3.0,0,Video,#Fitness,369184,30236.0,10787,449430.0,91.2727,Medium
Instagram,viral_trends_dataset,2022-03-20,,6.0,1,Video,#Tech,35801,1191.0,70630,1357187.0,7.9298,High
Twitter,viral_trends_dataset,2023-11-30,,3.0,0,Video,#Tech,476827,49349.0,68811,3342463.0,17.8009,Medium
TikTok,viral_trends_dataset,2022-01-28,,4.0,0,Video,#Challenge,40490,43200.0,5847,137563.0,65.088,Medium
Instagram,viral_trends_dataset,2023-02-18,,5.0,1,Live,#Fashion,301141,34908.0,73729,1211898.0,33.8129,High
Twitter,viral_trends_dataset,2023-09-07,,3.0,0,Live,#Viral,180600,22982.0,24471,3574989.0,6.3791,High
TikTok,viral_trends_dataset,2022-04-12,,1.0,0,Video,#Dance,214451,31466.0,28768,885342.0,31.0259,High
YouTube,viral_trends_dataset,2022-10-10,,0.0,0,Video,#Gaming,185166,46247.0,73884,3620989.0,8.4313,Low
Instagram,viral_trends_dataset,2023-06-22,,3.0,0,Video,#Dance,15155,46703.0,48834,4694304.0,2.358,Low
TikTok,viral_trends_dataset,2022-08-03,,2.0,0,Live,#Fashion,233439,20234.0,92096,4298867.0,8.0433,High
TikTok,viral_trends_dataset,2023-07-01,,5.0,1,Text,#Education,212701,10352.0,97549,1308627.0,24.4991,Low
Instagram,viral_trends_dataset,2023-01-15,,6.0,1,Image,#Fashion,135067,34647.0,2582,2126836.0,8.101,Medium
YouTube,viral_trends_dataset,2023-01-27,,4.0,0,Live,#Challenge,488416,36638.0,16876,4411840.0,12.2835,Low
Twitter,viral_trends_dataset,2023-06-25,,6.0,1,Text,#Gaming,330152,11566.0,54247,3605502.0,10.9822,Medium
YouTube,viral_trends_dataset,2023-01-25,,2.0,0,Text,#Dance,352053,33451.0,35563,4563829.0,9.2262,High
TikTok,viral_trends_dataset,2023-12-06,,2.0,0,Live,#Viral,255199,10919.0,28172,400059.0,73.5616,Medium
Twitter,viral_trends_dataset,2022-05-22,,6.0,1,Video,#Comedy,157911,2947.0,30071,977370.0,19.535,Low
YouTube,viral_trends_dataset,2023-08-12,,5.0,1,Video,#Tech,44245,42732.0,12962,4464692.0,2.2384,High
YouTube,viral_trends_dataset,2022-11-06,,6.0,1,Video,#Tech,376512,34314.0,76764,1880584.0,25.9276,Medium
TikTok,viral_trends_dataset,2022-07-01,,4.0,0,Video,#Dance,220279,13445.0,58403,3073948.0,9.5033,High
Instagram,viral_trends_dataset,2022-03-26,,5.0,1,Image,#Education,182675,44718.0,74863,3839951.0,7.8714,High
TikTok,viral_trends_dataset,2022-06-24,,4.0,0,Video,#Education,376170,34545.0,83061,2716465.0,18.1772,High
YouTube,viral_trends_dataset,2022-04-15,,4.0,0,Text,#Fashion,344123,48849.0,4329,1335761.0,29.7434,High
YouTube,viral_trends_dataset,2023-08-02,,2.0,0,Video,#Gaming,286650,27032.0,1000,1180149.0,26.6646,High
Instagram,viral_trends_dataset,2022-01-06,,3.0,0,Video,#Comedy,410588,47032.0,47199,2002817.0,25.2054,Medium
TikTok,viral_trends_dataset,2022-01-24,,0.0,0,Live,#Viral,313875,37466.0,38766,845246.0,46.1531,Low
YouTube,viral_trends_dataset,2023-09-23,,5.0,1,Video,#Viral,104299,20911.0,51143,4066726.0,4.3365,High
YouTube,viral_trends_dataset,2022-09-09,,4.0,0,Text,#Gaming,163362,36293.0,93921,3764424.0,7.7987,Medium
TikTok,viral_trends_dataset,2023-02-14,,1.0,0,Video,#Viral,364965,5962.0,35233,3988342.0,10.1837,Low
TikTok,viral_trends_dataset,2022-06-11,,5.0,1,Text,#Music,341337,35090.0,10605,1934330.0,20.0086,High
Twitter,viral_trends_dataset,2022-08-09,,1.0,0,Live,#Challenge,244568,37072.0,41301,383395.0,84.2319,Low
Instagram,viral_trends_dataset,2023-12-28,,3.0,0,Video,#Dance,404702,25629.0,36285,3469085.0,13.4507,Medium
Instagram,viral_trends_dataset,2023-07-03,,0.0,0,Video,#Music,369883,14583.0,17225,2594914.0,15.4799,High
Twitter,viral_trends_dataset,2022-07-18,,0.0,0,Video,#Tech,468653,15054.0,40159,1785067.0,29.3471,Low
Instagram,viral_trends_dataset,2023-07-07,,4.0,0,Text,#Education,462737,45849.0,18302,3329289.0,15.8258,High
YouTube,viral_trends_dataset,2023-11-24,,4.0,0,Live,#Dance,323173,33894.0,11546,2888178.0,12.7628,Low
Instagram,viral_trends_dataset,2022-08-15,,0.0,0,Text,#Education,71183,7595.0,55349,3177760.0,4.2208,Low
Twitter,viral_trends_dataset,2022-03-02,,2.0,0,Video,#Education,82371,38074.0,33738,3812332.0,4.0443,Low
Instagram,viral_trends_dataset,2023-10-21,,5.0,1,Text,#Fashion,40261,5633.0,23562,3660613.0,1.8974,High
YouTube,viral_trends_dataset,2022-04-21,,3.0,0,Video,#Viral,476063,6057.0,92607,3837180.0,14.9778,Low
YouTube,viral_trends_dataset,2022-08-25,,3.0,0,Image,#Education,278234,4670.0,36961,4709663.0,6.7917,Medium
YouTube,viral_trends_dataset,2023-03-27,,0.0,0,Text,#Viral,315371,14695.0,43915,4812283.0,7.7714,Low
TikTok,viral_trends_dataset,2023-02-07,,1.0,0,Text,#Fitness,275554,15183.0,76015,3722792.0,9.8515,High
TikTok,viral_trends_dataset,2023-02-26,,6.0,1,Image,#Education,434249,18517.0,5820,4094329.0,11.2005,Low
YouTube,viral_trends_dataset,2023-07-23,,6.0,1,Video,#Comedy,399315,30684.0,5635,4693348.0,9.2819,High
TikTok,viral_trends_dataset,2022-04-05,,1.0,0,Video,#Gaming,367485,9460.0,34992,3610950.0,11.408,Medium
Instagram,viral_trends_dataset,2023-07-13,,3.0,0,Live,#Gaming,43497,33220.0,37791,2912021.0,3.9323,Low
Twitter,viral_trends_dataset,2023-03-01,,2.0,0,Text,#Music,471809,768.0,20645,1339049.0,36.8338,Low
YouTube,viral_trends_dataset,2023-11-18,,5.0,1,Video,#Viral,98704,1880.0,83620,1804365.0,10.2088,Medium
TikTok,viral_trends_dataset,2023-05-18,,3.0,0,Image,#Viral,480443,33879.0,97118,1641189.0,37.2559,High
Instagram,viral_trends_dataset,2023-06-30,,4.0,0,Video,#Comedy,367757,45250.0,67851,201259.0,238.925,Medium
Instagram,viral_trends_dataset,2023-12-12,,1.0,0,Image,#Gaming,132150,48892.0,49242,3053227.0,7.5423,High
Instagram,viral_trends_dataset,2023-12-14,,3.0,0,Video,#Comedy,322469,6589.0,26532,3118393.0,11.403,Low
Twitter,viral_trends_dataset,2023-04-09,,6.0,1,Text,#Gaming,488262,31651.0,97601,2224167.0,27.7638,Low
Instagram,viral_trends_dataset,2023-08-10,,3.0,0,Video,#Dance,133518,30419.0,14606,165577.0,107.8308,Medium
YouTube,viral_trends_dataset,2022-06-20,,0.0,0,Live,#Fitness,193921,14218.0,95093,93786.0,323.3233,Medium
Twitter,viral_trends_dataset,2023-10-31,,1.0,0,Video,#Music,105468,28605.0,82461,1666321.0,12.9947,Medium
YouTube,viral_trends_dataset,2022-06-26,,6.0,1,Live,#Comedy,387181,13429.0,90606,2589337.0,18.9707,Medium
Twitter,viral_trends_dataset,2022-04-17,,6.0,1,Video,#Viral,93657,16193.0,95512,4318612.0,4.7553,High
Twitter,viral_trends_dataset,2022-02-24,,3.0,0,Live,#Challenge,380259,21913.0,21872,749258.0,56.5952,Medium
Twitter,viral_trends_dataset,2023-02-01,,2.0,0,Video,#Fashion,352329,48519.0,42660,1228204.0,36.1103,High
Twitter,viral_trends_dataset,2022-03-03,,3.0,0,Video,#Education,492474,850.0,58976,3553691.0,15.5416,High
TikTok,viral_trends_dataset,2022-06-22,,2.0,0,Text,#Viral,329023,1388.0,39984,4834827.0,7.661,High
Instagram,viral_trends_dataset,2023-07-11,,1.0,0,Video,#Challenge,418109,33581.0,14637,3423533.0,13.6212,High
Twitter,viral_trends_dataset,2023-03-26,,6.0,1,Video,#Fitness,292790,2085.0,75817,2867658.0,12.9266,High
TikTok,viral_trends_dataset,2023-05-23,,1.0,0,Video,#Dance,52265,7346.0,90966,1455898.0,10.3426,Low
TikTok,viral_trends_dataset,2023-06-12,,0.0,0,Video,#Viral,73406,47116.0,17386,2465078.0,5.5945,High
TikTok,viral_trends_dataset,2023-04-16,,6.0,1,Text,#Dance,318662,25543.0,51628,2737606.0,14.4591,High
Twitter,viral_trends_dataset,2022-11-13,,6.0,1,Video,#Education,247218,45447.0,93341,1542718.0,25.0212,Low
Instagram,viral_trends_dataset,2022-12-21,,2.0,0,Video,#Music,362090,36790.0,41445,2696673.0,16.3285,Low
TikTok,viral_trends_dataset,2022-06-16,,3.0,0,Image,#Tech,481882,23282.0,93067,324152.0,184.5526,High
Instagram,viral_trends_dataset,2022-01-29,,5.0,1,Video,#Tech,117855,591.0,67726,1054049.0,17.6626,Medium
YouTube,viral_trends_dataset,2023-04-05,,2.0,0,Live,#Dance,466418,42669.0,98204,1763209.0,34.4424,Low
Twitter,viral_trends_dataset,2022-05-13,,4.0,0,Image,#Comedy,322753,15617.0,34617,2839455.0,13.1359,High
Instagram,viral_trends_dataset,2022-09-12,,0.0,0,Image,#Music,362512,27598.0,17927,4892331.0,8.3403,High
Instagram,viral_trends_dataset,2023-11-10,,4.0,0,Live,#Fashion,329931,25867.0,54223,1525908.0,26.8706,Low
Instagram,viral_trends_dataset,2023-12-13,,2.0,0,Video,#Music,312624,22068.0,35540,856528.0,43.2247,Medium
Instagram,viral_trends_dataset,2023-10-04,,2.0,0,Image,#Fashion,57651,32746.0,25366,3223480.0,3.5912,High
TikTok,viral_trends_dataset,2022-12-11,,6.0,1,Text,#Fashion,106604,33106.0,46809,921283.0,20.2456,Low
Twitter,viral_trends_dataset,2023-04-13,,3.0,0,Image,#Challenge,248874,16088.0,47414,2295070.0,13.6107,Low
TikTok,viral_trends_dataset,2023-11-18,,5.0,1,Image,#Music,383141,3506.0,20211,3121381.0,13.0346,Low
YouTube,viral_trends_dataset,2023-11-15,,2.0,0,Text,#Music,445195,14781.0,18320,3563404.0,13.4224,High
YouTube,viral_trends_dataset,2022-11-25,,4.0,0,Live,#Fitness,297653,39751.0,31120,3024496.0,12.1846,High
Instagram,viral_trends_dataset,2022-10-10,,0.0,0,Video,#Gaming,289340,28904.0,10029,2941067.0,11.1617,Medium
Twitter,viral_trends_dataset,2023-11-12,,6.0,1,Image,#Challenge,77831,28182.0,85735,4997429.0,3.8369,Low
Instagram,viral_trends_dataset,2022-09-19,,0.0,0,Text,#Comedy,21780,38033.0,4078,1161779.0,5.4994,Medium
TikTok,viral_trends_dataset,2023-06-05,,0.0,0,Text,#Comedy,375796,16520.0,86711,277665.0,172.5198,High
YouTube,viral_trends_dataset,2022-09-24,,5.0,1,Video,#Education,418734,47069.0,68240,3191266.0,16.7345,Medium
Twitter,viral_trends_dataset,2023-09-01,,4.0,0,Image,#Viral,126566,40066.0,25552,2387714.0,8.0489,Medium
Twitter,viral_trends_dataset,2023-11-22,,2.0,0,Video,#Viral,174512,4018.0,12580,31602.0,604.7402,Medium
YouTube,viral_trends_dataset,2023-12-02,,5.0,1,Text,#Fitness,486383,18139.0,53906,2599776.0,21.4799,Medium
TikTok,viral_trends_dataset,2022-03-05,,5.0,1,Video,#Fashion,119773,33015.0,55561,2450821.0,8.5012,Low
Instagram,viral_trends_dataset,2022-06-22,,2.0,0,Image,#Fashion,28171,16948.0,73427,2231843.0,5.3116,Medium
TikTok,viral_trends_dataset,2022-10-26,,2.0,0,Image,#Tech,163883,2312.0,66755,4735705.0,4.919,Medium
TikTok,viral_trends_dataset,2023-08-16,,2.0,0,Live,#Fashion,339087,19591.0,52787,2592123.0,15.8737,Low
Instagram,viral_trends_dataset,2023-10-18,,2.0,0,Image,#Dance,111161,33505.0,31021,1156532.0,15.1908,Low
TikTok,viral_trends_dataset,2022-11-10,,3.0,0,Text,#Music,199890,37111.0,71216,3903036.0,7.8969,High
Twitter,viral_trends_dataset,2022-06-21,,1.0,0,Video,#Fitness,96581,27454.0,28967,2840705.0,5.3861,Medium
Instagram,viral_trends_dataset,2023-10-23,,0.0,0,Video,#Gaming,145096,14064.0,88439,403838.0,61.3115,Medium
Twitter,viral_trends_dataset,2023-10-20,,4.0,0,Live,#Music,204767,17731.0,19167,3526600.0,6.8526,High
Twitter,viral_trends_dataset,2022-08-15,,0.0,0,Video,#Fashion,29267,23593.0,18250,3041152.0,2.3383,High
TikTok,viral_trends_dataset,2022-11-22,,1.0,0,Video,#Fashion,374405,2883.0,67653,2404490.0,18.5046,Low
YouTube,viral_trends_dataset,2022-02-10,,3.0,0,Video,#Gaming,328596,34177.0,75373,709873.0,61.7217,High
Instagram,viral_trends_dataset,2022-01-25,,1.0,0,Text,#Tech,328693,18330.0,57651,3428187.0,11.8043,High
YouTube,viral_trends_dataset,2023-08-14,,0.0,0,Video,#Fashion,367965,35519.0,47920,495662.0,91.0709,Medium
YouTube,viral_trends_dataset,2022-05-20,,4.0,0,Video,#Tech,181530,43516.0,73270,1351460.0,22.0736,High
Twitter,viral_trends_dataset,2023-09-30,,5.0,1,Live,#Challenge,418056,15028.0,57939,336222.0,146.0413,High
Twitter,viral_trends_dataset,2022-03-22,,1.0,0,Video,#Music,177782,27504.0,31135,2693390.0,8.7778,Medium
Twitter,viral_trends_dataset,2023-02-04,,5.0,1,Video,#Gaming,46681,36221.0,59761,3430962.0,4.1581,High
YouTube,viral_trends_dataset,2023-10-02,,0.0,0,Live,#Dance,419635,19836.0,51709,4999430.0,9.8247,Low
TikTok,viral_trends_dataset,2023-08-24,,3.0,0,Video,#Fitness,245665,12110.0,56894,4678230.0,6.7262,Medium
Instagram,viral_trends_dataset,2023-03-17,,4.0,0,Image,#Fashion,475059,42455.0,19789,4446628.0,12.0834,High
Instagram,viral_trends_dataset,2022-12-31,,5.0,1,Image,#Music,249468,43162.0,17548,3951368.0,7.8499,High
Instagram,viral_trends_dataset,2022-06-22,,2.0,0,Video,#Tech,426897,35210.0,58669,1904069.0,27.3507,High
TikTok,viral_trends_dataset,2022-09-13,,1.0,0,Text,#Comedy,361483,17820.0,94541,937337.0,50.5521,High
Twitter,viral_trends_dataset,2022-04-27,,2.0,0,Video,#Music,482104,37982.0,23418,2471029.0,21.995,High
Instagram,viral_trends_dataset,2022-03-09,,2.0,0,Video,#Music,439047,5036.0,21451,2754301.0,16.9021,High
TikTok,viral_trends_dataset,2023-05-14,,6.0,1,Image,#Viral,254503,22756.0,51815,2551235.0,12.8986,Medium
Instagram,viral_trends_dataset,2022-08-13,,5.0,1,Video,#Fitness,286422,17667.0,67665,3471793.0,10.7078,Medium
YouTube,viral_trends_dataset,2022-01-29,,5.0,1,Video,#Education,479271,37576.0,435,1374677.0,37.6293,Medium
Twitter,viral_trends_dataset,2022-01-17,,0.0,0,Video,#Education,329574,42889.0,47984,2143799.0,19.6122,Low
Instagram,viral_trends_dataset,2022-07-16,,5.0,1,Live,#Comedy,404958,18554.0,45968,4827016.0,9.7261,Medium
YouTube,viral_trends_dataset,2023-09-15,,4.0,0,Text,#Education,473433,3808.0,24810,1489686.0,33.7018,Medium
Instagram,viral_trends_dataset,2023-03-13,,0.0,0,Live,#Tech,347826,14756.0,72833,490952.0,88.6879,Low
Instagram,viral_trends_dataset,2023-09-18,,0.0,0,Image,#Music,59373,17442.0,52726,2180014.0,5.9422,Low
Twitter,viral_trends_dataset,2022-06-14,,1.0,0,Video,#Comedy,179509,6451.0,25670,529799.0,39.9453,Low
Instagram,viral_trends_dataset,2022-03-05,,5.0,1,Video,#Dance,443176,48340.0,12191,3761264.0,13.392,Medium
Instagram,viral_trends_dataset,2022-04-19,,1.0,0,Video,#Comedy,442713,40618.0,28298,1038860.0,49.2491,Medium
Instagram,viral_trends_dataset,2023-10-20,,4.0,0,Live,#Dance,395141,32852.0,90673,3444824.0,15.0564,Medium
TikTok,viral_trends_dataset,2023-09-18,,0.0,0,Live,#Fashion,458270,5080.0,91709,4967000.0,11.1749,High
TikTok,viral_trends_dataset,2023-03-12,,6.0,1,Text,#Comedy,375597,38675.0,55183,3847801.0,12.2006,High
Instagram,viral_trends_dataset,2023-11-18,,5.0,1,Video,#Gaming,12582,46700.0,38213,4913774.0,1.9841,Medium
Twitter,viral_trends_dataset,2023-12-30,,5.0,1,Video,#Viral,256361,24493.0,87201,3746244.0,9.8246,High
YouTube,viral_trends_dataset,2023-01-21,,5.0,1,Video,#Dance,267162,18363.0,61079,3014207.0,11.499,Low
Twitter,viral_trends_dataset,2023-11-14,,1.0,0,Text,#Education,82891,10151.0,40568,67164.0,198.931,Low
Twitter,viral_trends_dataset,2022-10-19,,2.0,0,Image,#Fitness,377497,24912.0,20389,3833320.0,11.0296,Medium
Twitter,viral_trends_dataset,2022-08-24,,2.0,0,Image,#Challenge,311076,43551.0,77488,257565.0,167.7693,Low
Twitter,viral_trends_dataset,2023-01-23,,0.0,0,Video,#Fitness,335585,33791.0,45110,963602.0,43.0142,High
Instagram,viral_trends_dataset,2023-05-16,,1.0,0,Video,#Tech,389245,40241.0,42150,1180913.0,39.9383,Medium
TikTok,viral_trends_dataset,2023-06-16,,4.0,0,Live,#Fashion,468518,24547.0,1746,1213710.0,40.7685,High
TikTok,viral_trends_dataset,2023-06-13,,1.0,0,Video,#Tech,36043,3164.0,37053,2526243.0,3.0187,High
YouTube,viral_trends_dataset,2022-03-23,,2.0,0,Image,#Education,263362,18145.0,11451,2877169.0,10.1822,Medium
YouTube,viral_trends_dataset,2023-10-27,,4.0,0,Video,#Gaming,430486,22054.0,52313,4117819.0,12.2602,Low
Instagram,viral_trends_dataset,2022-09-20,,1.0,0,Video,#Gaming,334680,33207.0,8400,3300636.0,11.4004,High
YouTube,viral_trends_dataset,2022-08-26,,4.0,0,Video,#Challenge,361047,14135.0,36640,3572811.0,11.5266,Low
Instagram,viral_trends_dataset,2023-09-01,,4.0,0,Live,#Fashion,437976,13571.0,64949,474320.0,108.8919,High
TikTok,viral_trends_dataset,2022-09-15,,3.0,0,Image,#Challenge,28666,20123.0,10000,2903079.0,2.0251,Medium
YouTube,viral_trends_dataset,2023-10-30,,0.0,0,Video,#Challenge,182884,26546.0,54350,2871175.0,9.1872,High
Twitter,viral_trends_dataset,2023-02-26,,6.0,1,Video,#Music,212084,14460.0,3612,3590997.0,6.4093,High
Instagram,viral_trends_dataset,2023-05-21,,6.0,1,Image,#Challenge,36572,45435.0,45582,1301582.0,9.8026,Low
Twitter,viral_trends_dataset,2023-12-19,,1.0,0,Text,#Education,483875,40858.0,969,780079.0,67.3909,Medium
TikTok,viral_trends_dataset,2023-09-13,,2.0,0,Live,#Fashion,457765,41251.0,94363,3698927.0,16.0419,Low
TikTok,viral_trends_dataset,2023-01-07,,5.0,1,Video,#Tech,240172,49443.0,97499,3741285.0,10.3471,Medium
TikTok,viral_trends_dataset,2022-03-30,,2.0,0,Video,#Music,454446,15009.0,93389,4467464.0,12.5987,Low
TikTok,viral_trends_dataset,2023-09-29,,4.0,0,Video,#Fitness,329434,12046.0,98771,105800.0,416.1163,Low
TikTok,viral_trends_dataset,2023-04-07,,4.0,0,Video,#Comedy,132032,6649.0,37206,2742349.0,6.4137,High
Instagram,viral_trends_dataset,2023-09-19,,1.0,0,Live,#Music,301959,6214.0,74275,1780899.0,21.475,High
TikTok,viral_trends_dataset,2022-08-25,,3.0,0,Video,#Gaming,343962,2143.0,71061,3637344.0,11.469,High
YouTube,viral_trends_dataset,2022-08-07,,6.0,1,Text,#Tech,147872,36140.0,64793,1944194.0,12.7973,Medium
Twitter,viral_trends_dataset,2022-09-24,,5.0,1,Video,#Fitness,276531,44259.0,16650,55872.0,603.9519,Low
Twitter,viral_trends_dataset,2023-02-13,,0.0,0,Video,#Music,396364,25747.0,85172,674140.0,75.2489,High
Instagram,viral_trends_dataset,2023-04-01,,5.0,1,Video,#Music,298465,44877.0,57845,898563.0,44.6476,Medium
TikTok,viral_trends_dataset,2023-06-28,,2.0,0,Video,#Comedy,225095,6703.0,73949,2559080.0,11.9475,Low
Instagram,viral_trends_dataset,2023-01-26,,3.0,0,Video,#Comedy,166605,42255.0,3962,2411448.0,8.8255,High
Twitter,viral_trends_dataset,2023-07-09,,6.0,1,Video,#Comedy,414355,43357.0,81623,2539393.0,21.2387,Low
YouTube,viral_trends_dataset,2022-08-16,,1.0,0,Text,#Gaming,6905,37159.0,94412,3872317.0,3.5761,High
Twitter,viral_trends_dataset,2022-11-13,,6.0,1,Image,#Fitness,369389,38701.0,2395,2285860.0,17.9576,Low
Twitter,viral_trends_dataset,2023-02-25,,5.0,1,Video,#Music,487279,5159.0,1526,3975932.0,12.4239,Medium
YouTube,viral_trends_dataset,2023-04-06,,3.0,0,Video,#Challenge,464542,43148.0,72129,4214946.0,13.7563,Medium
YouTube,viral_trends_dataset,2023-09-23,,5.0,1,Image,#Challenge,117919,35699.0,84855,1663359.0,14.3368,High
Instagram,viral_trends_dataset,2022-04-20,,2.0,0,Video,#Fashion,430030,45325.0,34573,2729253.0,18.6838,High
Instagram,viral_trends_dataset,2023-09-12,,1.0,0,Video,#Music,381894,14284.0,81089,3287384.0,14.5181,Medium
TikTok,viral_trends_dataset,2022-02-05,,5.0,1,Video,#Comedy,297473,13708.0,72482,2541850.0,15.0938,Medium
Twitter,viral_trends_dataset,2022-02-26,,5.0,1,Video,#Fashion,380160,21769.0,79459,3673846.0,13.1031,High
Instagram,viral_trends_dataset,2023-06-17,,5.0,1,Video,#Dance,404349,45229.0,98335,1418058.0,38.6383,Low
YouTube,viral_trends_dataset,2023-02-25,,5.0,1,Video,#Fashion,136364,26278.0,60484,4349698.0,5.1297,High
YouTube,viral_trends_dataset,2022-06-17,,4.0,0,Image,#Viral,291820,48023.0,8695,326305.0,106.8136,Low
Twitter,viral_trends_dataset,2022-09-12,,0.0,0,Live,#Challenge,311147,13837.0,27434,2656794.0,13.2648,High
TikTok,viral_trends_dataset,2022-10-11,,1.0,0,Video,#Fashion,74898,26862.0,3683,605914.0,17.4023,High
Twitter,viral_trends_dataset,2022-10-26,,2.0,0,Live,#Fashion,110140,21543.0,14231,3015306.0,4.8391,Medium
Instagram,viral_trends_dataset,2023-09-02,,5.0,1,Text,#Comedy,350006,32133.0,94280,1219230.0,39.0754,Medium
YouTube,viral_trends_dataset,2022-10-27,,3.0,0,Live,#Challenge,88083,37380.0,9939,2551155.0,5.3075,Low
Twitter,viral_trends_dataset,2022-06-25,,5.0,1,Image,#Fashion,195333,22434.0,41306,2647569.0,9.7853,Medium
Twitter,viral_trends_dataset,2023-02-18,,5.0,1,Image,#Gaming,404847,9922.0,77440,3575067.0,13.7678,Low
Twitter,viral_trends_dataset,2023-08-30,,2.0,0,Video,#Challenge,104895,8793.0,75750,2335946.0,8.1097,Low
Twitter,viral_trends_dataset,2022-09-29,,3.0,0,Video,#Education,457727,40004.0,47967,1977550.0,27.5946,Medium
Twitter,viral_trends_dataset,2022-01-21,,4.0,0,Video,#Fashion,162101,41293.0,30721,764769.0,30.6125,High
YouTube,viral_trends_dataset,2023-06-08,,3.0,0,Video,#Tech,22477,25541.0,23839,3620429.0,1.9848,Low
Twitter,viral_trends_dataset,2022-01-30,,6.0,1,Video,#Tech,246513,27120.0,4761,3485025.0,7.9883,Medium
TikTok,viral_trends_dataset,2023-07-13,,3.0,0,Video,#Education,355075,22022.0,72834,4468711.0,10.0685,High
Instagram,viral_trends_dataset,2023-10-26,,3.0,0,Image,#Fitness,319292,8303.0,58566,1492331.0,25.8764,Medium
Instagram,viral_trends_dataset,2022-06-04,,5.0,1,Video,#Comedy,494856,29137.0,7995,4522021.0,11.7644,High
Instagram,viral_trends_dataset,2023-07-21,,4.0,0,Text,#Challenge,425767,44548.0,96744,845352.0,67.0796,High
TikTok,viral_trends_dataset,2023-02-27,,0.0,0,Image,#Dance,126215,9592.0,30951,3983567.0,4.1861,Medium
Instagram,viral_trends_dataset,2022-03-10,,3.0,0,Video,#Tech,113245,39396.0,73842,4975026.0,4.5524,Medium
Instagram,viral_trends_dataset,2022-07-05,,1.0,0,Text,#Education,378368,17307.0,12296,407083.0,100.2181,Low
Twitter,viral_trends_dataset,2023-03-17,,4.0,0,Image,#Gaming,94490,18634.0,66459,2913334.0,6.1642,Low
YouTube,viral_trends_dataset,2022-06-17,,4.0,0,Live,#Dance,478099,49019.0,45995,648171.0,88.42,Low
Twitter,viral_trends_dataset,2023-10-23,,0.0,0,Image,#Tech,73355,11128.0,29521,4934327.0,2.3104,Low
YouTube,viral_trends_dataset,2022-04-14,,3.0,0,Video,#Gaming,80465,39752.0,74505,2996758.0,6.4978,High
YouTube,viral_trends_dataset,2023-11-18,,5.0,1,Live,#Comedy,71751,33912.0,85452,4859049.0,3.9332,Low
Instagram,viral_trends_dataset,2022-05-27,,4.0,0,Video,#Comedy,443095,12162.0,32294,1900224.0,25.6576,Medium
YouTube,viral_trends_dataset,2023-11-02,,3.0,0,Image,#Gaming,450371,13527.0,11973,576289.0,82.5751,Low
TikTok,viral_trends_dataset,2022-05-22,,6.0,1,Text,#Gaming,266995,12405.0,73819,1297808.0,27.2166,Low
Twitter,viral_trends_dataset,2022-12-29,,3.0,0,Video,#Comedy,53745,45692.0,17472,3085596.0,3.7889,Medium
Twitter,viral_trends_dataset,2023-12-28,,3.0,0,Video,#Gaming,164642,23013.0,2903,4901634.0,3.8876,Medium
Instagram,viral_trends_dataset,2023-12-09,,5.0,1,Video,#Challenge,325960,6061.0,23903,282212.0,126.1194,Low
Instagram,viral_trends_dataset,2022-12-21,,2.0,0,Text,#Viral,405141,18414.0,10660,3827339.0,11.3451,High
Instagram,viral_trends_dataset,2023-09-11,,0.0,0,Video,#Education,357852,1186.0,8303,3200135.0,11.4789,Low
TikTok,viral_trends_dataset,2022-08-28,,6.0,1,Image,#Dance,489613,19468.0,21973,727739.0,72.9731,High
YouTube,viral_trends_dataset,2023-06-24,,5.0,1,Text,#Comedy,247202,40525.0,57870,4209903.0,8.2091,High
YouTube,viral_trends_dataset,2023-02-17,,4.0,0,Text,#Challenge,267582,38486.0,78454,4530315.0,8.4878,Low
YouTube,viral_trends_dataset,2022-04-09,,5.0,1,Video,#Viral,121205,45518.0,5696,1985675.0,8.6831,Low
YouTube,viral_trends_dataset,2022-06-26,,6.0,1,Live,#Fitness,4745,19149.0,61101,4913424.0,1.7299,High
Instagram,viral_trends_dataset,2022-05-06,,4.0,0,Image,#Dance,416629,32521.0,25611,2392740.0,19.8417,Low
TikTok,viral_trends_dataset,2023-01-01,,6.0,1,Image,#Education,244159,1399.0,98598,792388.0,43.4328,High
YouTube,viral_trends_dataset,2022-11-18,,4.0,0,Video,#Education,398086,40064.0,94347,4244112.0,12.5467,Low
Instagram,viral_trends_dataset,2023-07-05,,2.0,0,Live,#Education,497180,19816.0,25187,1050122.0,51.6305,Low
Twitter,viral_trends_dataset,2023-12-21,,3.0,0,Video,#Comedy,12283,40265.0,160,1812695.0,2.9077,Medium
TikTok,viral_trends_dataset,2023-11-01,,2.0,0,Video,#Challenge,317216,35193.0,61336,2934644.0,14.0986,High
YouTube,viral_trends_dataset,2022-06-06,,0.0,0,Image,#Dance,460869,7677.0,67942,742028.0,72.3002,High
TikTok,viral_trends_dataset,2022-11-08,,1.0,0,Video,#Music,466996,37701.0,13573,2648881.0,19.5656,Low
YouTube,viral_trends_dataset,2022-08-09,,1.0,0,Live,#Gaming,150954,41213.0,95314,4784336.0,6.0088,Medium
YouTube,viral_trends_dataset,2022-06-29,,2.0,0,Text,#Tech,174419,18624.0,24390,2302608.0,9.4429,High
YouTube,viral_trends_dataset,2023-12-18,,0.0,0,Video,#Comedy,42987,18401.0,468,1421076.0,4.3528,Medium
TikTok,viral_trends_dataset,2023-04-30,,6.0,1,Text,#Music,62294,25533.0,99978,149515.0,125.6095,Low
TikTok,viral_trends_dataset,2022-06-24,,4.0,0,Text,#Fashion,22944,17673.0,94141,816983.0,16.4946,High
Twitter,viral_trends_dataset,2022-02-12,,5.0,1,Live,#Viral,22118,31221.0,24141,2853605.0,2.7152,Low
Twitter,viral_trends_dataset,2022-10-16,,6.0,1,Live,#Education,453329,8983.0,94706,3781816.0,14.7288,Medium
Instagram,viral_trends_dataset,2023-12-16,,5.0,1,Video,#Fitness,166824,4926.0,45589,4490630.0,4.8398,Low
Instagram,viral_trends_dataset,2022-12-17,,5.0,1,Image,#Challenge,296700,5867.0,36554,2809655.0,12.0698,Low
Instagram,viral_trends_dataset,2022-10-19,,2.0,0,Image,#Comedy,454950,19322.0,72220,3538605.0,15.4437,Low
Twitter,viral_trends_dataset,2023-01-01,,6.0,1,Video,#Viral,224356,19973.0,61653,4859826.0,6.2962,Medium
YouTube,viral_trends_dataset,2022-04-23,,5.0,1,Live,#Challenge,361357,46913.0,70236,3704693.0,12.9162,High
Instagram,viral_trends_dataset,2022-03-09,,2.0,0,Video,#Dance,99120,3149.0,37011,34258.0,406.562,High
Instagram,viral_trends_dataset,2023-03-06,,0.0,0,Video,#Gaming,375246,29942.0,34403,1037736.0,42.3606,Low
TikTok,viral_trends_dataset,2023-11-22,,2.0,0,Text,#Education,4846,38195.0,85128,2471057.0,5.1868,High
Twitter,viral_trends_dataset,2023-06-11,,6.0,1,Live,#Gaming,368001,13214.0,19656,3394446.0,11.8096,High
Twitter,viral_trends_dataset,2022-05-15,,6.0,1,Video,#Fitness,418866,709.0,60546,1338606.0,35.8672,High
Twitter,viral_trends_dataset,2023-10-31,,1.0,0,Text,#Comedy,122051,6873.0,77324,609587.0,33.8341,Medium
Instagram,viral_trends_dataset,2023-11-28,,1.0,0,Video,#Gaming,481442,3147.0,80512,1230975.0,45.9068,Low
Twitter,viral_trends_dataset,2022-12-15,,3.0,0,Live,#Fitness,274844,10144.0,60816,3827204.0,9.0354,Low
YouTube,viral_trends_dataset,2022-02-03,,3.0,0,Video,#Music,395657,7115.0,62238,4597793.0,10.1138,Medium
Twitter,viral_trends_dataset,2023-09-11,,0.0,0,Image,#Dance,104453,9124.0,93208,260997.0,79.2289,Low
Twitter,viral_trends_dataset,2023-08-28,,0.0,0,Live,#Dance,140236,7034.0,73449,468808.0,47.0809,High
YouTube,viral_trends_dataset,2023-07-27,,3.0,0,Video,#Music,261892,46687.0,93169,2734965.0,14.6893,High
Instagram,viral_trends_dataset,2023-01-25,,2.0,0,Image,#Fitness,225198,34716.0,8583,998555.0,26.8886,Low
Instagram,viral_trends_dataset,2023-04-09,,6.0,1,Video,#Dance,491365,37101.0,16797,4214277.0,12.9385,Medium
Twitter,viral_trends_dataset,2023-11-21,,1.0,0,Video,#Fashion,267436,45110.0,52230,208326.0,175.0986,Medium
TikTok,viral_trends_dataset,2023-09-27,,2.0,0,Live,#Education,40352,8569.0,68819,2405842.0,4.8939,Low
Instagram,viral_trends_dataset,2022-08-09,,1.0,0,Video,#Gaming,112899,24431.0,37633,591094.0,29.5999,High
YouTube,viral_trends_dataset,2022-08-12,,4.0,0,Video,#Viral,95092,32628.0,77009,1125942.0,18.1829,High
Instagram,viral_trends_dataset,2022-10-01,,5.0,1,Live,#Fitness,451503,25121.0,91330,1365802.0,41.5839,Low
YouTube,viral_trends_dataset,2022-05-03,,1.0,0,Text,#Gaming,390084,44345.0,26977,1417424.0,32.5524,High
Instagram,viral_trends_dataset,2023-04-22,,5.0,1,Video,#Education,47344,29392.0,43245,224135.0,53.5307,High
Twitter,viral_trends_dataset,2023-10-27,,4.0,0,Video,#Fashion,106942,19709.0,86204,3850575.0,5.5279,High
YouTube,viral_trends_dataset,2022-04-14,,3.0,0,Image,#Challenge,499157,26111.0,39933,508550.0,111.1397,Low
Instagram,viral_trends_dataset,2022-11-27,,6.0,1,Video,#Viral,487612,10658.0,46542,947923.0,57.4743,Low
Instagram,viral_trends_dataset,2022-07-04,,0.0,0,Video,#Gaming,341704,8883.0,82374,102983.0,420.4199,Low
Twitter,viral_trends_dataset,2022-07-10,,6.0,1,Video,#Viral,336590,39810.0,37876,1224749.0,33.8254,High
TikTok,viral_trends_dataset,2023-03-21,,1.0,0,Video,#Music,98539,46508.0,52608,4821602.0,4.0994,High
TikTok,viral_trends_dataset,2022-03-08,,1.0,0,Video,#Viral,429729,38020.0,97695,4157229.0,13.6015,Medium
YouTube,viral_trends_dataset,2023-08-29,,1.0,0,Image,#Fashion,265120,18054.0,57069,4586518.0,7.4183,Medium
Twitter,viral_trends_dataset,2022-01-12,,2.0,0,Live,#Fitness,45301,1054.0,86964,2552020.0,5.2241,Medium
Twitter,viral_trends_dataset,2023-05-29,,0.0,0,Text,#Fashion,383250,35029.0,33960,160483.0,281.7987,High
YouTube,viral_trends_dataset,2023-02-24,,4.0,0,Video,#Comedy,33441,36956.0,17591,1065072.0,8.2612,Low
YouTube,viral_trends_dataset,2022-10-18,,1.0,0,Live,#Fitness,374446,48663.0,85509,111712.0,455.294,Low
Instagram,viral_trends_dataset,2023-12-04,,0.0,0,Video,#Challenge,197157,47136.0,10941,4613593.0,5.5322,High
Instagram,viral_trends_dataset,2022-02-13,,6.0,1,Video,#Tech,106484,25691.0,25338,3678203.0,4.2823,High
Instagram,viral_trends_dataset,2022-11-24,,3.0,0,Text,#Fitness,421798,20168.0,69244,2609916.0,19.5872,High
Instagram,viral_trends_dataset,2022-06-04,,5.0,1,Video,#Music,43943,41810.0,48909,636678.0,21.1507,Medium
TikTok,viral_trends_dataset,2022-02-06,,6.0,1,Video,#Music,400017,9441.0,84642,2825065.0,17.4899,Medium
TikTok,viral_trends_dataset,2023-03-24,,4.0,0,Text,#Viral,96215,7479.0,869,4562262.0,2.2919,High
YouTube,viral_trends_dataset,2023-02-12,,6.0,1,Image,#Fashion,67603,21031.0,24821,4356591.0,2.6042,Low
Instagram,viral_trends_dataset,2022-10-28,,4.0,0,Image,#Comedy,424316,18374.0,30621,4754509.0,9.955,Medium
YouTube,viral_trends_dataset,2023-05-04,,3.0,0,Live,#Challenge,339554,48880.0,33055,4841421.0,8.7059,High
Instagram,viral_trends_dataset,2022-07-31,,6.0,1,Video,#Comedy,365667,27784.0,98281,3545758.0,13.8682,High
TikTok,viral_trends_dataset,2023-12-28,,3.0,0,Video,#Tech,87215,14743.0,17939,4221248.0,2.8403,Low
Instagram,viral_trends_dataset,2022-08-28,,6.0,1,Text,#Gaming,299306,27535.0,45796,3481771.0,10.7025,Low
Twitter,viral_trends_dataset,2023-08-09,,2.0,0,Text,#Tech,240848,46400.0,63648,1262231.0,27.7997,Low
Instagram,viral_trends_dataset,2023-04-02,,6.0,1,Video,#Education,421586,38778.0,62738,735190.0,71.1519,Low
Instagram,viral_trends_dataset,2022-02-19,,5.0,1,Text,#Challenge,187823,46857.0,29537,2635991.0,10.0234,Low
Instagram,viral_trends_dataset,2022-11-08,,1.0,0,Video,#Dance,4331,26850.0,1623,350307.0,9.3644,High
TikTok,viral_trends_dataset,2023-12-08,,4.0,0,Video,#Fashion,228251,10429.0,5943,1818938.0,13.4487,High
Twitter,viral_trends_dataset,2022-06-23,,3.0,0,Video,#Comedy,18668,24005.0,2497,1429838.0,3.1591,High
Twitter,viral_trends_dataset,2022-07-07,,3.0,0,Live,#Comedy,352831,10940.0,16037,3011539.0,12.6118,Low
TikTok,viral_trends_dataset,2023-10-18,,2.0,0,Video,#Fitness,489381,34483.0,98149,3185451.0,19.5267,High
Twitter,viral_trends_dataset,2023-11-25,,5.0,1,Video,#Challenge,269312,10907.0,87618,2162853.0,17.007,Medium
Twitter,viral_trends_dataset,2023-03-11,,5.0,1,Text,#Comedy,203673,20847.0,96687,1049060.0,30.6186,Low
Twitter,viral_trends_dataset,2022-05-27,,4.0,0,Video,#Fashion,12146,43443.0,35655,2843559.0,3.2088,Low
Instagram,viral_trends_dataset,2023-08-06,,6.0,1,Video,#Challenge,386738,6927.0,46627,75331.0,584.4765,Medium
Twitter,viral_trends_dataset,2022-07-12,,1.0,0,Video,#Fitness,201588,48909.0,49402,906698.0,33.076,Medium
Instagram,viral_trends_dataset,2023-01-18,,2.0,0,Video,#Challenge,117945,30073.0,55358,4483470.0,4.5361,High
Twitter,viral_trends_dataset,2022-09-07,,2.0,0,Video,#Gaming,300187,25999.0,53229,1929226.0,19.6667,High
Instagram,viral_trends_dataset,2023-06-25,,6.0,1,Text,#Dance,277150,38779.0,61218,224458.0,168.0256,Medium
Instagram,viral_trends_dataset,2023-07-28,,4.0,0,Video,#Fitness,70363,127.0,97084,3139127.0,5.3382,Low
Twitter,viral_trends_dataset,2023-10-30,,0.0,0,Video,#Viral,457174,47420.0,40321,2651655.0,20.55,Low
TikTok,viral_trends_dataset,2022-03-16,,2.0,0,Video,#Viral,189328,44366.0,82087,364719.0,86.582,Low
YouTube,viral_trends_dataset,2023-12-24,,6.0,1,Video,#Fashion,448604,25102.0,9543,3656271.0,13.217,High
Instagram,viral_trends_dataset,2022-02-26,,5.0,1,Image,#Tech,488878,3369.0,8230,4363523.0,11.4696,Low
YouTube,viral_trends_dataset,2022-03-28,,0.0,0,Video,#Fitness,36011,46185.0,15306,1153858.0,8.4501,Medium
Instagram,viral_trends_dataset,2022-09-24,,5.0,1,Video,#Comedy,45509,8958.0,307,2121725.0,2.5816,Low
YouTube,viral_trends_dataset,2022-04-19,,1.0,0,Video,#Dance,402293,33744.0,7055,1684233.0,26.3082,High
Twitter,viral_trends_dataset,2022-07-26,,1.0,0,Text,#Education,475480,23747.0,27053,960449.0,54.7952,Medium
Instagram,viral_trends_dataset,2022-11-01,,1.0,0,Video,#Music,348513,15034.0,25769,1949651.0,19.9685,Medium
TikTok,viral_trends_dataset,2023-01-29,,6.0,1,Video,#Dance,287587,4461.0,43594,1809305.0,18.5509,Medium
YouTube,viral_trends_dataset,2023-06-25,,6.0,1,Image,#Comedy,464184,47788.0,34152,4274529.0,12.7762,High
TikTok,viral_trends_dataset,2023-01-15,,6.0,1,Video,#Education,302669,21915.0,15559,4526401.0,7.5146,Medium
YouTube,viral_trends_dataset,2023-08-15,,1.0,0,Text,#Education,119401,25971.0,62682,2611693.0,7.9663,High
YouTube,viral_trends_dataset,2022-02-05,,5.0,1,Image,#Fitness,279969,9519.0,17264,777206.0,39.4686,High
Instagram,viral_trends_dataset,2022-06-25,,5.0,1,Video,#Dance,16287,13106.0,899,3822658.0,0.7924,High
YouTube,viral_trends_dataset,2022-08-05,,4.0,0,Live,#Fitness,380894,46960.0,97358,2730742.0,19.2333,Low
Twitter,viral_trends_dataset,2022-01-01,,5.0,1,Image,#Fitness,292882,37642.0,7966,3536654.0,9.5709,Medium
TikTok,viral_trends_dataset,2022-02-23,,2.0,0,Image,#Tech,290747,21853.0,64651,2783900.0,13.5512,Low
Instagram,viral_trends_dataset,2023-07-03,,0.0,0,Text,#Tech,397818,26310.0,13388,911320.0,48.009,High
Twitter,viral_trends_dataset,2023-02-28,,1.0,0,Text,#Gaming,80175,41815.0,68325,3481822.0,5.466,Low
YouTube,viral_trends_dataset,2023-02-27,,0.0,0,Live,#Fitness,368333,5632.0,28809,1416870.0,28.427,High
YouTube,viral_trends_dataset,2023-11-07,,1.0,0,Video,#Challenge,367246,38137.0,48482,3458941.0,13.1215,Low
Twitter,viral_trends_dataset,2022-02-18,,4.0,0,Video,#Fashion,221708,10308.0,84660,3331697.0,9.5049,Medium
Twitter,viral_trends_dataset,2022-07-25,,0.0,0,Image,#Music,23357,37681.0,98150,754022.0,21.1119,High
Twitter,viral_trends_dataset,2023-06-26,,0.0,0,Video,#Dance,298712,50.0,16195,1835167.0,17.1623,High
TikTok,viral_trends_dataset,2023-07-05,,2.0,0,Text,#Tech,363061,765.0,74985,4069490.0,10.7829,Medium
TikTok,viral_trends_dataset,2022-02-09,,2.0,0,Text,#Music,417328,3075.0,41576,1963015.0,23.5342,Low
Twitter,viral_trends_dataset,2023-06-22,,3.0,0,Video,#Tech,260744,10999.0,7764,4387952.0,6.3699,High
Twitter,viral_trends_dataset,2022-04-27,,2.0,0,Video,#Comedy,336015,48347.0,60643,2582163.0,17.2338,Low
YouTube,viral_trends_dataset,2023-04-27,,3.0,0,Video,#Fashion,371452,46310.0,16316,4638671.0,9.3578,Medium
Instagram,viral_trends_dataset,2022-08-12,,4.0,0,Text,#Tech,256366,9098.0,76964,410444.0,83.4287,Medium
Twitter,viral_trends_dataset,2023-01-03,,1.0,0,Live,#Tech,167327,26341.0,83115,2034778.0,13.6026,Low
TikTok,viral_trends_dataset,2023-03-06,,0.0,0,Text,#Challenge,395521,40633.0,52325,713539.0,68.4586,Medium
TikTok,viral_trends_dataset,2023-12-26,,1.0,0,Video,#Tech,120094,15931.0,59075,2434680.0,8.0134,Low
Twitter,viral_trends_dataset,2022-05-04,,2.0,0,Video,#Fashion,51649,30231.0,89478,3587110.0,4.777,Low
TikTok,viral_trends_dataset,2022-07-09,,5.0,1,Video,#Dance,203160,30968.0,15349,2460537.0,10.1391,Low
Twitter,viral_trends_dataset,2022-05-25,,2.0,0,Image,#Music,304893,44281.0,33293,1190594.0,32.124,Medium
YouTube,viral_trends_dataset,2022-01-31,,0.0,0,Video,#Comedy,249264,23572.0,38529,2723499.0,11.4325,Low
Twitter,viral_trends_dataset,2022-11-09,,2.0,0,Live,#Challenge,452894,6059.0,83096,4216678.0,12.8549,High
Twitter,viral_trends_dataset,2023-08-29,,1.0,0,Video,#Music,73395,19033.0,89584,2109525.0,8.6281,High
TikTok,viral_trends_dataset,2022-11-26,,5.0,1,Live,#Fashion,51266,39734.0,15265,2118691.0,5.0156,High
TikTok,viral_trends_dataset,2023-02-23,,3.0,0,Video,#Fitness,487181,39465.0,219,579923.0,90.8509,High
Instagram,viral_trends_dataset,2023-07-04,,1.0,0,Live,#Education,419371,39401.0,71316,132001.0,401.5788,Medium
Twitter,viral_trends_dataset,2023-06-01,,3.0,0,Video,#Gaming,246077,26090.0,83676,281552.0,126.3862,High
Instagram,viral_trends_dataset,2022-03-19,,5.0,1,Live,#Fitness,288470,46717.0,79217,2309871.0,17.9406,High
TikTok,viral_trends_dataset,2023-05-08,,0.0,0,Text,#Music,229127,49206.0,77357,2669756.0,13.3229,Low
Instagram,viral_trends_dataset,2023-11-17,,4.0,0,Video,#Education,255416,25166.0,34814,3373468.0,9.3493,Medium
Twitter,viral_trends_dataset,2022-07-21,,3.0,0,Video,#Fashion,473595,33197.0,15369,160165.0,326.0144,Low
TikTok,viral_trends_dataset,2023-08-11,,4.0,0,Image,#Challenge,90120,34585.0,50063,3724099.0,4.6929,Low
TikTok,viral_trends_dataset,2022-02-15,,1.0,0,Video,#Education,394313,31965.0,78165,4757293.0,10.6036,Medium
Twitter,viral_trends_dataset,2022-11-17,,3.0,0,Video,#Music,446777,26412.0,15642,4645686.0,10.5223,Low
Twitter,viral_trends_dataset,2022-06-18,,5.0,1,Video,#Fitness,170278,18352.0,66069,4741739.0,5.3714,High
Twitter,viral_trends_dataset,2022-10-24,,0.0,0,Live,#Viral,257928,37544.0,88494,2107265.0,18.2211,Medium
TikTok,viral_trends_dataset,2022-11-24,,3.0,0,Live,#Comedy,153271,4701.0,92874,421767.0,59.475,Low
Instagram,viral_trends_dataset,2023-10-03,,1.0,0,Video,#Comedy,156235,24595.0,70705,454350.0,55.3615,Low
Twitter,viral_trends_dataset,2023-12-27,,2.0,0,Video,#Fashion,382429,8612.0,74538,3268300.0,14.2453,Medium
Twitter,viral_trends_dataset,2023-07-19,,2.0,0,Text,#Viral,22479,11283.0,24947,6651.0,882.7094,Medium
TikTok,viral_trends_dataset,2022-10-20,,3.0,0,Image,#Fitness,256012,37884.0,70345,1265641.0,28.7792,High
Instagram,viral_trends_dataset,2023-04-22,,5.0,1,Text,#Viral,421574,16821.0,35987,2888239.0,16.4246,Medium
Instagram,viral_trends_dataset,2022-02-28,,0.0,0,Text,#Dance,6573,16594.0,15362,850931.0,4.5279,Medium
Twitter,viral_trends_dataset,2023-08-11,,4.0,0,Video,#Gaming,13010,35179.0,53774,2118152.0,4.8138,Medium
Instagram,viral_trends_dataset,2023-04-26,,2.0,0,Video,#Dance,296015,39566.0,55319,247234.0,158.1093,Low
Twitter,viral_trends_dataset,2022-03-12,,5.0,1,Video,#Fashion,303054,21680.0,58013,3222456.0,11.8775,Low
Twitter,viral_trends_dataset,2023-08-09,,2.0,0,Image,#Viral,192947,34692.0,29491,2012133.0,12.779,High
Twitter,viral_trends_dataset,2022-10-31,,0.0,0,Image,#Music,17417,33128.0,78926,4949423.0,2.6159,Low
TikTok,viral_trends_dataset,2022-08-09,,1.0,0,Video,#Tech,474723,13175.0,90043,1342285.0,43.0565,Low
Instagram,viral_trends_dataset,2023-06-17,,5.0,1,Text,#Fitness,415045,31910.0,34081,1115324.0,43.1297,Low
Twitter,viral_trends_dataset,2023-08-17,,3.0,0,Video,#Dance,426359,29047.0,52404,4587929.0,11.0684,Low
Instagram,viral_trends_dataset,2022-09-03,,5.0,1,Video,#Education,455643,37656.0,63634,4008179.0,13.8949,Low
Twitter,viral_trends_dataset,2022-05-25,,2.0,0,Video,#Tech,365351,32197.0,5889,759694.0,53.1052,High
TikTok,viral_trends_dataset,2023-07-30,,6.0,1,Live,#Challenge,488748,21553.0,52814,1360958.0,41.3764,Low
Twitter,viral_trends_dataset,2022-12-30,,4.0,0,Video,#Viral,52902,24634.0,63885,2889543.0,4.8942,Low
Instagram,viral_trends_dataset,2023-03-06,,0.0,0,Video,#Tech,40254,14173.0,15175,1420653.0,4.8993,Medium
TikTok,viral_trends_dataset,2022-07-28,,3.0,0,Text,#Education,464055,46604.0,50908,3939062.0,14.2564,High
YouTube,viral_trends_dataset,2023-09-27,,2.0,0,Video,#Tech,241611,38606.0,14910,4389372.0,6.7237,High
TikTok,viral_trends_dataset,2022-04-21,,3.0,0,Video,#Gaming,237702,143.0,32141,872093.0,30.9584,High
YouTube,viral_trends_dataset,2022-03-28,,0.0,0,Image,#Music,469276,16266.0,57073,2478006.0,21.8972,Low
TikTok,viral_trends_dataset,2022-05-13,,4.0,0,Live,#Challenge,10450,3214.0,96249,4816608.0,2.282,Low
Instagram,viral_trends_dataset,2023-05-21,,6.0,1,Live,#Viral,479456,24250.0,99198,2989338.0,20.1685,Medium
YouTube,viral_trends_dataset,2022-08-19,,4.0,0,Text,#Fitness,393130,16494.0,29439,2450619.0,17.9164,Low
Twitter,viral_trends_dataset,2022-07-25,,0.0,0,Video,#Challenge,264370,26970.0,42528,3495620.0,9.551,High
TikTok,viral_trends_dataset,2023-05-29,,0.0,0,Live,#Viral,79936,33082.0,65474,1782713.0,10.0124,Low
Twitter,viral_trends_dataset,2023-08-31,,3.0,0,Image,#Viral,245660,23450.0,20515,40315.0,718.4051,Low
Instagram,viral_trends_dataset,2023-07-09,,6.0,1,Video,#Comedy,142833,23672.0,22552,3808187.0,4.9645,High
Twitter,viral_trends_dataset,2023-06-13,,1.0,0,Video,#Challenge,385302,40121.0,85841,2347697.0,21.7773,Medium
YouTube,viral_trends_dataset,2022-03-07,,0.0,0,Video,#Tech,39463,7492.0,99816,4288053.0,3.4228,High
Twitter,viral_trends_dataset,2023-02-02,,3.0,0,Video,#Fitness,102757,45215.0,64448,1198783.0,17.7196,Low
TikTok,viral_trends_dataset,2022-09-30,,4.0,0,Video,#Gaming,362284,9519.0,38536,1498964.0,27.3748,Medium
TikTok,viral_trends_dataset,2022-06-26,,6.0,1,Video,#Fitness,370923,28893.0,31855,3207539.0,13.458,Low
Twitter,viral_trends_dataset,2023-08-09,,2.0,0,Video,#Tech,310527,15425.0,69553,1556088.0,25.4166,Medium
Instagram,viral_trends_dataset,2023-03-22,,2.0,0,Live,#Viral,439117,36313.0,23000,507910.0,98.1335,High
TikTok,viral_trends_dataset,2022-02-17,,3.0,0,Text,#Dance,270449,38067.0,55139,3445560.0,10.5543,Low
YouTube,viral_trends_dataset,2022-08-21,,6.0,1,Video,#Education,364420,5976.0,46475,2851176.0,14.621,Low
YouTube,viral_trends_dataset,2022-08-21,,6.0,1,Live,#Dance,447385,6255.0,34168,3085394.0,15.8102,Medium
YouTube,viral_trends_dataset,2023-03-05,,6.0,1,Video,#Challenge,441991,23592.0,68122,598295.0,89.2043,Medium
YouTube,viral_trends_dataset,2023-03-28,,1.0,0,Video,#Tech,80041,35210.0,23225,323613.0,42.7906,High
TikTok,viral_trends_dataset,2023-10-23,,0.0,0,Image,#Music,350009,5450.0,87267,4081534.0,10.847,Low
Twitter,viral_trends_dataset,2023-01-10,,1.0,0,Live,#Fashion,318845,25436.0,42786,2272154.0,17.0352,Low
TikTok,viral_trends_dataset,2022-03-01,,1.0,0,Text,#Comedy,3936,2780.0,66622,1371750.0,5.3463,High
Twitter,viral_trends_dataset,2023-10-14,,5.0,1,Video,#Viral,286848,37504.0,62825,3766760.0,10.2788,Medium
TikTok,viral_trends_dataset,2022-11-16,,2.0,0,Image,#Education,207319,30665.0,88398,1499664.0,21.7637,Low
TikTok,viral_trends_dataset,2022-02-13,,6.0,1,Live,#Fashion,92660,46917.0,60723,1518152.0,13.1937,Low
TikTok,viral_trends_dataset,2022-08-19,,4.0,0,Video,#Fitness,292632,2755.0,83336,3175553.0,11.9262,High
Twitter,viral_trends_dataset,2023-02-11,,5.0,1,Image,#Education,216605,23675.0,32767,3768650.0,7.2452,Low
Instagram,viral_trends_dataset,2022-12-30,,4.0,0,Video,#Fitness,274745,45341.0,62197,1803252.0,21.1996,Medium
YouTube,viral_trends_dataset,2022-07-07,,3.0,0,Image,#Viral,446331,47811.0,87557,1489456.0,39.0545,Low
Instagram,viral_trends_dataset,2023-08-23,,2.0,0,Live,#Music,367384,41170.0,25852,3154913.0,13.7692,High
Twitter,viral_trends_dataset,2022-08-17,,2.0,0,Text,#Comedy,452975,29937.0,22542,1554285.0,32.52,High
Instagram,viral_trends_dataset,2022-11-30,,2.0,0,Live,#Music,338676,30282.0,59140,1907181.0,22.4466,Low
Instagram,viral_trends_dataset,2022-11-02,,2.0,0,Video,#Dance,282741,37989.0,24926,483039.0,71.5586,Low
YouTube,viral_trends_dataset,2022-04-23,,5.0,1,Video,#Fitness,247730,34043.0,44555,4822353.0,6.767,Low
Twitter,viral_trends_dataset,2023-01-08,,6.0,1,Live,#Fitness,466975,10147.0,67045,4029198.0,13.5056,Medium
YouTube,viral_trends_dataset,2022-01-30,,6.0,1,Video,#Fitness,45620,12605.0,52454,69120.0,160.1259,Medium
Instagram,viral_trends_dataset,2023-12-12,,1.0,0,Video,#Fitness,189339,9657.0,96463,2533284.0,11.6631,Low
Instagram,viral_trends_dataset,2023-07-04,,1.0,0,Image,#Viral,440354,32270.0,41263,1444784.0,35.5684,Low
YouTube,viral_trends_dataset,2023-01-27,,4.0,0,Video,#Education,237235,17776.0,78681,1174310.0,28.416,High
Twitter,viral_trends_dataset,2022-01-11,,1.0,0,Video,#Music,484300,15886.0,31088,1803388.0,29.4598,Medium
TikTok,viral_trends_dataset,2022-06-06,,0.0,0,Video,#Tech,160995,23037.0,69788,1517604.0,16.725,High
TikTok,viral_trends_dataset,2022-04-19,,1.0,0,Text,#Fitness,39549,13070.0,53941,2746993.0,3.8792,Low
TikTok,viral_trends_dataset,2023-09-05,,1.0,0,Image,#Viral,395984,37191.0,12729,4312799.0,10.3391,Medium
TikTok,viral_trends_dataset,2022-09-02,,4.0,0,Video,#Fitness,395557,37531.0,90552,3269647.0,16.0152,Medium
Twitter,viral_trends_dataset,2022-05-12,,3.0,0,Video,#Comedy,459898,4560.0,8577,3327043.0,14.2179,Medium
TikTok,viral_trends_dataset,2022-07-25,,0.0,0,Video,#Tech,177470,13394.0,69628,3590490.0,7.2551,High
Instagram,viral_trends_dataset,2023-04-12,,2.0,0,Video,#Comedy,81944,22335.0,74586,2109687.0,8.4783,High
Twitter,viral_trends_dataset,2022-02-28,,0.0,0,Image,#Tech,171073,42889.0,74732,4842053.0,5.9622,Medium
Instagram,viral_trends_dataset,2023-11-05,,6.0,1,Live,#Dance,486228,26190.0,59382,2352184.0,24.3093,Medium
Twitter,viral_trends_dataset,2022-06-02,,3.0,0,Video,#Comedy,201005,47972.0,32520,4485225.0,6.2761,Medium
Twitter,viral_trends_dataset,2023-05-29,,0.0,0,Live,#Fashion,471049,1014.0,25198,2061327.0,24.1233,Low
Twitter,viral_trends_dataset,2023-10-23,,0.0,0,Video,#Education,485204,8526.0,92660,1618201.0,36.2372,Medium
YouTube,viral_trends_dataset,2023-03-12,,6.0,1,Live,#Fitness,394641,40742.0,25434,1740011.0,26.4836,Medium
Twitter,viral_trends_dataset,2022-10-26,,2.0,0,Image,#Music,401463,4663.0,50057,3104601.0,14.6938,Low
YouTube,viral_trends_dataset,2022-04-01,,4.0,0,Video,#Dance,56074,19622.0,82482,2924425.0,5.4089,Medium
TikTok,viral_trends_dataset,2022-09-21,,2.0,0,Video,#Gaming,215503,14778.0,17809,683790.0,36.2816,High
Instagram,viral_trends_dataset,2022-10-28,,4.0,0,Text,#Tech,230179,6352.0,53270,2707572.0,10.7034,High
YouTube,viral_trends_dataset,2023-02-26,,6.0,1,Image,#Tech,165175,274.0,61456,3249574.0,6.9826,Low
Instagram,viral_trends_dataset,2023-09-12,,1.0,0,Video,#Tech,84964,19038.0,50369,4190005.0,3.6843,High
Twitter,viral_trends_dataset,2022-07-17,,6.0,1,Live,#Dance,221692,32540.0,89008,4903151.0,7.0004,Medium
TikTok,viral_trends_dataset,2023-05-21,,6.0,1,Video,#Challenge,488156,8556.0,57433,203606.0,272.1654,Low
Twitter,viral_trends_dataset,2022-12-05,,0.0,0,Image,#Challenge,106797,14776.0,25673,495987.0,29.6875,Medium
Instagram,viral_trends_dataset,2023-09-28,,3.0,0,Video,#Comedy,118469,17676.0,14421,3415328.0,4.4085,Low
Instagram,viral_trends_dataset,2022-10-01,,5.0,1,Video,#Fitness,231857,40429.0,64606,3458904.0,9.7398,Medium
YouTube,viral_trends_dataset,2023-12-25,,0.0,0,Image,#Viral,409291,32217.0,47848,1776694.0,27.5431,Low
Twitter,viral_trends_dataset,2023-09-01,,4.0,0,Live,#Challenge,30553,16040.0,87308,1249604.0,10.7155,Medium
Instagram,viral_trends_dataset,2023-11-30,,3.0,0,Text,#Education,209360,10082.0,42036,2362909.0,11.0659,High
Instagram,viral_trends_dataset,2022-04-15,,4.0,0,Video,#Challenge,23957,22622.0,13444,2980875.0,2.0136,High
Twitter,viral_trends_dataset,2022-07-29,,4.0,0,Image,#Fitness,356630,48835.0,52250,4003396.0,11.4332,High
Twitter,viral_trends_dataset,2023-01-05,,3.0,0,Live,#Comedy,164949,34876.0,4598,4582322.0,4.4611,High
Instagram,viral_trends_dataset,2023-09-03,,6.0,1,Live,#Music,375788,4538.0,31851,3284675.0,12.5485,High
Instagram,viral_trends_dataset,2023-05-10,,2.0,0,Video,#Challenge,407000,14793.0,95826,1558041.0,33.2224,Medium
YouTube,viral_trends_dataset,2023-04-03,,0.0,0,Video,#Fitness,74779,30392.0,95888,2188290.0,9.188,Medium
TikTok,viral_trends_dataset,2022-03-24,,3.0,0,Text,#Comedy,477886,22309.0,83144,1893329.0,30.8102,Low
YouTube,viral_trends_dataset,2023-05-01,,0.0,0,Video,#Challenge,444463,40419.0,95640,1259550.0,46.0896,Low
Instagram,viral_trends_dataset,2022-11-14,,0.0,0,Live,#Dance,309987,21949.0,21850,251154.0,140.8642,Low
YouTube,viral_trends_dataset,2022-07-15,,4.0,0,Video,#Fitness,425076,29249.0,88638,3000680.0,18.0947,High
YouTube,viral_trends_dataset,2023-11-11,,5.0,1,Image,#Gaming,113356,39721.0,15475,4172105.0,4.04,High
TikTok,viral_trends_dataset,2023-02-20,,0.0,0,Video,#Dance,241489,23441.0,20322,1373399.0,20.7698,Medium
Twitter,viral_trends_dataset,2023-11-28,,1.0,0,Text,#Comedy,206432,9800.0,65280,106972.0,263.1642,High
YouTube,viral_trends_dataset,2023-10-21,,5.0,1,Video,#Comedy,366286,43842.0,22239,3312960.0,13.0508,Medium
TikTok,viral_trends_dataset,2022-11-27,,6.0,1,Video,#Dance,243198,45333.0,84121,1529954.0,24.3571,High
YouTube,viral_trends_dataset,2022-11-09,,2.0,0,Image,#Tech,164931,20281.0,73156,102258.0,252.6629,High
Instagram,viral_trends_dataset,2023-10-03,,1.0,0,Text,#Gaming,197273,15114.0,83423,235741.0,125.4809,High
Twitter,viral_trends_dataset,2022-11-03,,3.0,0,Live,#Fashion,52964,19620.0,78464,3379946.0,4.4689,Medium
YouTube,viral_trends_dataset,2023-05-21,,6.0,1,Video,#Challenge,38539,38190.0,86095,2234585.0,7.2865,High
Twitter,viral_trends_dataset,2022-12-16,,4.0,0,Live,#Dance,401420,32169.0,13288,2688261.0,16.6233,High
TikTok,viral_trends_dataset,2022-12-22,,3.0,0,Video,#Gaming,110179,49262.0,66087,2260892.0,9.9752,High
TikTok,viral_trends_dataset,2022-10-22,,5.0,1,Live,#Music,138976,30626.0,12325,1130376.0,16.0944,High
Instagram,viral_trends_dataset,2022-08-17,,2.0,0,Live,#Tech,35344,32695.0,74563,4650686.0,3.0663,High
Instagram,viral_trends_dataset,2022-07-08,,4.0,0,Video,#Comedy,391296,34510.0,16786,473893.0,93.3949,Low
Instagram,viral_trends_dataset,2022-11-04,,4.0,0,Live,#Comedy,117930,49338.0,10242,2350338.0,7.5525,Medium
Twitter,viral_trends_dataset,2023-07-25,,1.0,0,Video,#Fashion,227085,43222.0,49466,4539318.0,7.0445,High
YouTube,viral_trends_dataset,2023-05-13,,5.0,1,Text,#Challenge,286183,26925.0,15049,1190886.0,27.5557,High
Instagram,viral_trends_dataset,2022-09-06,,1.0,0,Text,#Education,379782,44273.0,86100,11338.0,4499.5149,Medium
Instagram,viral_trends_dataset,2023-05-13,,5.0,1,Video,#Gaming,135556,1905.0,66131,1878293.0,10.8392,High
Instagram,viral_trends_dataset,2023-05-10,,2.0,0,Video,#Challenge,270361,48568.0,16051,1939855.0,17.2683,Medium
Twitter,viral_trends_dataset,2022-02-14,,0.0,0,Text,#Gaming,304621,21276.0,39355,3725275.0,9.8047,Medium
YouTube,viral_trends_dataset,2022-06-28,,1.0,0,Text,#Comedy,174304,7670.0,3700,3464426.0,5.3594,High
TikTok,viral_trends_dataset,2022-03-20,,6.0,1,Video,#Music,337049,13246.0,40767,2404354.0,16.2647,High
YouTube,viral_trends_dataset,2023-04-24,,0.0,0,Image,#Tech,247106,38689.0,97876,3462645.0,11.0803,Low
TikTok,viral_trends_dataset,2022-09-06,,1.0,0,Image,#Viral,152334,44652.0,49965,3106476.0,7.9496,High
Instagram,viral_trends_dataset,2023-01-25,,2.0,0,Video,#Comedy,473059,10919.0,1016,4796296.0,10.1118,Medium
Twitter,viral_trends_dataset,2022-07-19,,1.0,0,Video,#Tech,10981,9201.0,63070,2876540.0,2.8942,Low
Instagram,viral_trends_dataset,2022-06-04,,5.0,1,Video,#Viral,313918,21454.0,75168,4298093.0,9.5517,High
Instagram,viral_trends_dataset,2022-08-03,,2.0,0,Text,#Comedy,312885,27209.0,79634,2685008.0,15.6323,Medium
TikTok,viral_trends_dataset,2023-04-26,,2.0,0,Video,#Fitness,194026,47841.0,93504,794730.0,42.1994,High
Twitter,viral_trends_dataset,2022-09-01,,3.0,0,Live,#Gaming,265660,21963.0,97515,1477708.0,26.0632,Medium
TikTok,viral_trends_dataset,2022-07-25,,0.0,0,Video,#Challenge,471089,24701.0,47327,2418004.0,22.4614,Medium
Instagram,viral_trends_dataset,2022-08-09,,1.0,0,Text,#Fashion,367108,33172.0,6386,454490.0,89.4774,Low
TikTok,viral_trends_dataset,2023-02-04,,5.0,1,Video,#Challenge,404574,29450.0,82042,1061491.0,48.6171,Medium
Twitter,viral_trends_dataset,2022-10-19,,2.0,0,Video,#Gaming,247570,23701.0,68972,655507.0,51.9053,Medium
TikTok,viral_trends_dataset,2022-01-05,,2.0,0,Video,#Challenge,442816,44101.0,29304,2631238.0,19.6189,Low
Instagram,viral_trends_dataset,2022-02-03,,3.0,0,Video,#Dance,453772,44775.0,12971,2414079.0,21.189,Medium
YouTube,viral_trends_dataset,2023-02-17,,4.0,0,Live,#Fitness,436365,46800.0,48616,3213925.0,16.5462,Low
Twitter,viral_trends_dataset,2023-09-26,,1.0,0,Live,#Fitness,280297,36696.0,70901,1658817.0,23.3838,Medium
TikTok,viral_trends_dataset,2023-07-20,,3.0,0,Image,#Fitness,149765,42118.0,9840,2878436.0,7.0081,High
TikTok,viral_trends_dataset,2022-07-09,,5.0,1,Live,#Challenge,8927,33397.0,36583,3730939.0,2.1149,Medium
TikTok,viral_trends_dataset,2023-10-16,,0.0,0,Video,#Education,367712,28894.0,57910,1951149.0,23.2948,Low
Instagram,viral_trends_dataset,2022-10-14,,4.0,0,Live,#Tech,489680,38423.0,10003,4031260.0,13.3483,High
TikTok,viral_trends_dataset,2022-04-28,,3.0,0,Text,#Dance,434086,27401.0,82037,800596.0,67.8899,High
Twitter,viral_trends_dataset,2023-10-21,,5.0,1,Live,#Music,45964,20424.0,49018,3059352.0,3.7722,Medium
YouTube,viral_trends_dataset,2023-11-30,,3.0,0,Text,#Tech,338839,45590.0,69684,489829.0,92.7085,High
YouTube,viral_trends_dataset,2022-11-12,,5.0,1,Video,#Gaming,300600,29780.0,92494,1775441.0,23.818,Low
Twitter,viral_trends_dataset,2022-06-13,,0.0,0,Video,#Fitness,804,48511.0,77479,3386425.0,3.7442,Low
Instagram,viral_trends_dataset,2023-02-20,,0.0,0,Video,#Gaming,488798,28108.0,11213,3147828.0,16.7773,Low
TikTok,viral_trends_dataset,2023-04-13,,3.0,0,Video,#Challenge,360983,7949.0,28865,1370433.0,29.0271,Medium
Twitter,viral_trends_dataset,2022-04-15,,4.0,0,Text,#Viral,314231,38094.0,36820,4329212.0,8.9888,Low
YouTube,viral_trends_dataset,2022-09-22,,3.0,0,Text,#Comedy,301260,13072.0,95595,1193284.0,34.3528,High
TikTok,viral_trends_dataset,2022-11-21,,0.0,0,Text,#Comedy,61124,20780.0,69585,4969573.0,3.0483,High
YouTube,viral_trends_dataset,2022-09-13,,1.0,0,Image,#Fitness,454436,18730.0,93369,131873.0,429.6065,Low
Twitter,viral_trends_dataset,2023-07-14,,4.0,0,Text,#Viral,387333,7391.0,43799,3380653.0,12.9715,High
Twitter,viral_trends_dataset,2022-01-03,,0.0,0,Video,#Dance,4652,39672.0,67987,4615991.0,2.4331,High
TikTok,viral_trends_dataset,2023-04-15,,5.0,1,Video,#Tech,82684,8394.0,91782,864943.0,21.1413,High
Instagram,viral_trends_dataset,2022-05-10,,1.0,0,Image,#Comedy,322686,21411.0,75202,1263647.0,33.1817,High
YouTube,viral_trends_dataset,2023-01-14,,5.0,1,Image,#Fashion,375236,43802.0,99926,1984393.0,26.1523,Medium
TikTok,viral_trends_dataset,2023-10-02,,0.0,0,Video,#Music,90525,1252.0,32612,3986858.0,3.12,Medium
TikTok,viral_trends_dataset,2023-04-07,,4.0,0,Video,#Fitness,195036,35850.0,70291,1026460.0,29.3413,Low
TikTok,viral_trends_dataset,2023-03-10,,4.0,0,Video,#Viral,264956,40163.0,65030,3391235.0,10.9149,High
Twitter,viral_trends_dataset,2023-02-23,,3.0,0,Video,#Challenge,205624,49107.0,63081,3216923.0,9.8794,Low
Instagram,viral_trends_dataset,2023-05-26,,4.0,0,Text,#Dance,431351,19075.0,625,4841137.0,9.317,Medium
TikTok,viral_trends_dataset,2022-11-07,,0.0,0,Video,#Gaming,5852,26074.0,96016,2056554.0,6.2212,High
Instagram,viral_trends_dataset,2023-12-22,,4.0,0,Live,#Music,357123,35214.0,24263,1889541.0,22.0477,Low
Instagram,viral_trends_dataset,2023-11-27,,0.0,0,Video,#Fashion,473924,3303.0,71436,353263.0,155.3129,High
Instagram,viral_trends_dataset,2023-03-25,,5.0,1,Video,#Tech,319160,37720.0,12581,2385749.0,15.4862,Low
YouTube,viral_trends_dataset,2022-12-05,,0.0,0,Image,#Comedy,334654,44955.0,46205,2543088.0,16.744,Low
Instagram,viral_trends_dataset,2022-06-08,,2.0,0,Video,#Music,359660,1169.0,68209,4826724.0,8.8888,High
TikTok,viral_trends_dataset,2023-10-18,,2.0,0,Text,#Dance,248040,44462.0,43908,332982.0,101.0295,High
TikTok,viral_trends_dataset,2023-02-22,,2.0,0,Video,#Viral,434643,16049.0,49661,243690.0,205.3236,Low
Instagram,viral_trends_dataset,2022-04-28,,3.0,0,Video,#Education,130632,42849.0,4458,2780722.0,6.399,Medium
Twitter,viral_trends_dataset,2023-05-30,,1.0,0,Image,#Education,284453,46380.0,89108,4582230.0,9.1646,Medium
YouTube,viral_trends_dataset,2022-09-12,,0.0,0,Image,#Fashion,108177,1021.0,6409,4126761.0,2.8014,Medium
Twitter,viral_trends_dataset,2023-02-24,,4.0,0,Image,#Fashion,479845,48864.0,2280,2116294.0,25.0905,Low
Instagram,viral_trends_dataset,2023-01-30,,0.0,0,Image,#Dance,459724,9912.0,55807,3724442.0,14.108,Medium
Instagram,viral_trends_dataset,2023-12-09,,5.0,1,Text,#Gaming,315259,37399.0,26019,4170208.0,9.0805,Medium
Twitter,viral_trends_dataset,2022-01-06,,3.0,0,Video,#Comedy,92561,32024.0,43545,1340034.0,12.5467,Low
YouTube,viral_trends_dataset,2023-06-27,,1.0,0,Image,#Education,222248,42629.0,78214,2091486.0,16.4042,High
Twitter,viral_trends_dataset,2022-01-23,,6.0,1,Video,#Fashion,119786,45384.0,77421,4386555.0,5.5303,Low
YouTube,viral_trends_dataset,2022-08-14,,6.0,1,Text,#Fashion,402649,48533.0,98985,97528.0,564.1118,Medium
YouTube,viral_trends_dataset,2022-12-16,,4.0,0,Live,#Viral,76341,1692.0,10644,3781524.0,2.345,Medium
TikTok,viral_trends_dataset,2022-05-27,,4.0,0,Video,#Tech,484384,41864.0,39567,2076113.0,27.2536,Low
TikTok,viral_trends_dataset,2023-11-06,,0.0,0,Text,#Music,224759,34806.0,88368,3648938.0,9.5352,High
TikTok,viral_trends_dataset,2023-05-15,,0.0,0,Live,#Dance,334062,42589.0,84453,1304352.0,35.3512,Medium
Instagram,viral_trends_dataset,2022-02-15,,1.0,0,Text,#Viral,371010,29531.0,23116,4113719.0,10.2986,Low
TikTok,viral_trends_dataset,2023-01-03,,1.0,0,Live,#Tech,36753,6372.0,49519,2919564.0,3.1732,High
YouTube,viral_trends_dataset,2023-05-25,,3.0,0,Text,#Gaming,365067,37692.0,78267,4732496.0,10.1643,Low
Twitter,viral_trends_dataset,2023-12-28,,3.0,0,Video,#Challenge,407996,40259.0,11598,2040652.0,22.5346,Low
YouTube,viral_trends_dataset,2023-07-08,,5.0,1,Live,#Gaming,451739,2335.0,2827,3380651.0,13.5152,High
YouTube,viral_trends_dataset,2023-10-07,,5.0,1,Video,#Education,237876,36343.0,33780,2592595.0,11.88,High
Instagram,viral_trends_dataset,2022-06-18,,5.0,1,Image,#Gaming,435610,35611.0,44348,4284095.0,12.0345,High
YouTube,viral_trends_dataset,2022-02-19,,5.0,1,Video,#Tech,236997,12958.0,84050,1562200.0,21.3804,Medium
Twitter,viral_trends_dataset,2023-03-15,,2.0,0,Live,#Fashion,493487,38719.0,69852,3305437.0,18.2142,High
YouTube,viral_trends_dataset,2023-08-03,,3.0,0,Video,#Dance,93269,11949.0,84008,2293007.0,8.2523,Medium
Twitter,viral_trends_dataset,2023-09-04,,0.0,0,Video,#Fashion,239380,8387.0,16309,1191376.0,22.1656,Low
YouTube,viral_trends_dataset,2022-03-15,,1.0,0,Live,#Viral,336481,35123.0,11129,660930.0,57.9083,Low
TikTok,viral_trends_dataset,2022-07-20,,2.0,0,Live,#Comedy,245250,49881.0,99730,790471.0,49.9526,Medium
YouTube,viral_trends_dataset,2022-08-02,,1.0,0,Live,#Comedy,300350,15057.0,4163,4565789.0,6.9992,Medium
Instagram,viral_trends_dataset,2022-06-21,,1.0,0,Video,#Fitness,352786,29795.0,90781,1513083.0,31.2846,Low
Twitter,viral_trends_dataset,2022-08-21,,6.0,1,Video,#Fashion,145994,11620.0,75122,3829879.0,6.0768,Low
YouTube,viral_trends_dataset,2023-09-05,,1.0,0,Live,#Viral,351227,43219.0,85607,2754577.0,17.4275,High
Twitter,viral_trends_dataset,2022-02-20,,6.0,1,Video,#Fitness,366736,28802.0,65404,3497840.0,13.1779,High
Instagram,viral_trends_dataset,2022-08-15,,0.0,0,Text,#Viral,29305,16323.0,89872,4746014.0,2.855,Medium
Twitter,viral_trends_dataset,2022-03-23,,2.0,0,Video,#Fitness,343575,19921.0,2003,4161787.0,8.7823,Medium
YouTube,viral_trends_dataset,2022-02-16,,2.0,0,Video,#Dance,121317,38875.0,4727,3873103.0,4.2581,Medium
YouTube,viral_trends_dataset,2022-01-04,,1.0,0,Text,#Viral,386951,31259.0,38015,3620241.0,12.6021,High
YouTube,viral_trends_dataset,2023-05-11,,3.0,0,Video,#Tech,295942,47869.0,27878,3722406.0,9.9852,Medium
YouTube,viral_trends_dataset,2022-08-23,,1.0,0,Video,#Dance,449386,13313.0,33351,2975095.0,16.6734,High
YouTube,viral_trends_dataset,2022-02-08,,1.0,0,Video,#Tech,37884,34950.0,42111,178206.0,64.5012,Low
TikTok,viral_trends_dataset,2022-11-30,,2.0,0,Video,#Tech,69758,38108.0,80790,2221223.0,8.4933,Medium
Twitter,viral_trends_dataset,2023-05-13,,5.0,1,Video,#Fitness,413608,12600.0,67001,3283134.0,15.0225,High
Twitter,viral_trends_dataset,2022-06-12,,6.0,1,Live,#Dance,29791,25420.0,99856,2215064.0,7.0006,High
Twitter,viral_trends_dataset,2022-08-19,,4.0,0,Video,#Fashion,105704,38438.0,95438,2189190.0,10.9438,Low
Instagram,viral_trends_dataset,2023-05-29,,0.0,0,Live,#Fitness,227030,2906.0,40851,2085067.0,12.987,Low
Instagram,viral_trends_dataset,2022-03-22,,1.0,0,Live,#Viral,73511,36056.0,93273,4121250.0,4.9218,Medium
Twitter,viral_trends_dataset,2023-01-02,,0.0,0,Live,#Fitness,35065,14777.0,44031,1706185.0,5.5019,Medium
Twitter,viral_trends_dataset,2022-01-19,,2.0,0,Video,#Education,308437,18584.0,36985,697238.0,52.2069,Medium
TikTok,viral_trends_dataset,2022-09-12,,0.0,0,Live,#Education,467395,1125.0,66735,492746.0,108.627,Medium
Twitter,viral_trends_dataset,2023-08-30,,2.0,0,Image,#Viral,196133,14125.0,74984,2611265.0,10.9235,Medium
Instagram,viral_trends_dataset,2023-04-13,,3.0,0,Video,#Challenge,261493,28833.0,87021,4248915.0,8.881,Medium
YouTube,viral_trends_dataset,2022-06-30,,3.0,0,Image,#Dance,38620,18479.0,936,3239323.0,1.7916,Low
Twitter,viral_trends_dataset,2022-11-30,,2.0,0,Live,#Fashion,74808,5993.0,24814,3551156.0,2.9741,Low
TikTok,viral_trends_dataset,2022-07-27,,2.0,0,Image,#Tech,140232,8215.0,946,4569045.0,3.2697,Medium
YouTube,viral_trends_dataset,2023-06-15,,3.0,0,Image,#Tech,338455,38317.0,43231,651443.0,64.4727,Low
TikTok,viral_trends_dataset,2022-11-08,,1.0,0,Image,#Comedy,290461,5863.0,51999,3484442.0,9.9965,High
TikTok,viral_trends_dataset,2022-03-27,,6.0,1,Live,#Gaming,158956,30123.0,68044,497423.0,51.691,Low
YouTube,viral_trends_dataset,2022-05-13,,4.0,0,Image,#Viral,422102,8792.0,50384,222706.0,216.1046,Medium
YouTube,viral_trends_dataset,2023-05-10,,2.0,0,Live,#Viral,228488,25873.0,52037,1128302.0,27.1557,Medium
YouTube,viral_trends_dataset,2022-10-05,,2.0,0,Live,#Education,7372,10623.0,39950,2677335.0,2.1643,Medium
YouTube,viral_trends_dataset,2023-07-05,,2.0,0,Video,#Education,258178,13315.0,5642,1050909.0,26.371,Low
Twitter,viral_trends_dataset,2022-05-21,,5.0,1,Live,#Education,388747,15351.0,2397,1015391.0,40.0333,High
Twitter,viral_trends_dataset,2022-10-04,,1.0,0,Image,#Fashion,423212,46525.0,78276,1217360.0,45.0165,Medium
TikTok,viral_trends_dataset,2023-09-27,,2.0,0,Text,#Challenge,450959,38602.0,9604,3371506.0,14.8054,Low
YouTube,viral_trends_dataset,2022-11-19,,5.0,1,Video,#Music,11709,46222.0,98546,2477176.0,6.3167,High
Instagram,viral_trends_dataset,2023-11-16,,3.0,0,Video,#Dance,178086,25511.0,11014,2912775.0,7.3679,Medium
YouTube,viral_trends_dataset,2022-04-16,,5.0,1,Video,#Music,312622,42018.0,27648,962239.0,39.729,Low
TikTok,viral_trends_dataset,2022-11-02,,2.0,0,Image,#Challenge,139491,30527.0,60853,3069640.0,7.5211,Medium
YouTube,viral_trends_dataset,2023-06-16,,4.0,0,Text,#Education,186803,7394.0,18713,1106136.0,19.2481,Medium
Instagram,viral_trends_dataset,2023-11-23,,3.0,0,Video,#Tech,476460,48685.0,96568,4018134.0,15.4727,Medium
Instagram,viral_trends_dataset,2022-01-03,,0.0,0,Video,#Tech,106116,21497.0,41569,1135196.0,14.9033,Medium
TikTok,viral_trends_dataset,2022-07-21,,3.0,0,Live,#Education,97707,30021.0,63913,136335.0,140.5663,Low
Instagram,viral_trends_dataset,2023-05-17,,2.0,0,Live,#Music,376135,40981.0,50291,312301.0,149.6655,High
Instagram,viral_trends_dataset,2022-07-14,,3.0,0,Video,#Dance,479741,33112.0,220,2930383.0,17.5087,Low
Twitter,viral_trends_dataset,2023-05-15,,0.0,0,Video,#Fashion,243870,30134.0,4291,963339.0,28.8886,Low
TikTok,viral_trends_dataset,2023-11-23,,3.0,0,Text,#Dance,339645,27672.0,75620,2542362.0,17.4223,High
YouTube,viral_trends_dataset,2023-06-26,,0.0,0,Video,#Music,415475,1737.0,77500,929670.0,53.2137,Medium
Instagram,viral_trends_dataset,2023-08-19,,5.0,1,Video,#Fashion,93056,27332.0,17427,2808211.0,4.9076,Low
Twitter,viral_trends_dataset,2023-11-02,,3.0,0,Live,#Challenge,221957,34835.0,65127,209672.0,153.5346,Medium
Twitter,viral_trends_dataset,2023-03-30,,3.0,0,Text,#Comedy,3185,43289.0,21475,3737771.0,1.8179,Medium
YouTube,viral_trends_dataset,2022-12-21,,2.0,0,Video,#Challenge,221164,37039.0,44206,4446755.0,6.8007,Low
TikTok,viral_trends_dataset,2023-08-21,,0.0,0,Image,#Gaming,449783,45597.0,37315,2013957.0,26.4502,Medium
TikTok,viral_trends_dataset,2023-05-22,,0.0,0,Video,#Tech,398301,44951.0,83508,1036784.0,50.8071,Medium
Twitter,viral_trends_dataset,2022-06-17,,4.0,0,Video,#Education,275061,47571.0,89641,3980555.0,10.3572,Low
TikTok,viral_trends_dataset,2022-01-05,,2.0,0,Video,#Gaming,5801,40130.0,27958,4198164.0,1.76,High
Instagram,viral_trends_dataset,2023-10-09,,0.0,0,Text,#Education,298146,1236.0,8587,3123278.0,9.8604,Low
TikTok,viral_trends_dataset,2023-08-04,,4.0,0,Video,#Gaming,356084,25612.0,56738,2064157.0,21.2403,Low
TikTok,viral_trends_dataset,2022-03-02,,2.0,0,Image,#Education,47157,8648.0,47309,2074835.0,4.9697,Medium
TikTok,viral_trends_dataset,2023-06-27,,1.0,0,Video,#Education,322942,4830.0,75521,4860381.0,8.2976,High
Instagram,viral_trends_dataset,2023-06-13,,1.0,0,Video,#Fashion,278305,19512.0,77717,3599873.0,10.4319,Low
TikTok,viral_trends_dataset,2023-06-19,,0.0,0,Video,#Gaming,94795,47811.0,68944,3940481.0,5.3686,Medium
TikTok,viral_trends_dataset,2023-08-01,,1.0,0,Video,#Fashion,493021,17661.0,14422,3402318.0,15.4337,Medium
Instagram,viral_trends_dataset,2022-11-12,,5.0,1,Image,#Tech,142049,32540.0,19440,2836169.0,6.8412,High
Instagram,viral_trends_dataset,2022-03-25,,4.0,0,Text,#Fashion,410976,37271.0,85117,3207625.0,16.628,Low
Twitter,viral_trends_dataset,2022-07-15,,4.0,0,Image,#Tech,221744,49900.0,11077,3036452.0,9.3109,High
TikTok,viral_trends_dataset,2022-07-18,,0.0,0,Video,#Music,236621,2337.0,13929,4172163.0,6.0613,High
Twitter,viral_trends_dataset,2023-01-15,,6.0,1,Video,#Fitness,85453,47809.0,32995,1588694.0,10.465,Low
TikTok,viral_trends_dataset,2022-03-08,,1.0,0,Video,#Education,234921,22243.0,87352,4698854.0,7.3319,High
TikTok,viral_trends_dataset,2022-06-03,,4.0,0,Video,#Dance,117831,24859.0,84434,1435830.0,15.8183,High
TikTok,viral_trends_dataset,2023-05-03,,2.0,0,Video,#Dance,491508,37043.0,66058,3990883.0,14.8992,Medium
Twitter,viral_trends_dataset,2022-01-23,,6.0,1,Image,#Education,491963,8603.0,55403,778600.0,71.4062,Low
TikTok,viral_trends_dataset,2022-05-12,,3.0,0,Live,#Comedy,118601,44941.0,51035,4103458.0,5.2292,Low
TikTok,viral_trends_dataset,2023-04-28,,4.0,0,Video,#Dance,198160,42191.0,72234,4149798.0,7.5325,Medium
Twitter,viral_trends_dataset,2022-01-19,,2.0,0,Video,#Music,292286,23430.0,6952,3312891.0,9.7398,Low
TikTok,viral_trends_dataset,2023-02-20,,0.0,0,Video,#Music,242791,24465.0,31594,1154890.0,25.8769,Low
YouTube,viral_trends_dataset,2023-09-16,,5.0,1,Video,#Fitness,55335,43209.0,94333,2289467.0,8.4245,High
Twitter,viral_trends_dataset,2022-09-30,,4.0,0,Image,#Gaming,371343,30174.0,52165,950724.0,47.7196,Medium
Twitter,viral_trends_dataset,2022-08-04,,3.0,0,Image,#Education,378649,22534.0,39504,4641254.0,9.495,High
YouTube,viral_trends_dataset,2022-03-13,,6.0,1,Video,#Challenge,356209,48809.0,80366,633478.0,76.6221,Low
Twitter,viral_trends_dataset,2022-10-25,,1.0,0,Video,#Fashion,249364,7312.0,19912,513065.0,53.909,Medium
Twitter,viral_trends_dataset,2023-09-24,,6.0,1,Text,#Gaming,124165,34518.0,5295,2165655.0,7.5718,High
Instagram,viral_trends_dataset,2023-02-03,,4.0,0,Video,#Education,268583,12067.0,97064,4029746.0,9.3731,Low
YouTube,viral_trends_dataset,2023-05-29,,0.0,0,Video,#Music,272303,360.0,96744,505913.0,73.0179,High
TikTok,viral_trends_dataset,2022-09-26,,0.0,0,Video,#Challenge,94546,47825.0,72083,4486868.0,4.7796,Low
Instagram,viral_trends_dataset,2022-01-30,,6.0,1,Live,#Fitness,287717,45451.0,88326,4184048.0,10.0738,Medium
Twitter,viral_trends_dataset,2022-02-13,,6.0,1,Image,#Fitness,326186,5729.0,1739,2435410.0,13.7001,Low
Instagram,viral_trends_dataset,2022-07-09,,5.0,1,Video,#Education,339285,22897.0,76401,1171718.0,37.4308,High
Twitter,viral_trends_dataset,2023-06-16,,4.0,0,Video,#Comedy,468202,38510.0,10925,4098970.0,12.6285,High
YouTube,viral_trends_dataset,2022-02-24,,3.0,0,Video,#Viral,307662,8124.0,59624,1538823.0,24.3959,Low
Twitter,viral_trends_dataset,2023-02-16,,3.0,0,Video,#Fitness,434540,13478.0,40012,2595660.0,18.8018,High
TikTok,viral_trends_dataset,2023-09-16,,5.0,1,Video,#Gaming,260136,32176.0,65723,3521130.0,10.1682,Low
Instagram,viral_trends_dataset,2022-06-08,,2.0,0,Text,#Gaming,407373,20849.0,70852,3589308.0,13.9045,High
YouTube,viral_trends_dataset,2023-05-20,,5.0,1,Text,#Comedy,326981,2572.0,34821,1035365.0,35.1928,High
Instagram,viral_trends_dataset,2022-07-20,,2.0,0,Video,#Education,306373,33050.0,6915,2315963.0,14.9544,Medium
YouTube,viral_trends_dataset,2023-07-07,,4.0,0,Video,#Education,488199,45422.0,52014,2676777.0,21.8784,Medium
Instagram,viral_trends_dataset,2023-07-10,,0.0,0,Video,#Viral,305105,34102.0,99587,2950546.0,14.8716,Medium
TikTok,viral_trends_dataset,2022-04-30,,5.0,1,Text,#Fashion,17758,19981.0,93392,3368170.0,3.8932,High
YouTube,viral_trends_dataset,2023-03-03,,4.0,0,Video,#Fashion,308046,33858.0,88779,4736019.0,9.0938,Medium
TikTok,viral_trends_dataset,2022-05-05,,3.0,0,Video,#Gaming,241357,14634.0,49321,2258063.0,13.521,Low
YouTube,viral_trends_dataset,2023-10-02,,0.0,0,Live,#Comedy,166706,15510.0,39793,4989820.0,4.4492,High
YouTube,viral_trends_dataset,2023-04-02,,6.0,1,Image,#Tech,384232,8995.0,67245,4766161.0,9.6613,Medium
TikTok,viral_trends_dataset,2022-07-11,,0.0,0,Video,#Challenge,198755,39098.0,73600,4706101.0,6.6181,Low
Twitter,viral_trends_dataset,2023-04-15,,5.0,1,Live,#Fashion,328441,1323.0,44676,1726804.0,21.684,High
YouTube,viral_trends_dataset,2022-01-17,,0.0,0,Text,#Dance,135138,4020.0,58808,3218932.0,6.1501,Medium
Instagram,viral_trends_dataset,2023-04-08,,5.0,1,Live,#Education,468164,11612.0,79559,1374292.0,40.6999,Low
Twitter,viral_trends_dataset,2023-08-31,,3.0,0,Video,#Gaming,112883,26500.0,48860,2307722.0,8.1571,High
TikTok,viral_trends_dataset,2022-01-07,,4.0,0,Image,#Fitness,361857,10889.0,53708,3943560.0,10.8139,High
YouTube,viral_trends_dataset,2023-12-22,,4.0,0,Text,#Viral,416040,37205.0,26255,4397362.0,10.9043,Medium
Instagram,viral_trends_dataset,2022-10-26,,2.0,0,Video,#Tech,210629,25652.0,93645,2904623.0,11.3587,High
YouTube,viral_trends_dataset,2023-09-12,,1.0,0,Video,#Dance,334635,39943.0,14885,4648895.0,8.3775,High
YouTube,viral_trends_dataset,2023-05-19,,4.0,0,Text,#Education,401349,49849.0,79190,2182075.0,24.3066,High
YouTube,viral_trends_dataset,2022-02-02,,2.0,0,Text,#Tech,289690,29859.0,37216,3686801.0,9.6768,Low
Instagram,viral_trends_dataset,2023-01-12,,3.0,0,Video,#Music,411915,24765.0,89675,436676.0,120.5367,Low
Instagram,viral_trends_dataset,2022-12-14,,2.0,0,Text,#Challenge,442784,32668.0,49480,1021135.0,51.4067,High
Twitter,viral_trends_dataset,2023-03-16,,3.0,0,Text,#Music,411249,8004.0,93026,2616896.0,19.5758,High
Instagram,viral_trends_dataset,2023-12-03,,6.0,1,Video,#Fitness,106027,43880.0,74544,80333.0,279.4007,Low
YouTube,viral_trends_dataset,2023-04-03,,0.0,0,Image,#Dance,161388,47798.0,40096,2286789.0,10.901,Medium
Twitter,viral_trends_dataset,2022-07-01,,4.0,0,Text,#Tech,242545,34020.0,76839,803980.0,43.9568,Low
YouTube,viral_trends_dataset,2023-06-20,,1.0,0,Video,#Fitness,328783,11658.0,1574,1658169.0,20.6261,High
Twitter,viral_trends_dataset,2022-02-28,,0.0,0,Image,#Dance,216935,23402.0,93964,723296.0,46.2191,Low
TikTok,viral_trends_dataset,2022-12-13,,1.0,0,Text,#Tech,426226,29795.0,17467,3206060.0,14.7685,High
TikTok,viral_trends_dataset,2022-12-30,,4.0,0,Image,#Tech,289945,32084.0,93775,1655182.0,25.1213,High
TikTok,viral_trends_dataset,2023-04-30,,6.0,1,Video,#Viral,464620,29990.0,19688,1476674.0,34.8281,Low
Twitter,viral_trends_dataset,2022-11-10,,3.0,0,Video,#Viral,91099,3140.0,97414,1771174.0,10.8207,Low
TikTok,viral_trends_dataset,2022-03-08,,1.0,0,Video,#Challenge,134040,36793.0,6283,3327212.0,5.3233,High
TikTok,viral_trends_dataset,2022-08-30,,1.0,0,Image,#Gaming,437322,24122.0,28171,690673.0,70.8896,Medium
YouTube,viral_trends_dataset,2023-02-19,,6.0,1,Text,#Gaming,137418,49305.0,23331,3569008.0,5.8855,Medium
TikTok,viral_trends_dataset,2022-11-25,,4.0,0,Text,#Dance,153065,7632.0,41200,3099684.0,6.5135,Low
Twitter,viral_trends_dataset,2022-08-06,,5.0,1,Video,#Music,76950,7103.0,26333,3710671.0,2.9748,Medium
Instagram,viral_trends_dataset,2023-10-31,,1.0,0,Image,#Education,368317,21981.0,49091,3188483.0,13.7805,Low
TikTok,viral_trends_dataset,2023-10-27,,4.0,0,Live,#Comedy,499380,12282.0,60311,2801347.0,20.4178,High
TikTok,viral_trends_dataset,2022-04-22,,4.0,0,Live,#Challenge,93218,14331.0,59577,2248578.0,7.4325,Medium
Twitter,viral_trends_dataset,2022-07-09,,5.0,1,Live,#Music,403027,44642.0,23102,1609482.0,29.2498,High
YouTube,viral_trends_dataset,2023-05-12,,4.0,0,Live,#Challenge,37945,26696.0,3378,4251376.0,1.5999,Low
YouTube,viral_trends_dataset,2022-07-01,,4.0,0,Video,#Challenge,300720,43145.0,59766,1358058.0,29.7212,Medium
TikTok,viral_trends_dataset,2023-03-03,,4.0,0,Text,#Tech,69943,13284.0,67574,2606224.0,5.7862,Medium
Instagram,viral_trends_dataset,2023-01-22,,6.0,1,Video,#Viral,429165,16421.0,1181,3442475.0,12.9781,Medium
Twitter,viral_trends_dataset,2023-11-23,,3.0,0,Live,#Dance,162796,5547.0,63419,3909627.0,5.928,High
YouTube,viral_trends_dataset,2022-06-13,,0.0,0,Image,#Education,120768,43214.0,54001,4022893.0,5.4186,Medium
TikTok,viral_trends_dataset,2023-10-08,,6.0,1,Live,#Fitness,160224,2779.0,63631,2288198.0,9.9045,High
YouTube,viral_trends_dataset,2022-01-11,,1.0,0,Image,#Fashion,468293,41097.0,62396,1707547.0,33.4858,Medium
TikTok,viral_trends_dataset,2023-04-11,,1.0,0,Video,#Dance,473290,22117.0,53315,167982.0,326.6552,High
Twitter,viral_trends_dataset,2023-12-20,,2.0,0,Video,#Tech,269685,11719.0,15870,1723036.0,17.2529,Low
Instagram,viral_trends_dataset,2022-08-17,,2.0,0,Video,#Tech,220395,42984.0,47904,1368137.0,22.7523,Low
Instagram,viral_trends_dataset,2022-11-21,,0.0,0,Video,#Comedy,413003,39688.0,90078,1753723.0,30.9495,High
Twitter,viral_trends_dataset,2022-01-16,,6.0,1,Live,#Music,188014,14691.0,39473,4289386.0,5.646,Low
Twitter,viral_trends_dataset,2023-09-29,,4.0,0,Video,#Comedy,322024,33051.0,4474,3356274.0,10.7127,High
Instagram,viral_trends_dataset,2022-11-29,,1.0,0,Text,#Dance,480760,20082.0,63167,2213124.0,25.4847,High
TikTok,viral_trends_dataset,2022-01-02,,6.0,1,Video,#Comedy,137707,47207.0,28180,1714956.0,12.4256,Medium
TikTok,viral_trends_dataset,2022-12-15,,3.0,0,Video,#Comedy,149856,13888.0,83261,2347135.0,10.5237,Low
YouTube,viral_trends_dataset,2023-08-27,,6.0,1,Video,#Tech,429897,23842.0,10666,3849864.0,12.0629,Medium
TikTok,viral_trends_dataset,2022-12-14,,2.0,0,Video,#Fitness,428601,12329.0,16411,2458064.0,18.6057,Medium
TikTok,viral_trends_dataset,2022-08-09,,1.0,0,Text,#Fashion,356632,12027.0,57983,4138951.0,10.308,High
Twitter,viral_trends_dataset,2023-04-26,,2.0,0,Video,#Tech,115476,33532.0,45804,786091.0,24.7824,Low
Instagram,viral_trends_dataset,2023-12-04,,0.0,0,Text,#Comedy,178208,10620.0,2717,2428341.0,7.8879,High
Instagram,viral_trends_dataset,2022-07-07,,3.0,0,Video,#Music,55050,39848.0,41483,1934060.0,7.0515,Medium
YouTube,viral_trends_dataset,2022-04-17,,6.0,1,Live,#Comedy,305353,46784.0,8424,3328075.0,10.8339,Medium
Instagram,viral_trends_dataset,2023-04-12,,2.0,0,Video,#Challenge,1774,31300.0,38568,4618662.0,1.5511,Low
YouTube,viral_trends_dataset,2022-12-10,,5.0,1,Video,#Education,128740,25381.0,47263,2637799.0,7.6345,Low
Twitter,viral_trends_dataset,2022-08-26,,4.0,0,Image,#Viral,427434,40158.0,92929,1021175.0,54.8898,Medium
Instagram,viral_trends_dataset,2023-11-27,,0.0,0,Image,#Fashion,9741,1977.0,60279,136708.0,52.6648,Medium
TikTok,viral_trends_dataset,2023-10-01,,6.0,1,Live,#Tech,240695,10533.0,76116,4820047.0,6.7913,Low
YouTube,viral_trends_dataset,2022-01-24,,0.0,0,Video,#Tech,261333,33631.0,28832,1417619.0,22.8408,Medium
Instagram,viral_trends_dataset,2023-10-29,,6.0,1,Video,#Challenge,127818,17121.0,52586,3373662.0,5.8549,Medium
Twitter,viral_trends_dataset,2023-10-12,,3.0,0,Live,#Viral,24388,36005.0,40754,280264.0,36.0899,Low
YouTube,viral_trends_dataset,2022-08-14,,6.0,1,Image,#Dance,348080,47797.0,24255,1412186.0,29.7505,Low
YouTube,viral_trends_dataset,2023-07-24,,0.0,0,Live,#Comedy,59389,21735.0,15997,2440607.0,3.9794,Low
YouTube,viral_trends_dataset,2023-03-18,,5.0,1,Live,#Viral,134452,26744.0,16512,1212383.0,14.6577,Low
YouTube,viral_trends_dataset,2022-12-14,,2.0,0,Video,#Education,468506,5509.0,33962,2561337.0,19.8325,Low
YouTube,viral_trends_dataset,2023-11-10,,4.0,0,Image,#Dance,374139,35296.0,41228,886874.0,50.8148,High
TikTok,viral_trends_dataset,2022-06-20,,0.0,0,Text,#Tech,119815,1529.0,41769,1622096.0,10.0557,Medium
Instagram,viral_trends_dataset,2023-12-03,,6.0,1,Image,#Gaming,304294,35055.0,25948,946358.0,38.6003,Low
Twitter,viral_trends_dataset,2022-06-25,,5.0,1,Video,#Music,242655,3854.0,41085,4119667.0,6.981,High
TikTok,viral_trends_dataset,2022-02-22,,1.0,0,Image,#Education,400911,18136.0,46622,3974573.0,11.7162,Low
YouTube,viral_trends_dataset,2022-07-20,,2.0,0,Image,#Challenge,67913,32596.0,48844,2764814.0,5.4019,Low
Instagram,viral_trends_dataset,2023-02-16,,3.0,0,Image,#Dance,310842,25445.0,86059,3105914.0,13.5981,Low
YouTube,viral_trends_dataset,2023-04-08,,5.0,1,Video,#Fitness,411599,34729.0,6923,2289887.0,19.7936,High
YouTube,viral_trends_dataset,2022-10-10,,0.0,0,Video,#Education,342720,21282.0,58380,1213734.0,34.8002,Medium
YouTube,viral_trends_dataset,2022-05-08,,6.0,1,Video,#Fitness,434933,7876.0,9642,264136.0,171.2947,High
Twitter,viral_trends_dataset,2023-12-01,,4.0,0,Video,#Dance,8669,10996.0,88291,1661537.0,6.4974,Low
Instagram,viral_trends_dataset,2023-09-08,,4.0,0,Live,#Music,472554,11509.0,57987,643763.0,84.2002,High
TikTok,viral_trends_dataset,2023-05-02,,1.0,0,Video,#Dance,230354,23584.0,67311,1296499.0,24.7782,Low
TikTok,viral_trends_dataset,2023-02-10,,4.0,0,Image,#Comedy,220248,6273.0,24146,1205102.0,20.8005,High
Twitter,viral_trends_dataset,2023-02-01,,2.0,0,Image,#Comedy,287339,22514.0,75893,3264905.0,11.8149,Low
TikTok,viral_trends_dataset,2022-04-17,,6.0,1,Text,#Fashion,52742,7245.0,18986,4295107.0,1.8387,Medium
YouTube,viral_trends_dataset,2022-07-13,,2.0,0,Text,#Tech,485171,48944.0,37329,736289.0,77.6114,Medium
Twitter,viral_trends_dataset,2022-08-28,,6.0,1,Text,#Gaming,142483,21732.0,59165,961783.0,23.2256,Medium
Instagram,viral_trends_dataset,2022-02-13,,6.0,1,Live,#Challenge,339557,12554.0,4006,3171066.0,11.2302,Medium
YouTube,viral_trends_dataset,2023-09-18,,0.0,0,Live,#Comedy,152619,25191.0,48984,2389579.0,9.491,Medium
TikTok,viral_trends_dataset,2022-05-22,,6.0,1,Video,#Challenge,164716,8578.0,88378,804183.0,32.5389,Medium
Twitter,viral_trends_dataset,2023-09-16,,5.0,1,Video,#Music,96874,40689.0,13638,278830.0,54.2269,Medium
YouTube,viral_trends_dataset,2023-05-07,,6.0,1,Video,#Fitness,424359,48618.0,9498,894414.0,53.9431,High
YouTube,viral_trends_dataset,2023-05-06,,5.0,1,Video,#Viral,317730,42155.0,81407,3175002.0,13.899,Low
YouTube,viral_trends_dataset,2022-03-20,,6.0,1,Video,#Dance,3194,3408.0,35532,2362838.0,1.7832,High
TikTok,viral_trends_dataset,2023-09-01,,4.0,0,Video,#Dance,142135,37585.0,17115,2010391.0,9.7909,Low
Twitter,viral_trends_dataset,2022-01-10,,0.0,0,Text,#Music,33634,19020.0,67008,1333519.0,8.9734,Medium
TikTok,viral_trends_dataset,2023-07-13,,3.0,0,Video,#Challenge,407380,39494.0,86927,2851867.0,18.7176,Low
Instagram,viral_trends_dataset,2023-10-10,,1.0,0,Video,#Education,485696,4585.0,2619,330476.0,149.1485,Low
Twitter,viral_trends_dataset,2022-05-25,,2.0,0,Image,#Comedy,397476,18603.0,34854,1068462.0,42.2039,Medium
Twitter,viral_trends_dataset,2023-05-30,,1.0,0,Live,#Tech,271989,40465.0,18364,370537.0,89.2807,Low
Twitter,viral_trends_dataset,2023-06-30,,4.0,0,Video,#Fitness,318200,4831.0,34749,2055018.0,17.4101,High
Instagram,viral_trends_dataset,2023-06-07,,2.0,0,Video,#Dance,355660,32625.0,14269,1179104.0,34.1407,Medium
Twitter,viral_trends_dataset,2022-04-27,,2.0,0,Video,#Fashion,301736,19088.0,68814,842477.0,46.2491,Low
Instagram,viral_trends_dataset,2023-03-09,,3.0,0,Live,#Fashion,157550,9915.0,81164,739337.0,33.6286,Medium
Twitter,viral_trends_dataset,2022-11-15,,1.0,0,Video,#Fitness,189284,44811.0,97120,4500031.0,7.3603,Medium
YouTube,viral_trends_dataset,2023-02-09,,3.0,0,Text,#Education,357427,34015.0,68104,1215133.0,37.8186,Low
Instagram,viral_trends_dataset,2023-02-25,,5.0,1,Image,#Challenge,35182,18161.0,4716,449348.0,12.9207,High
Twitter,viral_trends_dataset,2022-07-16,,5.0,1,Video,#Dance,213240,16398.0,94333,1190740.0,27.2075,Medium
YouTube,viral_trends_dataset,2022-10-31,,0.0,0,Image,#Fashion,426061,8196.0,23299,1118979.0,40.8905,Medium
Instagram,viral_trends_dataset,2023-01-18,,2.0,0,Text,#Fashion,432650,7738.0,96770,4007152.0,13.405,Medium
Twitter,viral_trends_dataset,2023-03-26,,6.0,1,Image,#Fashion,413183,2949.0,6201,3390112.0,12.4578,Low
Instagram,viral_trends_dataset,2023-12-20,,2.0,0,Video,#Viral,5635,13879.0,13422,4223266.0,0.7799,Low
Twitter,viral_trends_dataset,2023-10-13,,4.0,0,Text,#Tech,264887,21578.0,35633,837863.0,38.4428,High
Twitter,viral_trends_dataset,2023-08-26,,5.0,1,Text,#Viral,229865,22490.0,43423,3425267.0,8.6352,Low
Twitter,viral_trends_dataset,2022-10-14,,4.0,0,Video,#Education,241142,165.0,55800,4347648.0,6.8337,High
TikTok,viral_trends_dataset,2023-03-20,,0.0,0,Video,#Music,271958,46231.0,31163,2454558.0,14.2328,High
Twitter,viral_trends_dataset,2023-08-10,,3.0,0,Video,#Fitness,127158,2263.0,91300,4328041.0,5.0998,Low
TikTok,viral_trends_dataset,2022-10-27,,3.0,0,Live,#Tech,254344,41866.0,59222,4511744.0,7.8779,Medium
YouTube,viral_trends_dataset,2023-06-26,,0.0,0,Live,#Fashion,425376,14385.0,84697,4610463.0,11.3754,Medium
Instagram,viral_trends_dataset,2022-01-05,,2.0,0,Live,#Education,468829,24904.0,14948,2277825.0,22.3319,Low
YouTube,viral_trends_dataset,2022-08-22,,0.0,0,Live,#Music,140608,3536.0,79169,3893120.0,5.7361,High
TikTok,viral_trends_dataset,2023-11-24,,4.0,0,Video,#Gaming,316119,275.0,92969,323133.0,126.6856,Low
TikTok,viral_trends_dataset,2022-07-28,,3.0,0,Video,#Comedy,367578,34084.0,82639,4714288.0,10.273,High
Instagram,viral_trends_dataset,2023-08-20,,6.0,1,Video,#Viral,260270,48015.0,93639,2449412.0,16.409,Medium
Instagram,viral_trends_dataset,2022-12-13,,1.0,0,Video,#Fashion,12794,44733.0,64359,3525460.0,3.4573,Low
YouTube,viral_trends_dataset,2023-03-08,,2.0,0,Video,#Viral,54608,26913.0,90554,4742368.0,3.6285,Medium
Instagram,viral_trends_dataset,2023-11-06,,0.0,0,Video,#Fashion,205837,34478.0,18884,2884482.0,8.986,High
TikTok,viral_trends_dataset,2022-05-06,,4.0,0,Text,#Education,31691,28775.0,13582,2816091.0,2.6295,Medium
Twitter,viral_trends_dataset,2023-03-24,,4.0,0,Text,#Challenge,342278,39380.0,65649,4467747.0,10.0119,Medium
YouTube,viral_trends_dataset,2023-07-13,,3.0,0,Video,#Music,47700,48941.0,96055,4985164.0,3.8654,High
TikTok,viral_trends_dataset,2023-10-19,,3.0,0,Video,#Comedy,126563,35102.0,37361,4745468.0,4.194,High
YouTube,viral_trends_dataset,2023-08-19,,5.0,1,Video,#Tech,430264,12887.0,84216,4193386.0,12.5762,Low
YouTube,viral_trends_dataset,2022-08-13,,5.0,1,Text,#Education,73183,13527.0,6162,1406438.0,6.6033,Medium
YouTube,viral_trends_dataset,2023-08-01,,1.0,0,Live,#Dance,398327,34070.0,3628,4920264.0,8.8618,Medium
TikTok,viral_trends_dataset,2022-06-12,,6.0,1,Live,#Fitness,272637,27495.0,95308,675163.0,58.5696,High
YouTube,viral_trends_dataset,2023-09-27,,2.0,0,Video,#Fitness,486439,47543.0,65910,3156979.0,19.0021,Medium
Twitter,viral_trends_dataset,2023-07-20,,3.0,0,Video,#Dance,117638,7429.0,95968,2825287.0,7.8235,High
Instagram,viral_trends_dataset,2022-10-01,,5.0,1,Live,#Comedy,424044,15765.0,36411,4880933.0,9.7567,Low
TikTok,viral_trends_dataset,2023-02-13,,0.0,0,Video,#Comedy,209884,20779.0,73618,203380.0,149.6121,Low
Instagram,viral_trends_dataset,2023-11-13,,0.0,0,Live,#Viral,457773,24319.0,5808,1591371.0,30.6591,High
Twitter,viral_trends_dataset,2022-07-01,,4.0,0,Video,#Tech,28063,21251.0,80288,3671946.0,3.5295,Low
Instagram,viral_trends_dataset,2022-05-13,,4.0,0,Video,#Music,215327,27401.0,30817,4747943.0,5.7613,High
Twitter,viral_trends_dataset,2022-02-07,,0.0,0,Live,#Fashion,251504,13528.0,84789,2578412.0,13.5673,Medium
YouTube,viral_trends_dataset,2023-03-03,,4.0,0,Video,#Viral,225649,16363.0,39904,1449220.0,19.4529,Low
YouTube,viral_trends_dataset,2023-11-20,,0.0,0,Image,#Challenge,17521,29302.0,66825,597344.0,19.0256,Medium
TikTok,viral_trends_dataset,2023-04-23,,6.0,1,Video,#Comedy,476137,47964.0,3228,1009899.0,52.216,Low
YouTube,viral_trends_dataset,2022-09-06,,1.0,0,Video,#Fashion,151582,27509.0,8928,3120029.0,6.0262,Medium
TikTok,viral_trends_dataset,2022-01-19,,2.0,0,Text,#Gaming,57101,11231.0,14115,2364689.0,3.4866,High
YouTube,viral_trends_dataset,2022-01-20,,3.0,0,Video,#Gaming,422491,41589.0,51824,853053.0,60.4774,Low
TikTok,viral_trends_dataset,2022-06-12,,6.0,1,Image,#Dance,247637,9632.0,74541,318179.0,104.2841,Low
Twitter,viral_trends_dataset,2022-05-18,,2.0,0,Text,#Fashion,171076,23677.0,81828,2205622.0,12.5398,Medium
TikTok,viral_trends_dataset,2023-10-26,,3.0,0,Image,#Viral,158489,2651.0,94198,963137.0,26.5111,Low
Twitter,viral_trends_dataset,2022-08-17,,2.0,0,Video,#Tech,427373,27675.0,98628,4356359.0,12.7096,Low
Instagram,viral_trends_dataset,2022-04-14,,3.0,0,Text,#Challenge,109429,33218.0,18098,1180989.0,13.611,Medium
YouTube,viral_trends_dataset,2023-09-03,,6.0,1,Video,#Challenge,146955,4596.0,2010,3465465.0,4.4312,High
Instagram,viral_trends_dataset,2022-09-13,,1.0,0,Video,#Comedy,30544,20833.0,94790,2744810.0,5.3252,Medium
Twitter,viral_trends_dataset,2023-06-06,,1.0,0,Video,#Fitness,232135,1995.0,69688,4517381.0,6.7255,Low
Twitter,viral_trends_dataset,2023-10-26,,3.0,0,Video,#Fitness,124732,2918.0,19857,4496073.0,3.2808,Medium
Instagram,viral_trends_dataset,2023-06-07,,2.0,0,Live,#Fashion,56058,39409.0,33031,323411.0,39.7321,High
YouTube,viral_trends_dataset,2022-07-29,,4.0,0,Video,#Education,485592,19554.0,49331,1690683.0,32.796,High
TikTok,viral_trends_dataset,2022-07-11,,0.0,0,Video,#Music,360231,10401.0,50867,4125312.0,10.2174,Medium
Instagram,viral_trends_dataset,2023-10-20,,4.0,0,Video,#Education,454181,5100.0,90442,3262393.0,16.8503,Low
TikTok,viral_trends_dataset,2022-04-19,,1.0,0,Video,#Fitness,321120,31601.0,43717,1323089.0,29.9631,High
YouTube,viral_trends_dataset,2023-05-28,,6.0,1,Video,#Fitness,462012,39245.0,14851,4993673.0,10.3352,Low
YouTube,viral_trends_dataset,2022-08-29,,0.0,0,Video,#Gaming,491635,40281.0,26412,1871397.0,29.8348,High
Twitter,viral_trends_dataset,2022-03-30,,2.0,0,Live,#Music,169871,28132.0,69296,1091382.0,24.4918,Medium
Instagram,viral_trends_dataset,2022-11-01,,1.0,0,Text,#Gaming,417599,30642.0,10888,3717231.0,12.3514,Low
Twitter,viral_trends_dataset,2023-02-20,,0.0,0,Video,#Challenge,109560,24165.0,72783,3351844.0,6.161,High
YouTube,viral_trends_dataset,2022-10-04,,1.0,0,Image,#Education,219478,9544.0,50960,1088400.0,25.7242,Low
TikTok,viral_trends_dataset,2023-08-14,,0.0,0,Text,#Music,486900,18804.0,57469,1068851.0,52.6896,Low
YouTube,viral_trends_dataset,2022-12-05,,0.0,0,Video,#Tech,226028,44655.0,42182,4256215.0,7.3508,Low
Twitter,viral_trends_dataset,2023-05-10,,2.0,0,Image,#Education,267989,31998.0,33779,2875825.0,11.6059,High
YouTube,viral_trends_dataset,2022-06-24,,4.0,0,Text,#Tech,290505,47868.0,80733,1064061.0,39.3874,Low
TikTok,viral_trends_dataset,2022-07-12,,1.0,0,Video,#Fitness,20540,9403.0,47457,3806689.0,2.0333,High
Twitter,viral_trends_dataset,2022-03-01,,1.0,0,Image,#Gaming,82540,2955.0,38617,4581334.0,2.7091,High
TikTok,viral_trends_dataset,2022-12-30,,4.0,0,Video,#Challenge,36002,49277.0,75771,1122575.0,14.3465,Medium
TikTok,viral_trends_dataset,2023-06-23,,4.0,0,Video,#Gaming,232704,29927.0,14507,3589440.0,7.7209,High
Twitter,viral_trends_dataset,2022-05-07,,5.0,1,Image,#Viral,353078,47414.0,6086,3436501.0,11.8312,Medium
YouTube,viral_trends_dataset,2023-02-16,,3.0,0,Live,#Education,445158,36183.0,72002,4946463.0,11.1866,Low
Twitter,viral_trends_dataset,2022-06-20,,0.0,0,Video,#Challenge,409229,13106.0,27714,1687923.0,26.6629,Medium
TikTok,viral_trends_dataset,2023-01-09,,0.0,0,Live,#Dance,154970,31448.0,2083,924656.0,20.3861,High
YouTube,viral_trends_dataset,2023-11-10,,4.0,0,Video,#Gaming,413617,4384.0,89862,3630952.0,13.987,Medium
Instagram,viral_trends_dataset,2023-01-11,,2.0,0,Live,#Comedy,40878,32364.0,92816,23823.0,697.0491,Medium
Twitter,viral_trends_dataset,2022-03-11,,4.0,0,Video,#Tech,115776,8923.0,61334,3270361.0,5.6885,Low
TikTok,viral_trends_dataset,2022-01-16,,6.0,1,Video,#Fitness,87051,1455.0,54840,534126.0,26.8375,Medium
TikTok,viral_trends_dataset,2023-06-05,,0.0,0,Video,#Comedy,268495,8547.0,57440,4126231.0,8.1062,Medium
YouTube,viral_trends_dataset,2023-07-29,,5.0,1,Text,#Tech,104079,25266.0,97157,4883178.0,4.6384,Medium
Instagram,viral_trends_dataset,2022-09-20,,1.0,0,Image,#Music,204875,12109.0,35997,1749951.0,14.4565,Low
TikTok,viral_trends_dataset,2023-12-29,,4.0,0,Video,#Comedy,384718,11247.0,41860,215435.0,203.2284,Medium
TikTok,viral_trends_dataset,2022-11-12,,5.0,1,Live,#Dance,489633,5827.0,74135,1166376.0,48.8346,Low
Instagram,viral_trends_dataset,2022-02-13,,6.0,1,Image,#Gaming,436110,43672.0,99307,4096709.0,14.1355,Medium
TikTok,viral_trends_dataset,2022-09-04,,6.0,1,Video,#Gaming,45442,47200.0,17114,4482940.0,2.4483,High
Instagram,viral_trends_dataset,2023-03-28,,1.0,0,Text,#Fashion,124969,6719.0,28636,183630.0,87.3082,Low
Instagram,viral_trends_dataset,2023-12-01,,4.0,0,Video,#Fitness,443977,5006.0,12624,1270114.0,36.3437,Medium
YouTube,viral_trends_dataset,2023-05-25,,3.0,0,Image,#Viral,95722,29707.0,26834,3869946.0,3.9345,Low
YouTube,viral_trends_dataset,2023-05-13,,5.0,1,Live,#Gaming,27747,49929.0,18462,4596667.0,2.0915,Medium
Instagram,viral_trends_dataset,2023-09-19,,1.0,0,Text,#Dance,142240,24089.0,4875,1253544.0,13.6576,Medium
Instagram,viral_trends_dataset,2022-12-22,,3.0,0,Video,#Music,469936,20186.0,5231,1581916.0,31.3135,Low
YouTube,viral_trends_dataset,2023-05-08,,0.0,0,Text,#Challenge,354527,10554.0,52194,2572752.0,16.219,Low
Instagram,viral_trends_dataset,2023-12-15,,4.0,0,Live,#Fitness,304604,32740.0,96372,1760362.0,24.6379,High
Instagram,viral_trends_dataset,2023-06-20,,1.0,0,Video,#Education,429022,34002.0,80506,2065185.0,26.3187,Medium
Twitter,viral_trends_dataset,2022-06-27,,0.0,0,Video,#Dance,187199,34043.0,28150,2321786.0,10.7414,High
Instagram,viral_trends_dataset,2022-10-04,,1.0,0,Image,#Viral,276597,22457.0,79599,1834220.0,20.6438,Low
YouTube,viral_trends_dataset,2022-05-28,,5.0,1,Video,#Fitness,118275,15628.0,97590,3627837.0,6.381,Medium
Twitter,viral_trends_dataset,2022-09-01,,3.0,0,Image,#Dance,422698,14943.0,91378,1869418.0,28.2986,High
YouTube,viral_trends_dataset,2023-07-30,,6.0,1,Image,#Dance,492053,850.0,70509,3319990.0,16.9703,Medium
Instagram,viral_trends_dataset,2022-10-10,,0.0,0,Text,#Music,135014,42886.0,42756,1401937.0,15.7394,High
Twitter,viral_trends_dataset,2022-01-18,,1.0,0,Video,#Tech,152047,29122.0,18783,3069341.0,6.5145,High
YouTube,viral_trends_dataset,2022-08-27,,5.0,1,Video,#Education,49155,27535.0,98931,4571329.0,3.8418,Low
Twitter,viral_trends_dataset,2022-02-07,,0.0,0,Live,#Viral,362421,6152.0,44888,3533891.0,11.6999,Low
TikTok,viral_trends_dataset,2023-08-09,,2.0,0,Video,#Education,412876,17235.0,73893,2967157.0,16.9861,Low
Twitter,viral_trends_dataset,2023-06-02,,4.0,0,Image,#Fashion,242509,36605.0,24840,2307580.0,13.172,Medium
Instagram,viral_trends_dataset,2023-08-24,,3.0,0,Live,#Viral,258979,31038.0,34138,538315.0,60.2166,Medium
YouTube,viral_trends_dataset,2022-04-26,,1.0,0,Video,#Tech,281538,25027.0,66575,2864531.0,13.0262,High
YouTube,viral_trends_dataset,2023-09-25,,0.0,0,Text,#Gaming,282674,13168.0,48887,4812846.0,7.1627,Medium
Twitter,viral_trends_dataset,2022-02-04,,4.0,0,Image,#Comedy,387248,36470.0,73957,4988430.0,9.9766,Medium
TikTok,viral_trends_dataset,2022-01-16,,6.0,1,Image,#Tech,417326,12583.0,92430,320458.0,162.9976,Low
TikTok,viral_trends_dataset,2023-11-23,,3.0,0,Live,#Music,74495,20363.0,51341,494177.0,29.5843,Medium
TikTok,viral_trends_dataset,2022-11-24,,3.0,0,Video,#Gaming,253167,2373.0,92950,2263835.0,15.3938,High
Instagram,viral_trends_dataset,2022-12-19,,0.0,0,Live,#Music,436598,11674.0,7615,2243545.0,20.3199,Medium
Instagram,viral_trends_dataset,2022-06-29,,2.0,0,Video,#Education,418903,42763.0,61845,1786017.0,29.3116,Medium
TikTok,viral_trends_dataset,2023-11-24,,4.0,0,Video,#Challenge,52138,10863.0,49038,2793453.0,4.0108,Medium
Twitter,viral_trends_dataset,2022-12-15,,3.0,0,Text,#Viral,61464,29370.0,87896,4561911.0,3.9179,Low
YouTube,viral_trends_dataset,2023-11-06,,0.0,0,Image,#Gaming,304395,6543.0,4335,4608473.0,6.8412,High
TikTok,viral_trends_dataset,2022-10-01,,5.0,1,Text,#Fitness,106952,31466.0,66241,2090020.0,9.7922,Low
TikTok,viral_trends_dataset,2022-12-26,,0.0,0,Image,#Challenge,83459,11510.0,90758,2954922.0,6.2853,Medium
TikTok,viral_trends_dataset,2022-11-23,,2.0,0,Video,#Comedy,83040,28713.0,51880,2972779.0,5.5044,High
YouTube,viral_trends_dataset,2023-09-11,,0.0,0,Text,#Challenge,297330,24425.0,86236,1149619.0,35.4892,Low
TikTok,viral_trends_dataset,2022-12-02,,4.0,0,Live,#Fitness,446765,10338.0,960,3654157.0,12.5354,Low
Twitter,viral_trends_dataset,2022-05-02,,0.0,0,Video,#Dance,366143,27510.0,43936,237146.0,184.523,Medium
Twitter,viral_trends_dataset,2023-05-21,,6.0,1,Video,#Challenge,93252,22110.0,89723,4822497.0,4.2527,Low
Instagram,viral_trends_dataset,2022-10-19,,2.0,0,Image,#Comedy,479772,35015.0,15896,4059730.0,13.0719,Medium
YouTube,viral_trends_dataset,2022-10-07,,4.0,0,Image,#Education,111106,11611.0,36968,1704415.0,9.3689,High
TikTok,viral_trends_dataset,2022-08-12,,4.0,0,Video,#Gaming,162049,27223.0,83886,1245862.0,21.9252,Low
Twitter,viral_trends_dataset,2023-10-22,,6.0,1,Video,#Gaming,464158,47080.0,44277,536923.0,103.4627,Low
YouTube,viral_trends_dataset,2022-02-16,,2.0,0,Image,#Tech,496755,20685.0,33448,540051.0,102.0067,Medium
YouTube,viral_trends_dataset,2023-05-18,,3.0,0,Image,#Tech,270046,31764.0,39624,2550618.0,13.3863,High
Instagram,viral_trends_dataset,2022-02-01,,1.0,0,Video,#Challenge,322516,21585.0,95255,3262707.0,13.466,High
Instagram,viral_trends_dataset,2022-02-23,,2.0,0,Image,#Music,238257,32469.0,87810,3707557.0,9.6704,Medium
YouTube,viral_trends_dataset,2023-09-28,,3.0,0,Image,#Fitness,314746,17368.0,69878,3789717.0,10.6074,Medium
YouTube,viral_trends_dataset,2023-03-30,,3.0,0,Video,#Fitness,27994,25446.0,52403,1980686.0,5.3438,Medium
TikTok,viral_trends_dataset,2023-05-19,,4.0,0,Live,#Fashion,479806,12873.0,15065,2133430.0,23.7994,High
TikTok,viral_trends_dataset,2023-01-18,,2.0,0,Video,#Gaming,211685,91.0,55025,3067711.0,8.6971,High
TikTok,viral_trends_dataset,2023-06-11,,6.0,1,Live,#Tech,496981,46462.0,33360,2412395.0,23.91,High
Instagram,viral_trends_dataset,2022-05-25,,2.0,0,Video,#Dance,321009,9754.0,10779,712815.0,47.9145,Low
Twitter,viral_trends_dataset,2022-08-29,,0.0,0,Text,#Education,494486,37093.0,84288,1582056.0,38.9283,Medium
Instagram,viral_trends_dataset,2022-03-28,,0.0,0,Text,#Education,396843,11487.0,98493,322957.0,156.932,Low
YouTube,viral_trends_dataset,2022-10-16,,6.0,1,Video,#Fitness,198754,36892.0,50261,4995243.0,5.7236,Medium
TikTok,viral_trends_dataset,2022-01-18,,1.0,0,Video,#Fashion,73518,5294.0,35146,3678890.0,3.0976,Medium
Instagram,viral_trends_dataset,2022-05-17,,1.0,0,Video,#Fitness,97823,5221.0,18276,2249841.0,5.3924,High
Instagram,viral_trends_dataset,2023-02-27,,0.0,0,Video,#Dance,409446,7598.0,92094,1684281.0,30.2288,High
TikTok,viral_trends_dataset,2022-04-28,,3.0,0,Video,#Music,21326,29430.0,82659,1873057.0,7.1228,High
YouTube,viral_trends_dataset,2023-12-23,,5.0,1,Image,#Gaming,264695,40287.0,92687,4400045.0,9.0378,Low
Twitter,viral_trends_dataset,2023-05-02,,1.0,0,Video,#Tech,96005,34742.0,37813,4295904.0,3.9237,High
TikTok,viral_trends_dataset,2022-05-13,,4.0,0,Live,#Education,32968,6451.0,51401,1325071.0,6.854,High
YouTube,viral_trends_dataset,2022-03-20,,6.0,1,Text,#Challenge,203395,33016.0,52047,655188.0,44.0268,High
Twitter,viral_trends_dataset,2023-05-21,,6.0,1,Video,#Education,377071,18967.0,94228,3918763.0,12.5107,Low
Instagram,viral_trends_dataset,2023-10-22,,6.0,1,Image,#Challenge,94516,6975.0,53191,990310.0,15.6196,Medium
Twitter,viral_trends_dataset,2023-04-28,,4.0,0,Live,#Challenge,144696,22126.0,32439,239932.0,83.0489,Low
TikTok,viral_trends_dataset,2022-03-04,,4.0,0,Video,#Viral,160508,14746.0,65534,1093638.0,22.0172,High
Instagram,viral_trends_dataset,2022-12-21,,2.0,0,Video,#Viral,130429,43576.0,41640,4459322.0,4.8358,High
Instagram,viral_trends_dataset,2022-11-10,,3.0,0,Image,#Comedy,463589,15106.0,77615,4856239.0,11.4556,Medium
Twitter,viral_trends_dataset,2023-07-25,,1.0,0,Image,#Dance,229751,44829.0,7248,180256.0,156.3487,Low
TikTok,viral_trends_dataset,2022-04-01,,4.0,0,Text,#Fitness,8333,1796.0,58793,3716784.0,1.8543,Low
Twitter,viral_trends_dataset,2023-03-29,,2.0,0,Image,#Tech,241186,19400.0,76623,2121741.0,15.893,Medium
Twitter,viral_trends_dataset,2023-10-08,,6.0,1,Image,#Comedy,426504,12223.0,12495,1491502.0,30.2529,Low
TikTok,viral_trends_dataset,2022-12-12,,0.0,0,Image,#Music,360210,199.0,45845,863776.0,47.0323,Medium
Instagram,viral_trends_dataset,2023-12-12,,1.0,0,Image,#Comedy,362241,711.0,15395,671118.0,56.3756,High
Twitter,viral_trends_dataset,2022-08-14,,6.0,1,Video,#Fashion,439661,776.0,38668,1732622.0,27.652,High
YouTube,viral_trends_dataset,2023-02-26,,6.0,1,Image,#Fitness,372509,992.0,62062,3944670.0,11.0418,Low
Twitter,viral_trends_dataset,2023-03-01,,2.0,0,Text,#Fitness,226063,28087.0,96093,4833726.0,7.2458,Medium
YouTube,viral_trends_dataset,2022-05-11,,2.0,0,Image,#Music,380810,25608.0,37630,1026032.0,43.2782,Medium
YouTube,viral_trends_dataset,2023-06-12,,0.0,0,Video,#Dance,307295,5092.0,68183,4106517.0,9.2675,High
YouTube,viral_trends_dataset,2022-06-01,,2.0,0,Image,#Tech,402001,16506.0,44542,2479066.0,18.6784,High
Twitter,viral_trends_dataset,2023-10-15,,6.0,1,Image,#Challenge,303500,26484.0,69530,4289404.0,9.314,High
Instagram,viral_trends_dataset,2022-08-04,,3.0,0,Text,#Comedy,53228,10009.0,671,4751448.0,1.345,High
YouTube,viral_trends_dataset,2023-08-18,,4.0,0,Text,#Gaming,64162,32333.0,48379,3416751.0,4.2401,High
Instagram,viral_trends_dataset,2023-12-21,,3.0,0,Live,#Challenge,399257,10368.0,28383,4727831.0,9.2645,Low
Twitter,viral_trends_dataset,2022-03-03,,3.0,0,Image,#Fitness,471908,21747.0,48103,3130764.0,17.3043,Medium
Instagram,viral_trends_dataset,2022-05-31,,1.0,0,Image,#Challenge,381334,35476.0,90166,735519.0,68.9277,Medium
TikTok,viral_trends_dataset,2022-11-10,,3.0,0,Image,#Dance,69782,16271.0,39001,515113.0,24.277,Low
TikTok,viral_trends_dataset,2022-12-03,,5.0,1,Video,#Music,82688,8999.0,35928,4632593.0,2.7547,Medium
YouTube,viral_trends_dataset,2023-05-16,,1.0,0,Video,#Education,229796,13069.0,94518,1763821.0,19.128,Medium
YouTube,viral_trends_dataset,2023-09-20,,2.0,0,Text,#Tech,129665,22743.0,13366,2579953.0,6.4255,Low
Instagram,viral_trends_dataset,2023-12-15,,4.0,0,Video,#Comedy,288436,5399.0,94297,3239663.0,11.9806,High
TikTok,viral_trends_dataset,2023-08-28,,0.0,0,Live,#Education,444617,49358.0,75286,2768113.0,20.5649,Low
Twitter,viral_trends_dataset,2022-08-23,,1.0,0,Video,#Gaming,186967,49580.0,80175,829927.0,38.1626,High
Instagram,viral_trends_dataset,2023-10-24,,1.0,0,Video,#Gaming,399114,19189.0,43028,4631785.0,9.9601,High
Instagram,viral_trends_dataset,2023-04-01,,5.0,1,Text,#Education,38803,25920.0,3269,3923269.0,1.733,High
Instagram,viral_trends_dataset,2022-09-12,,0.0,0,Text,#Comedy,237632,33795.0,16203,1684045.0,17.0797,Low
TikTok,viral_trends_dataset,2022-05-28,,5.0,1,Image,#Fitness,15777,15204.0,85487,4473700.0,2.6034,High
YouTube,viral_trends_dataset,2022-02-06,,6.0,1,Live,#Fitness,385332,6985.0,48139,3822229.0,11.5235,Low
Twitter,viral_trends_dataset,2023-03-20,,0.0,0,Text,#Fitness,394052,4553.0,7337,4253475.0,9.5438,High
YouTube,viral_trends_dataset,2023-11-05,,6.0,1,Text,#Fashion,130736,46374.0,42112,2829354.0,7.7481,Medium
Twitter,viral_trends_dataset,2023-03-01,,2.0,0,Text,#Music,120208,8875.0,84673,4577129.0,4.6701,High
YouTube,viral_trends_dataset,2023-11-04,,5.0,1,Video,#Comedy,103244,35429.0,46147,1194963.0,15.4666,High
Instagram,viral_trends_dataset,2023-10-26,,3.0,0,Image,#Gaming,325660,27761.0,50504,18259.0,2212.1967,Low
Twitter,viral_trends_dataset,2022-03-24,,3.0,0,Image,#Education,161524,20755.0,66774,4558750.0,5.4632,High
YouTube,viral_trends_dataset,2023-03-14,,1.0,0,Live,#Tech,270811,43610.0,8063,2624457.0,12.2876,Medium
YouTube,viral_trends_dataset,2023-11-30,,3.0,0,Video,#Gaming,73215,6135.0,60036,3810909.0,3.6576,High
Instagram,viral_trends_dataset,2022-07-25,,0.0,0,Video,#Tech,214403,45421.0,58405,2804201.0,11.3483,High
TikTok,viral_trends_dataset,2022-08-01,,0.0,0,Text,#Dance,420882,20919.0,50231,296962.0,165.6885,Low
TikTok,viral_trends_dataset,2023-03-30,,3.0,0,Video,#Challenge,388515,39653.0,29923,3678271.0,12.454,Medium
Instagram,viral_trends_dataset,2023-02-26,,6.0,1,Video,#Gaming,11737,22379.0,47228,3433826.0,2.3689,Medium
Instagram,viral_trends_dataset,2023-11-05,,6.0,1,Live,#Challenge,175697,31176.0,86610,807398.0,36.3492,Low
TikTok,viral_trends_dataset,2023-08-16,,2.0,0,Text,#Viral,155459,12480.0,92731,344152.0,75.7427,Low
Twitter,viral_trends_dataset,2022-03-06,,6.0,1,Image,#Fitness,145000,40154.0,70495,1595568.0,16.0224,Low
YouTube,viral_trends_dataset,2022-11-22,,1.0,0,Video,#Fitness,220230,29046.0,80297,2632783.0,12.518,Medium
TikTok,viral_trends_dataset,2023-06-13,,1.0,0,Image,#Dance,248785,26183.0,7800,2252242.0,12.555,Low
Twitter,viral_trends_dataset,2023-03-14,,1.0,0,Image,#Gaming,335223,24606.0,14017,2532021.0,14.7647,Low
YouTube,viral_trends_dataset,2023-06-07,,2.0,0,Video,#Challenge,417828,20440.0,36755,4138006.0,11.4795,High
Instagram,viral_trends_dataset,2022-12-18,,6.0,1,Video,#Tech,486650,46638.0,86108,4854421.0,12.7594,Medium
Twitter,viral_trends_dataset,2022-12-12,,0.0,0,Video,#Viral,295418,8393.0,61929,4066022.0,8.995,Low
YouTube,viral_trends_dataset,2023-07-03,,0.0,0,Live,#Music,280952,13703.0,42850,2007848.0,16.8093,High
TikTok,viral_trends_dataset,2022-06-20,,0.0,0,Live,#Fitness,395257,9123.0,25222,4321729.0,9.9405,High
YouTube,viral_trends_dataset,2022-04-23,,5.0,1,Live,#Dance,3213,12065.0,71922,111610.0,78.1292,Low
Instagram,viral_trends_dataset,2022-11-06,,6.0,1,Video,#Gaming,191738,42598.0,99853,2048086.0,16.3171,Low
Twitter,viral_trends_dataset,2023-06-18,,6.0,1,Image,#Fitness,456488,47979.0,26980,103478.0,513.5845,Low
Twitter,viral_trends_dataset,2022-02-24,,3.0,0,Image,#Music,140903,24491.0,8150,4894673.0,3.5456,Medium
Instagram,viral_trends_dataset,2023-02-19,,6.0,1,Video,#Gaming,355863,26180.0,94626,991012.0,48.0992,High
YouTube,viral_trends_dataset,2022-04-22,,4.0,0,Video,#Challenge,237516,41897.0,66323,20509.0,1685.777,Medium
YouTube,viral_trends_dataset,2023-04-18,,1.0,0,Image,#Tech,306082,1668.0,51502,1469953.0,24.4397,High
Instagram,viral_trends_dataset,2022-02-08,,1.0,0,Video,#Fitness,54523,11464.0,2152,1913736.0,3.5605,High
Instagram,viral_trends_dataset,2023-11-01,,2.0,0,Live,#Comedy,301571,30318.0,81786,4323.0,9569.1649,Low
YouTube,viral_trends_dataset,2023-01-12,,3.0,0,Video,#Fitness,44708,21899.0,57294,2911881.0,4.255,Low
YouTube,viral_trends_dataset,2023-04-03,,0.0,0,Video,#Comedy,316622,9555.0,64570,2206955.0,17.7053,Medium
YouTube,viral_trends_dataset,2022-12-16,,4.0,0,Live,#Challenge,197709,18735.0,97880,4574924.0,6.8706,Medium
YouTube,viral_trends_dataset,2022-09-25,,6.0,1,Video,#Gaming,499704,9319.0,34160,4910553.0,11.0615,Low
YouTube,viral_trends_dataset,2023-07-21,,4.0,0,Video,#Tech,490,593.0,80829,3101726.0,2.6409,High
Instagram,viral_trends_dataset,2023-02-17,,4.0,0,Video,#Comedy,117775,42936.0,50763,1664101.0,12.708,High
TikTok,viral_trends_dataset,2022-02-26,,5.0,1,Text,#Education,419969,42955.0,78050,2417241.0,22.3798,Low
TikTok,viral_trends_dataset,2022-01-07,,4.0,0,Image,#Viral,30695,16736.0,65435,2758290.0,4.0919,Low
Twitter,viral_trends_dataset,2023-08-12,,5.0,1,Image,#Gaming,215421,16581.0,41229,271748.0,100.5457,Low
YouTube,viral_trends_dataset,2023-08-28,,0.0,0,Video,#Viral,488602,10780.0,78927,1151377.0,50.2276,High
Twitter,viral_trends_dataset,2022-04-20,,2.0,0,Video,#Tech,97329,35799.0,81880,1188499.0,18.0907,Low
YouTube,viral_trends_dataset,2023-02-07,,1.0,0,Live,#Fitness,432818,33875.0,87238,1797416.0,30.8182,Low
YouTube,viral_trends_dataset,2022-10-01,,5.0,1,Video,#Gaming,298421,47285.0,27429,4334449.0,8.6086,Medium
YouTube,viral_trends_dataset,2022-09-15,,3.0,0,Video,#Viral,139325,21859.0,25425,4938299.0,3.7788,Medium
YouTube,viral_trends_dataset,2022-10-04,,1.0,0,Text,#Fashion,8738,19204.0,79929,4629556.0,2.3301,Low
Twitter,viral_trends_dataset,2022-08-16,,1.0,0,Image,#Viral,416290,21456.0,52552,4774320.0,10.2695,High
TikTok,viral_trends_dataset,2023-08-30,,2.0,0,Video,#Gaming,321619,47880.0,36084,2497597.0,16.2389,Low
YouTube,viral_trends_dataset,2023-08-10,,3.0,0,Video,#Comedy,475800,27910.0,43114,1882126.0,29.0535,Low
YouTube,viral_trends_dataset,2023-02-16,,3.0,0,Video,#Comedy,216370,17650.0,38625,1194460.0,22.8258,Medium
Twitter,viral_trends_dataset,2023-09-16,,5.0,1,Text,#Comedy,192496,17806.0,43325,1622856.0,15.6284,Low
Twitter,viral_trends_dataset,2022-09-30,,4.0,0,Text,#Gaming,96995,37607.0,8034,1301521.0,10.9592,Medium
YouTube,viral_trends_dataset,2023-07-06,,3.0,0,Video,#Dance,353065,19537.0,91917,4530295.0,10.2536,High
Instagram,viral_trends_dataset,2023-04-23,,6.0,1,Video,#Tech,472553,25351.0,83616,3642505.0,15.9648,Low
YouTube,viral_trends_dataset,2022-08-06,,5.0,1,Video,#Dance,447835,15675.0,93230,110017.0,506.0491,High
YouTube,viral_trends_dataset,2022-03-08,,1.0,0,Video,#Education,94611,27525.0,39828,558319.0,29.0092,Low
Instagram,viral_trends_dataset,2023-01-06,,4.0,0,Video,#Challenge,354616,29280.0,31544,797275.0,52.1075,High
Instagram,viral_trends_dataset,2022-01-13,,3.0,0,Video,#Tech,153532,27160.0,13633,1146819.0,16.9447,Medium
TikTok,viral_trends_dataset,2022-08-07,,6.0,1,Video,#Gaming,70605,43169.0,61789,3317315.0,5.2923,Low
TikTok,viral_trends_dataset,2023-12-08,,4.0,0,Live,#Dance,453454,23761.0,4373,243941.0,197.4199,Medium
YouTube,viral_trends_dataset,2022-02-19,,5.0,1,Image,#Tech,100963,29464.0,79384,2514764.0,8.3432,Medium
Instagram,viral_trends_dataset,2022-05-06,,4.0,0,Video,#Fitness,128560,43838.0,68871,4956932.0,4.8673,Medium
Twitter,viral_trends_dataset,2022-04-15,,4.0,0,Text,#Tech,184490,35734.0,46526,2131247.0,12.5161,High
Instagram,viral_trends_dataset,2023-02-08,,2.0,0,Video,#Viral,340105,11857.0,73373,1131722.0,37.583,Medium
YouTube,viral_trends_dataset,2022-06-01,,2.0,0,Video,#Tech,156803,2601.0,67252,2833025.0,8.0005,Low
TikTok,viral_trends_dataset,2022-09-25,,6.0,1,Video,#Fashion,363800,9705.0,86707,3587576.0,12.8279,High
Twitter,viral_trends_dataset,2022-10-09,,6.0,1,Image,#Gaming,174956,15443.0,57853,1942883.0,12.7775,Low
Twitter,viral_trends_dataset,2023-12-30,,5.0,1,Image,#Dance,249791,31083.0,34311,295323.0,106.7255,High
Twitter,viral_trends_dataset,2022-08-15,,0.0,0,Image,#Fitness,424733,26655.0,91384,57621.0,941.9691,Low
Twitter,viral_trends_dataset,2023-09-12,,1.0,0,Video,#Challenge,6093,30680.0,2414,720247.0,5.4408,Medium
YouTube,viral_trends_dataset,2022-08-04,,3.0,0,Video,#Dance,337567,19041.0,10161,841094.0,43.6062,High
Instagram,viral_trends_dataset,2023-01-01,,6.0,1,Text,#Comedy,57367,37567.0,19782,2851192.0,4.0234,Low
YouTube,viral_trends_dataset,2022-09-02,,4.0,0,Video,#Challenge,247208,23164.0,58688,416547.0,78.9971,Low
YouTube,viral_trends_dataset,2022-05-04,,2.0,0,Image,#Education,86411,20519.0,87917,238276.0,81.7737,Low
Twitter,viral_trends_dataset,2023-12-21,,3.0,0,Video,#Fitness,477204,30839.0,2549,3675226.0,13.8928,High
TikTok,viral_trends_dataset,2023-10-14,,5.0,1,Text,#Challenge,495293,22273.0,51511,543860.0,104.6367,High
YouTube,viral_trends_dataset,2023-12-30,,5.0,1,Live,#Education,427509,31997.0,7469,4025654.0,11.6,Low
Instagram,viral_trends_dataset,2023-09-08,,4.0,0,Live,#Viral,264013,25236.0,37812,3830274.0,8.5388,Low
Instagram,viral_trends_dataset,2022-01-19,,2.0,0,Image,#Fitness,471076,21460.0,43675,4277170.0,12.5366,Medium
Instagram,viral_trends_dataset,2023-02-26,,6.0,1,Video,#Music,28598,46074.0,85817,1586403.0,10.1165,Medium
TikTok,viral_trends_dataset,2023-01-24,,1.0,0,Video,#Dance,339941,34553.0,5979,914452.0,41.6067,High
Twitter,viral_trends_dataset,2023-08-21,,0.0,0,Video,#Challenge,331967,22789.0,1699,1124083.0,31.7107,Low
YouTube,viral_trends_dataset,2023-06-08,,3.0,0,Video,#Challenge,243831,9603.0,52757,2656928.0,11.5242,Low
TikTok,viral_trends_dataset,2023-06-22,,3.0,0,Video,#Comedy,92667,33150.0,67770,4174343.0,4.6375,High
Instagram,viral_trends_dataset,2023-11-08,,2.0,0,Image,#Music,109954,25896.0,6366,2150898.0,6.6119,Low
YouTube,viral_trends_dataset,2023-07-09,,6.0,1,Image,#Dance,207880,28311.0,83865,4242231.0,7.5445,Medium
TikTok,viral_trends_dataset,2022-11-23,,2.0,0,Text,#Comedy,351250,24313.0,22389,1418648.0,28.0515,Medium
TikTok,viral_trends_dataset,2022-08-29,,0.0,0,Video,#Dance,223054,32043.0,61984,3545754.0,8.9426,Medium
Twitter,viral_trends_dataset,2022-05-30,,0.0,0,Live,#Tech,219881,23971.0,16104,2651800.0,9.803,High
Instagram,viral_trends_dataset,2023-04-03,,0.0,0,Video,#Music,262934,19181.0,82583,3985221.0,9.1513,Medium
TikTok,viral_trends_dataset,2022-12-17,,5.0,1,Text,#Education,212737,25262.0,50214,4070028.0,7.0814,Low
YouTube,viral_trends_dataset,2023-12-16,,5.0,1,Video,#Fitness,239560,44747.0,14191,2703326.0,11.0419,Low
YouTube,viral_trends_dataset,2023-12-10,,6.0,1,Live,#Tech,354316,3079.0,26738,2695917.0,14.2487,High
TikTok,viral_trends_dataset,2023-01-04,,2.0,0,Video,#Fashion,55001,32643.0,79409,3185499.0,5.2442,High
Instagram,viral_trends_dataset,2023-09-09,,5.0,1,Text,#Fitness,98083,34220.0,89325,2316764.0,9.5663,Low
Instagram,viral_trends_dataset,2023-12-28,,3.0,0,Video,#Fitness,310242,38862.0,10086,2463746.0,14.579,High
YouTube,viral_trends_dataset,2023-11-20,,0.0,0,Text,#Fitness,445534,41269.0,44401,979236.0,54.2468,High
Instagram,viral_trends_dataset,2022-04-18,,0.0,0,Video,#Fitness,292153,30601.0,51497,3418348.0,10.9483,Low
Instagram,viral_trends_dataset,2023-09-06,,2.0,0,Image,#Fitness,357002,49349.0,30426,1057426.0,41.3057,Low
Instagram,viral_trends_dataset,2023-12-08,,4.0,0,Live,#Dance,84562,24145.0,38364,685984.0,21.4394,High
TikTok,viral_trends_dataset,2022-02-11,,4.0,0,Video,#Fashion,366072,10841.0,63088,4914854.0,8.9525,Low
Instagram,viral_trends_dataset,2023-05-06,,5.0,1,Live,#Education,187857,17369.0,88914,2341476.0,12.5622,High
Instagram,viral_trends_dataset,2023-12-05,,1.0,0,Video,#Education,373738,43313.0,40435,4473721.0,10.2261,Medium
Twitter,viral_trends_dataset,2023-03-01,,2.0,0,Video,#Challenge,250857,2672.0,19167,365562.0,74.5964,High
Instagram,viral_trends_dataset,2022-01-26,,2.0,0,Image,#Viral,50777,26194.0,5658,155818.0,53.0292,Medium
YouTube,viral_trends_dataset,2023-03-29,,2.0,0,Text,#Dance,306375,10073.0,16542,659447.0,50.4953,Medium
Instagram,viral_trends_dataset,2022-05-14,,5.0,1,Video,#Fitness,457119,27762.0,16393,1876999.0,26.7061,Medium
Instagram,viral_trends_dataset,2022-01-02,,6.0,1,Video,#Education,280770,33789.0,79724,55629.0,708.7724,Medium
TikTok,viral_trends_dataset,2022-05-22,,6.0,1,Video,#Fitness,384412,18983.0,9221,1247095.0,33.0862,Low
TikTok,viral_trends_dataset,2022-07-16,,5.0,1,Video,#Fashion,140839,25850.0,55814,1775119.0,12.5345,Medium
Twitter,viral_trends_dataset,2022-05-25,,2.0,0,Text,#Fitness,53166,36051.0,31496,857952.0,14.0699,High
Twitter,viral_trends_dataset,2023-06-11,,6.0,1,Video,#Tech,482782,41459.0,60115,2209389.0,26.4488,Low
Twitter,viral_trends_dataset,2023-09-09,,5.0,1,Text,#Fashion,432781,2387.0,10972,4955538.0,9.0029,Low
Twitter,viral_trends_dataset,2022-03-05,,5.0,1,Image,#Music,34868,39976.0,47819,1259132.0,9.7419,Medium
Instagram,viral_trends_dataset,2023-01-20,,4.0,0,Video,#Tech,146736,41111.0,23416,4003118.0,5.2775,Medium
Twitter,viral_trends_dataset,2022-01-24,,0.0,0,Video,#Gaming,477329,13594.0,16741,1904319.0,26.6586,Low
Twitter,viral_trends_dataset,2023-07-19,,2.0,0,Text,#Education,64321,12939.0,94120,4582495.0,3.7399,Low
TikTok,viral_trends_dataset,2022-05-03,,1.0,0,Video,#Fitness,69921,27889.0,5348,1707223.0,6.0424,Low
TikTok,viral_trends_dataset,2022-08-19,,4.0,0,Video,#Tech,486379,10948.0,30071,1451710.0,36.3294,High
Twitter,viral_trends_dataset,2023-03-31,,4.0,0,Video,#Dance,189604,13834.0,40737,2110402.0,11.5701,High
Twitter,viral_trends_dataset,2022-02-06,,6.0,1,Image,#Dance,432269,6857.0,60416,4745366.0,10.5269,High
TikTok,viral_trends_dataset,2023-08-31,,3.0,0,Video,#Tech,268966,5658.0,85659,2049721.0,17.5772,High
YouTube,viral_trends_dataset,2022-09-05,,0.0,0,Live,#Dance,449894,37427.0,57521,4646660.0,11.7255,High
Twitter,viral_trends_dataset,2023-08-06,,6.0,1,Video,#Gaming,142403,9039.0,78204,2479459.0,9.2619,High
TikTok,viral_trends_dataset,2023-02-20,,0.0,0,Video,#Challenge,461087,22628.0,43011,1888760.0,27.8874,High
YouTube,viral_trends_dataset,2023-05-05,,4.0,0,Video,#Gaming,433301,13866.0,20171,261709.0,178.5716,High
Twitter,viral_trends_dataset,2023-03-15,,2.0,0,Text,#Challenge,74309,11855.0,1044,2812314.0,3.1009,High
YouTube,viral_trends_dataset,2022-12-04,,6.0,1,Video,#Dance,27448,20054.0,94037,3497312.0,4.0471,Low
Twitter,viral_trends_dataset,2022-06-13,,0.0,0,Text,#Tech,405408,24680.0,33684,731918.0,63.3639,High
Twitter,viral_trends_dataset,2023-12-11,,0.0,0,Live,#Viral,191198,6326.0,63578,2000395.0,13.0525,Medium
TikTok,viral_trends_dataset,2023-11-12,,6.0,1,Image,#Challenge,29714,45381.0,29002,2940659.0,3.5399,Medium
TikTok,viral_trends_dataset,2023-09-19,,1.0,0,Video,#Viral,357486,40977.0,35102,2734409.0,15.8559,Low
Twitter,viral_trends_dataset,2023-08-10,,3.0,0,Live,#Tech,48226,32371.0,85609,4562050.0,3.6432,Low
TikTok,viral_trends_dataset,2022-08-19,,4.0,0,Video,#Music,70587,28587.0,33841,4855797.0,2.7393,High
Twitter,viral_trends_dataset,2023-05-16,,1.0,0,Video,#Fitness,231513,40671.0,21754,3399334.0,8.6469,Low
Instagram,viral_trends_dataset,2022-09-04,,6.0,1,Image,#Fashion,4283,25162.0,97823,2149093.0,5.9219,Medium
YouTube,viral_trends_dataset,2023-05-19,,4.0,0,Video,#Fashion,292915,16223.0,66714,4020003.0,9.3495,High
Twitter,viral_trends_dataset,2022-09-07,,2.0,0,Video,#Challenge,50734,9399.0,89891,752268.0,19.9429,High
YouTube,viral_trends_dataset,2022-06-02,,3.0,0,Text,#Challenge,225410,9673.0,83973,1085319.0,29.3974,Low
YouTube,viral_trends_dataset,2023-03-07,,1.0,0,Video,#Fitness,373052,46187.0,32565,4841810.0,9.3313,Medium
TikTok,viral_trends_dataset,2022-11-26,,5.0,1,Text,#Fashion,250047,27674.0,1748,2503297.0,11.164,Medium
TikTok,viral_trends_dataset,2022-09-18,,6.0,1,Video,#Viral,81081,17831.0,6559,3680526.0,2.8657,Medium
TikTok,viral_trends_dataset,2022-10-11,,1.0,0,Video,#Music,443581,25488.0,74974,3917058.0,13.8891,Medium
TikTok,viral_trends_dataset,2023-06-12,,0.0,0,Image,#Viral,97838,22434.0,62114,4464275.0,4.0855,Medium
YouTube,viral_trends_dataset,2022-05-15,,6.0,1,Video,#Music,391629,20836.0,93730,4782032.0,10.5854,High
Instagram,viral_trends_dataset,2022-03-29,,1.0,0,Text,#Fitness,340428,4526.0,36529,4141357.0,9.2115,High
Twitter,viral_trends_dataset,2022-07-20,,2.0,0,Image,#Fitness,186013,19768.0,98891,2781286.0,10.9544,High
Instagram,viral_trends_dataset,2023-07-02,,6.0,1,Video,#Fitness,190567,34496.0,91953,1577124.0,20.1009,Low
TikTok,viral_trends_dataset,2023-03-26,,6.0,1,Live,#Education,290221,15068.0,34793,4836204.0,7.032,Medium
TikTok,viral_trends_dataset,2023-07-01,,5.0,1,Image,#Fashion,266710,36425.0,2008,2757275.0,11.0668,Medium
TikTok,viral_trends_dataset,2022-09-29,,3.0,0,Video,#Viral,115868,836.0,97631,461093.0,46.4841,High
YouTube,viral_trends_dataset,2022-12-03,,5.0,1,Live,#Comedy,230768,8638.0,35649,416498.0,66.0399,Low
TikTok,viral_trends_dataset,2023-11-26,,6.0,1,Live,#Music,92047,20030.0,65455,1596995.0,11.1166,High
YouTube,viral_trends_dataset,2023-10-16,,0.0,0,Text,#Gaming,189814,20762.0,23788,3246135.0,7.2198,Medium
YouTube,viral_trends_dataset,2022-05-30,,0.0,0,Live,#Comedy,17460,45560.0,39861,3397373.0,3.0283,Low
YouTube,viral_trends_dataset,2023-03-13,,0.0,0,Video,#Viral,160349,9591.0,37878,3774978.0,5.5051,High
TikTok,viral_trends_dataset,2023-09-08,,4.0,0,Text,#Education,419822,16207.0,8728,3520604.0,12.633,Low
TikTok,viral_trends_dataset,2022-08-02,,1.0,0,Video,#Education,56857,49993.0,20351,295569.0,43.036,Medium
Twitter,viral_trends_dataset,2023-12-19,,1.0,0,Text,#Tech,412417,31750.0,47074,2291471.0,21.4378,Low
Instagram,viral_trends_dataset,2023-07-04,,1.0,0,Video,#Challenge,285688,4887.0,15615,1087661.0,28.1512,Medium
TikTok,viral_trends_dataset,2022-12-19,,0.0,0,Text,#Music,458702,33414.0,42111,3789362.0,14.0981,Low
Instagram,viral_trends_dataset,2022-09-07,,2.0,0,Live,#Challenge,142073,35526.0,88617,3925001.0,6.7826,Low
Twitter,viral_trends_dataset,2023-10-08,,6.0,1,Live,#Viral,123865,48466.0,8497,3287268.0,5.5009,Medium
Instagram,viral_trends_dataset,2022-03-28,,0.0,0,Text,#Fashion,205339,41452.0,6335,4330176.0,5.8456,Low
TikTok,viral_trends_dataset,2022-01-25,,1.0,0,Video,#Music,207879,49288.0,41122,1558806.0,19.1357,High
Instagram,viral_trends_dataset,2023-06-20,,1.0,0,Video,#Education,155558,25353.0,52987,4975345.0,4.7011,Medium
Instagram,viral_trends_dataset,2022-06-20,,0.0,0,Image,#Fitness,253771,7498.0,62578,3675490.0,8.811,Low
TikTok,viral_trends_dataset,2022-08-14,,6.0,1,Video,#Viral,429878,46480.0,23965,2003412.0,24.9735,Medium
Twitter,viral_trends_dataset,2022-08-31,,2.0,0,Image,#Fashion,304493,2143.0,39002,3802564.0,9.0896,Medium
TikTok,viral_trends_dataset,2022-05-08,,6.0,1,Image,#Gaming,330611,15630.0,3262,3407613.0,10.2565,Low
YouTube,viral_trends_dataset,2022-11-26,,5.0,1,Text,#Challenge,499517,47847.0,73285,240061.0,258.538,High
Instagram,viral_trends_dataset,2022-10-04,,1.0,0,Text,#Education,386088,35424.0,53051,1582423.0,29.9896,Low
Twitter,viral_trends_dataset,2022-12-16,,4.0,0,Video,#Fashion,184751,31673.0,83234,526876.0,56.8745,High
Twitter,viral_trends_dataset,2022-03-17,,3.0,0,Video,#Gaming,309479,22878.0,60716,4817464.0,8.1593,Low
YouTube,viral_trends_dataset,2022-06-04,,5.0,1,Image,#Comedy,5615,1127.0,87186,676397.0,13.8865,Low
TikTok,viral_trends_dataset,2023-04-25,,1.0,0,Video,#Music,324783,5058.0,8835,2417845.0,14.0073,Low
TikTok,viral_trends_dataset,2023-01-16,,0.0,0,Live,#Dance,12478,25143.0,72990,2279763.0,4.8519,Medium
Twitter,viral_trends_dataset,2023-07-31,,0.0,0,Live,#Fitness,210608,3469.0,21075,3343066.0,7.034,High
TikTok,viral_trends_dataset,2022-08-23,,1.0,0,Live,#Viral,239797,35109.0,12358,1190006.0,24.1397,Low
Instagram,viral_trends_dataset,2022-01-25,,1.0,0,Video,#Music,326165,9091.0,92290,3237142.0,13.2075,High
TikTok,viral_trends_dataset,2023-08-20,,6.0,1,Image,#Challenge,381524,26172.0,86156,4830941.0,10.2227,Low
Instagram,viral_trends_dataset,2023-01-08,,6.0,1,Text,#Comedy,161483,11309.0,51284,1586264.0,14.126,Low
TikTok,viral_trends_dataset,2022-08-22,,0.0,0,Image,#Challenge,477735,8202.0,81979,2948962.0,19.2582,Medium
Twitter,viral_trends_dataset,2022-02-10,,3.0,0,Image,#Tech,50716,49764.0,76232,2684984.0,6.5815,High
YouTube,viral_trends_dataset,2022-10-22,,5.0,1,Image,#Viral,354126,39991.0,63810,1482566.0,30.8875,High
Twitter,viral_trends_dataset,2023-06-21,,2.0,0,Video,#Challenge,384684,27924.0,52501,4157917.0,11.1861,Medium
TikTok,viral_trends_dataset,2023-07-26,,2.0,0,Text,#Fashion,98617,11679.0,56477,592935.0,28.1267,Medium
TikTok,viral_trends_dataset,2022-04-04,,0.0,0,Image,#Challenge,305356,4288.0,62697,933613.0,39.8817,Low
YouTube,viral_trends_dataset,2022-04-10,,6.0,1,Video,#Fitness,64483,32481.0,44743,1777184.0,7.9737,Low
Twitter,viral_trends_dataset,2022-07-22,,4.0,0,Video,#Fashion,451890,35509.0,14407,2469353.0,20.3214,High
YouTube,viral_trends_dataset,2023-09-27,,2.0,0,Video,#Education,233078,28027.0,19910,218047.0,128.8782,High
TikTok,viral_trends_dataset,2022-06-14,,1.0,0,Live,#Challenge,230560,48962.0,3067,4348314.0,6.4988,Low
TikTok,viral_trends_dataset,2023-12-15,,4.0,0,Video,#Dance,109444,38867.0,83287,2868762.0,8.0731,Medium
TikTok,viral_trends_dataset,2022-10-08,,5.0,1,Image,#Comedy,444994,15240.0,57777,28489.0,1818.2843,High
Instagram,viral_trends_dataset,2022-09-18,,6.0,1,Live,#Viral,158438,37495.0,3224,3470216.0,5.739,Low
YouTube,viral_trends_dataset,2022-07-28,,3.0,0,Video,#Music,61904,39292.0,25135,2546025.0,4.9619,Medium
Instagram,viral_trends_dataset,2023-06-10,,5.0,1,Video,#Gaming,78761,35386.0,81693,4510453.0,4.3419,High
TikTok,viral_trends_dataset,2023-02-09,,3.0,0,Video,#Viral,53251,3514.0,64414,881991.0,13.7393,Low
YouTube,viral_trends_dataset,2022-08-13,,5.0,1,Text,#Dance,2092,5162.0,83576,2324138.0,3.9081,Low
TikTok,viral_trends_dataset,2023-10-22,,6.0,1,Video,#Comedy,24262,31018.0,55206,1882409.0,5.8694,Medium
YouTube,viral_trends_dataset,2023-02-10,,4.0,0,Text,#Viral,50435,8352.0,14795,1239705.0,5.9354,Low
Instagram,viral_trends_dataset,2022-03-21,,0.0,0,Live,#Education,316236,28465.0,20710,4431420.0,8.2459,High
TikTok,viral_trends_dataset,2022-08-12,,4.0,0,Live,#Fashion,166513,11367.0,58572,1290722.0,18.3194,High
Twitter,viral_trends_dataset,2022-01-27,,3.0,0,Video,#Challenge,113917,36656.0,75531,3228275.0,7.0039,Low
TikTok,viral_trends_dataset,2022-08-05,,4.0,0,Video,#Gaming,148521,33457.0,43818,2527623.0,8.9331,Low
Instagram,viral_trends_dataset,2023-04-27,,3.0,0,Live,#Challenge,327244,27570.0,16672,4986208.0,7.4503,Medium
Twitter,viral_trends_dataset,2023-04-22,,5.0,1,Video,#Gaming,286882,18415.0,82806,3600830.0,10.7782,Low
YouTube,viral_trends_dataset,2023-02-03,,4.0,0,Video,#Viral,437233,18367.0,38768,2686077.0,18.4048,High
YouTube,viral_trends_dataset,2022-04-06,,2.0,0,Video,#Viral,477018,6831.0,50628,3717495.0,14.3773,Medium
Twitter,viral_trends_dataset,2022-03-09,,2.0,0,Video,#Viral,435510,7182.0,25727,4481057.0,10.4533,Low
YouTube,viral_trends_dataset,2022-11-30,,2.0,0,Video,#Comedy,15720,27906.0,20570,3998581.0,1.6055,High
Instagram,viral_trends_dataset,2023-06-23,,4.0,0,Text,#Challenge,191321,41928.0,5664,973433.0,24.5433,Medium
YouTube,viral_trends_dataset,2023-10-10,,1.0,0,Video,#Tech,425847,18851.0,50387,3821922.0,12.9538,Low
Twitter,viral_trends_dataset,2023-06-08,,3.0,0,Video,#Dance,146849,37300.0,20372,4301015.0,4.7552,High
Instagram,viral_trends_dataset,2023-09-19,,1.0,0,Video,#Gaming,375356,17000.0,7649,4798066.0,8.3368,Low
Instagram,viral_trends_dataset,2022-11-12,,5.0,1,Video,#Music,41508,16803.0,96422,141212.0,109.575,High
Instagram,viral_trends_dataset,2023-09-26,,1.0,0,Video,#Music,202923,18413.0,40150,4432570.0,5.8992,Medium
YouTube,viral_trends_dataset,2023-04-12,,2.0,0,Image,#Gaming,268149,28800.0,6000,2592310.0,11.6864,High
Instagram,viral_trends_dataset,2023-07-21,,4.0,0,Video,#Gaming,79019,42735.0,55167,2717115.0,6.5114,Medium
YouTube,viral_trends_dataset,2023-04-11,,1.0,0,Live,#Dance,162238,11401.0,444,2075584.0,8.3872,Low
Twitter,viral_trends_dataset,2022-03-24,,3.0,0,Text,#Education,294917,23149.0,58118,3172236.0,11.8586,High
Twitter,viral_trends_dataset,2023-06-26,,0.0,0,Video,#Fitness,171217,16695.0,24221,2368193.0,8.9576,Low
Instagram,viral_trends_dataset,2023-04-03,,0.0,0,Video,#Challenge,215178,34782.0,17518,4039664.0,6.6213,Medium
YouTube,viral_trends_dataset,2022-09-27,,1.0,0,Video,#Gaming,304484,19545.0,19829,2598420.0,13.2333,Low
TikTok,viral_trends_dataset,2023-08-23,,2.0,0,Video,#Music,40568,29224.0,23894,2332745.0,4.0161,High
YouTube,viral_trends_dataset,2023-10-03,,1.0,0,Image,#Dance,299966,7360.0,67551,770227.0,48.671,High
Twitter,viral_trends_dataset,2022-01-27,,3.0,0,Video,#Education,266431,43658.0,48212,2805428.0,12.7717,Low
Instagram,viral_trends_dataset,2023-12-12,,1.0,0,Text,#Dance,205972,48582.0,96758,2536643.0,13.8495,Low
YouTube,viral_trends_dataset,2022-02-07,,0.0,0,Live,#Gaming,14220,23486.0,88469,51815.0,243.5106,High
YouTube,viral_trends_dataset,2022-09-14,,2.0,0,Video,#Fashion,335811,46079.0,91403,4817560.0,9.8243,Low
Twitter,viral_trends_dataset,2022-09-14,,2.0,0,Video,#Fashion,344166,49469.0,38801,1690909.0,25.5742,Medium
TikTok,viral_trends_dataset,2023-04-17,,0.0,0,Video,#Viral,345751,28348.0,48526,4921272.0,8.5877,Medium
TikTok,viral_trends_dataset,2022-12-30,,4.0,0,Video,#Dance,91022,33968.0,62312,4098173.0,4.5704,Low
Instagram,viral_trends_dataset,2022-01-11,,1.0,0,Video,#Comedy,348443,2675.0,1797,336698.0,104.8165,Medium
Twitter,viral_trends_dataset,2023-11-18,,5.0,1,Video,#Tech,485559,7507.0,59926,4379236.0,12.6276,Low
TikTok,viral_trends_dataset,2023-12-05,,1.0,0,Text,#Education,313955,27784.0,54987,1213903.0,32.6819,Medium
Twitter,viral_trends_dataset,2023-11-24,,4.0,0,Image,#Education,204206,21689.0,17380,2121520.0,11.467,Low
Twitter,viral_trends_dataset,2022-01-23,,6.0,1,Video,#Gaming,47437,21394.0,53378,4143188.0,2.9496,High
YouTube,viral_trends_dataset,2022-06-23,,3.0,0,Live,#Tech,222460,47455.0,43807,502571.0,62.4234,High
YouTube,viral_trends_dataset,2023-09-08,,4.0,0,Live,#Fashion,219535,1274.0,69694,3301819.0,8.7983,Low
TikTok,viral_trends_dataset,2022-03-19,,5.0,1,Live,#Challenge,185171,27548.0,99287,153188.0,203.6752,Medium
Twitter,viral_trends_dataset,2023-10-25,,2.0,0,Video,#Tech,301070,32605.0,66175,4070958.0,9.822,Medium
YouTube,viral_trends_dataset,2022-09-28,,2.0,0,Text,#Challenge,265311,23777.0,3531,248786.0,117.6188,High
Instagram,viral_trends_dataset,2023-01-19,,3.0,0,Video,#Challenge,210428,5355.0,28342,1984433.0,12.302,Medium
YouTube,viral_trends_dataset,2023-06-14,,2.0,0,Video,#Comedy,370123,2622.0,1262,3640508.0,10.2735,Low
YouTube,viral_trends_dataset,2022-01-01,,5.0,1,Live,#Fitness,265173,30489.0,11352,3150317.0,9.7455,Low
TikTok,viral_trends_dataset,2022-06-15,,2.0,0,Image,#Challenge,65840,5897.0,37210,3678968.0,2.9613,High
Twitter,viral_trends_dataset,2023-04-09,,6.0,1,Video,#Gaming,288603,9082.0,83247,2872626.0,13.2608,Medium
YouTube,viral_trends_dataset,2022-09-21,,2.0,0,Text,#Fashion,225684,46318.0,16605,1136605.0,25.392,Low
Twitter,viral_trends_dataset,2023-11-23,,3.0,0,Text,#Comedy,60476,43278.0,10992,3683380.0,3.1152,High
TikTok,viral_trends_dataset,2023-07-06,,3.0,0,Image,#Comedy,144825,8774.0,45930,4554044.0,4.3814,Low
YouTube,viral_trends_dataset,2023-03-13,,0.0,0,Live,#Fitness,278174,648.0,1846,2328409.0,12.0541,Low
YouTube,viral_trends_dataset,2023-05-01,,0.0,0,Video,#Comedy,179192,12943.0,68128,2790322.0,9.3273,High
YouTube,viral_trends_dataset,2022-07-16,,5.0,1,Video,#Viral,29085,39359.0,62256,2322882.0,5.6266,Low
TikTok,viral_trends_dataset,2022-12-05,,0.0,0,Image,#Dance,410851,18180.0,36575,3833488.0,12.1458,High
Instagram,viral_trends_dataset,2023-11-22,,2.0,0,Live,#Challenge,259700,9001.0,34498,1876071.0,16.1614,High
Twitter,viral_trends_dataset,2023-07-04,,1.0,0,Image,#Challenge,62154,37377.0,17276,1712244.0,6.8219,Low
TikTok,viral_trends_dataset,2023-07-28,,4.0,0,Video,#Gaming,287553,26407.0,50271,2139923.0,17.0208,Low
Instagram,viral_trends_dataset,2023-05-30,,1.0,0,Text,#Challenge,348583,48049.0,16646,3656215.0,11.3034,High
Twitter,viral_trends_dataset,2022-06-07,,1.0,0,Live,#Fashion,359553,22903.0,36033,3241892.0,12.9088,High
YouTube,viral_trends_dataset,2022-05-20,,4.0,0,Video,#Education,70410,34122.0,10979,4972204.0,2.3231,High
Instagram,viral_trends_dataset,2022-10-27,,3.0,0,Video,#Music,413287,18325.0,91905,1750615.0,29.9047,Low
Twitter,viral_trends_dataset,2023-10-06,,4.0,0,Live,#Comedy,421577,23820.0,53062,1155502.0,43.1379,High
Twitter,viral_trends_dataset,2023-07-20,,3.0,0,Text,#Viral,418390,16153.0,10658,2397678.0,18.568,Low
YouTube,viral_trends_dataset,2023-11-19,,6.0,1,Image,#Fitness,473087,6195.0,70529,4424982.0,12.4252,Medium
Instagram,viral_trends_dataset,2023-09-06,,2.0,0,Video,#Gaming,447804,38408.0,83016,898361.0,63.3629,Low
YouTube,viral_trends_dataset,2023-04-24,,0.0,0,Image,#Gaming,12522,37281.0,23287,4500674.0,1.624,Low
Instagram,viral_trends_dataset,2022-05-06,,4.0,0,Image,#Fashion,207872,3589.0,13510,194757.0,115.5137,Medium
Instagram,viral_trends_dataset,2023-09-14,,3.0,0,Text,#Fashion,24059,11310.0,8038,438881.0,9.8904,High
TikTok,viral_trends_dataset,2023-02-04,,5.0,1,Video,#Gaming,100757,19963.0,89855,1753799.0,12.0068,Medium
Twitter,viral_trends_dataset,2022-07-01,,4.0,0,Video,#Comedy,493538,39834.0,16285,286519.0,191.8396,High
YouTube,viral_trends_dataset,2023-07-25,,1.0,0,Text,#Challenge,300016,10136.0,27155,3018214.0,11.1757,Medium
TikTok,viral_trends_dataset,2023-11-14,,1.0,0,Live,#Tech,10393,18394.0,40195,2478731.0,2.783,Medium
TikTok,viral_trends_dataset,2022-06-24,,4.0,0,Video,#Fashion,15176,47750.0,95015,998802.0,15.813,Low
Twitter,viral_trends_dataset,2022-07-20,,2.0,0,Text,#Music,113693,39202.0,84132,1019654.0,23.2458,Medium
Twitter,viral_trends_dataset,2022-01-30,,6.0,1,Live,#Dance,184487,26660.0,53526,4901437.0,5.3999,Low
Instagram,viral_trends_dataset,2022-01-22,,5.0,1,Video,#Viral,53379,6483.0,35169,2763725.0,3.4385,Medium
Twitter,viral_trends_dataset,2022-10-23,,6.0,1,Live,#Comedy,290226,32394.0,21343,3197856.0,10.7561,Medium
Instagram,viral_trends_dataset,2022-03-28,,0.0,0,Video,#Challenge,163927,10283.0,73040,3429630.0,7.2092,Medium
YouTube,viral_trends_dataset,2023-10-24,,1.0,0,Video,#Fashion,264048,35137.0,81370,522517.0,72.8311,Medium
Instagram,viral_trends_dataset,2023-09-20,,2.0,0,Video,#Fitness,82166,18714.0,65838,168561.0,98.9066,High
Instagram,viral_trends_dataset,2022-08-13,,5.0,1,Text,#Tech,34145,24504.0,25996,3070332.0,2.7569,Medium
TikTok,viral_trends_dataset,2022-11-03,,3.0,0,Text,#Fashion,200806,23500.0,25914,1345733.0,18.5936,Medium
Twitter,viral_trends_dataset,2022-09-30,,4.0,0,Live,#Comedy,212366,8425.0,38889,564496.0,46.0021,Low
YouTube,viral_trends_dataset,2022-04-27,,2.0,0,Video,#Challenge,105917,2828.0,66293,2459556.0,7.1167,Medium
TikTok,viral_trends_dataset,2022-02-15,,1.0,0,Video,#Comedy,111838,43570.0,69221,3929151.0,5.717,High
Instagram,viral_trends_dataset,2022-07-03,,6.0,1,Video,#Education,108162,16486.0,26927,3198439.0,4.739,High
Instagram,viral_trends_dataset,2023-12-24,,6.0,1,Live,#Gaming,451097,2912.0,98397,1144375.0,48.2714,Low
YouTube,viral_trends_dataset,2022-06-26,,6.0,1,Text,#Tech,258038,25183.0,5572,4217172.0,6.848,Low
Twitter,viral_trends_dataset,2022-11-27,,6.0,1,Video,#Gaming,7280,29302.0,64009,180669.0,55.677,Low
YouTube,viral_trends_dataset,2022-10-28,,4.0,0,Live,#Education,456511,1371.0,79661,2152110.0,24.9775,High
YouTube,viral_trends_dataset,2023-06-23,,4.0,0,Video,#Dance,467084,20110.0,93624,3349574.0,17.3401,High
YouTube,viral_trends_dataset,2022-06-05,,6.0,1,Video,#Tech,190921,48329.0,58478,2082007.0,14.3,Low
Instagram,viral_trends_dataset,2023-12-06,,2.0,0,Video,#Viral,395537,32906.0,75050,3814814.0,13.1984,High
YouTube,viral_trends_dataset,2023-07-03,,0.0,0,Live,#Challenge,208163,25665.0,10461,4687019.0,5.212,Medium
TikTok,viral_trends_dataset,2023-09-01,,4.0,0,Video,#Tech,257433,23361.0,36087,4166522.0,7.6054,Low
Twitter,viral_trends_dataset,2023-10-02,,0.0,0,Video,#Gaming,39427,12631.0,57084,4069431.0,2.682,High
Instagram,viral_trends_dataset,2023-01-15,,6.0,1,Image,#Education,430802,5638.0,63240,337040.0,148.2554,Low
YouTube,viral_trends_dataset,2022-10-08,,5.0,1,Text,#Fitness,256792,36817.0,32295,3376862.0,9.6511,Low
TikTok,viral_trends_dataset,2023-08-05,,5.0,1,Image,#Fitness,406474,28457.0,94993,2282731.0,23.2145,High
TikTok,viral_trends_dataset,2022-09-07,,2.0,0,Image,#Challenge,205717,33681.0,90647,4033416.0,8.1828,High
Twitter,viral_trends_dataset,2023-11-28,,1.0,0,Video,#Gaming,363750,19382.0,80345,1112312.0,41.6679,Low
Instagram,viral_trends_dataset,2022-02-14,,0.0,0,Image,#Comedy,142790,42934.0,37404,1201764.0,18.5667,Medium
YouTube,viral_trends_dataset,2022-01-24,,0.0,0,Video,#Fashion,276044,4973.0,18080,2410258.0,12.4093,High
Twitter,viral_trends_dataset,2022-02-25,,4.0,0,Image,#Fitness,457777,36657.0,53428,4273890.0,12.8188,High
TikTok,viral_trends_dataset,2023-07-09,,6.0,1,Video,#Education,54594,45323.0,90263,4524809.0,4.2031,Medium
YouTube,viral_trends_dataset,2023-02-25,,5.0,1,Video,#Dance,499143,26750.0,71117,3347556.0,17.8342,High
Instagram,viral_trends_dataset,2022-08-01,,0.0,0,Live,#Music,226807,9225.0,91716,4638513.0,7.0658,Low
YouTube,viral_trends_dataset,2023-04-14,,4.0,0,Video,#Comedy,367652,35773.0,3301,1203677.0,33.7903,Medium
Twitter,viral_trends_dataset,2023-06-08,,3.0,0,Image,#Viral,185241,32088.0,98935,3445868.0,9.1781,High
YouTube,viral_trends_dataset,2022-02-11,,4.0,0,Text,#Fitness,374616,38022.0,59305,4430105.0,10.6531,Medium
Instagram,viral_trends_dataset,2022-03-23,,2.0,0,Image,#Fitness,204604,45548.0,48798,3927149.0,7.6124,High
Instagram,viral_trends_dataset,2022-10-21,,4.0,0,Video,#Comedy,464859,4959.0,14355,1377720.0,35.1431,Medium
YouTube,viral_trends_dataset,2022-08-01,,0.0,0,Video,#Fitness,341639,41098.0,81369,1910857.0,24.2878,Medium
YouTube,viral_trends_dataset,2022-06-01,,2.0,0,Video,#Gaming,427690,10014.0,66709,4970299.0,10.1485,High
Twitter,viral_trends_dataset,2023-03-27,,0.0,0,Video,#Education,435655,15038.0,66081,1396001.0,37.0182,High
Instagram,viral_trends_dataset,2023-11-27,,0.0,0,Image,#Fitness,404896,28060.0,69137,1598314.0,31.4139,Medium
Instagram,viral_trends_dataset,2022-01-20,,3.0,0,Video,#Fitness,495718,33474.0,72882,784996.0,76.6977,Low
YouTube,viral_trends_dataset,2022-08-08,,0.0,0,Live,#Education,297534,25016.0,38448,1375599.0,26.243,Medium
TikTok,viral_trends_dataset,2022-07-16,,5.0,1,Live,#Viral,278723,22654.0,94008,3362238.0,11.7596,Medium
Instagram,viral_trends_dataset,2022-09-17,,5.0,1,Video,#Challenge,106266,5458.0,41933,3888420.0,3.9517,Low
Twitter,viral_trends_dataset,2022-03-19,,5.0,1,Live,#Tech,449057,5707.0,58906,3825393.0,13.4279,Low
TikTok,viral_trends_dataset,2023-02-08,,2.0,0,Video,#Tech,484249,32276.0,4371,2928219.0,17.7888,Medium
YouTube,viral_trends_dataset,2023-08-02,,2.0,0,Video,#Tech,229389,31817.0,85327,506301.0,68.4441,Low
YouTube,viral_trends_dataset,2022-09-12,,0.0,0,Text,#Dance,339452,30571.0,57791,21300.0,2008.5164,High
YouTube,viral_trends_dataset,2023-05-21,,6.0,1,Text,#Comedy,127592,37036.0,51493,3759712.0,5.7483,High
Twitter,viral_trends_dataset,2023-04-28,,4.0,0,Video,#Music,341314,13939.0,61,4838364.0,7.3437,Medium
YouTube,viral_trends_dataset,2023-01-14,,5.0,1,Video,#Viral,473224,14749.0,57891,332886.0,163.9793,Medium
Twitter,viral_trends_dataset,2022-02-11,,4.0,0,Text,#Challenge,166118,35192.0,61721,902229.0,29.1535,Medium
YouTube,viral_trends_dataset,2023-12-29,,4.0,0,Live,#Fashion,305095,45864.0,29410,3959547.0,9.6064,High
Twitter,viral_trends_dataset,2022-09-20,,1.0,0,Live,#Challenge,432146,43941.0,27237,635761.0,79.1687,High
Instagram,viral_trends_dataset,2022-08-10,,2.0,0,Video,#Music,113205,26950.0,99750,4997766.0,4.8002,Low
Instagram,viral_trends_dataset,2022-07-26,,1.0,0,Live,#Dance,386316,15257.0,69991,1715056.0,27.4955,High
YouTube,viral_trends_dataset,2023-06-29,,3.0,0,Image,#Dance,48734,24234.0,34691,2856804.0,3.7685,Low
TikTok,viral_trends_dataset,2023-10-12,,3.0,0,Video,#Tech,138605,44725.0,20376,3139776.0,6.4879,Medium
Twitter,viral_trends_dataset,2023-10-28,,5.0,1,Video,#Music,160376,22342.0,34461,4530589.0,4.7936,Low
YouTube,viral_trends_dataset,2022-07-08,,4.0,0,Video,#Comedy,245503,25637.0,93608,4902986.0,7.4393,High
YouTube,viral_trends_dataset,2022-08-07,,6.0,1,Text,#Tech,58870,43369.0,45618,1257253.0,11.7603,Medium
Twitter,viral_trends_dataset,2022-02-25,,4.0,0,Live,#Education,48864,2188.0,96680,824491.0,17.918,High
YouTube,viral_trends_dataset,2022-05-25,,2.0,0,Live,#Music,341242,11227.0,35906,2416511.0,16.0717,High
Twitter,viral_trends_dataset,2022-11-22,,1.0,0,Video,#Education,165479,29512.0,71931,4273529.0,6.2459,Medium
Twitter,viral_trends_dataset,2023-09-23,,5.0,1,Video,#Fitness,284880,658.0,79331,4966138.0,7.3471,Low
TikTok,viral_trends_dataset,2023-12-05,,1.0,0,Image,#Tech,172273,9176.0,26466,4435720.0,4.6873,Medium
YouTube,viral_trends_dataset,2022-12-28,,2.0,0,Video,#Challenge,176552,6005.0,26504,386796.0,54.0494,High
TikTok,viral_trends_dataset,2023-10-15,,6.0,1,Text,#Music,63406,48828.0,15539,2933265.0,4.356,Medium
YouTube,viral_trends_dataset,2023-11-14,,1.0,0,Image,#Comedy,390284,31713.0,55216,2337383.0,20.4166,Medium
TikTok,viral_trends_dataset,2023-03-06,,0.0,0,Video,#Viral,26808,27099.0,89202,3364916.0,4.253,Medium
YouTube,viral_trends_dataset,2023-06-03,,5.0,1,Video,#Music,438899,4027.0,73784,3716517.0,13.9031,Low
Instagram,viral_trends_dataset,2022-05-22,,6.0,1,Live,#Dance,121374,25068.0,48219,3358828.0,5.7955,High
YouTube,viral_trends_dataset,2022-05-20,,4.0,0,Image,#Music,216428,37185.0,98920,3591834.0,9.8148,Medium
Instagram,viral_trends_dataset,2022-07-10,,6.0,1,Live,#Fitness,443710,11422.0,6736,4515285.0,10.229,High
Twitter,viral_trends_dataset,2022-09-24,,5.0,1,Live,#Tech,297834,14302.0,6037,1463886.0,21.7348,Medium
Instagram,viral_trends_dataset,2023-05-03,,2.0,0,Video,#Viral,230130,3040.0,40936,2206289.0,12.4238,Low
YouTube,viral_trends_dataset,2022-07-19,,1.0,0,Video,#Education,397190,32718.0,19345,1252628.0,35.8648,Low
TikTok,viral_trends_dataset,2023-01-22,,6.0,1,Live,#Fashion,52827,37816.0,794,313920.0,29.1275,High
TikTok,viral_trends_dataset,2023-12-21,,3.0,0,Video,#Comedy,432611,24498.0,71088,475699.0,111.036,Medium
TikTok,viral_trends_dataset,2022-01-07,,4.0,0,Video,#Tech,49027,27494.0,43339,884967.0,13.544,Low
TikTok,viral_trends_dataset,2023-07-24,,0.0,0,Image,#Fitness,433393,17183.0,20337,3000891.0,15.6924,Medium
Twitter,viral_trends_dataset,2023-03-21,,1.0,0,Video,#Comedy,455513,41015.0,45918,1298529.0,41.7739,High
YouTube,viral_trends_dataset,2023-12-26,,1.0,0,Video,#Gaming,464385,37291.0,79535,489667.0,118.6952,High
Twitter,viral_trends_dataset,2022-02-19,,5.0,1,Image,#Fashion,78724,4201.0,76615,3695445.0,4.3172,Low
Instagram,viral_trends_dataset,2022-09-07,,2.0,0,Video,#Tech,492868,42034.0,95534,301575.0,209.0478,High
YouTube,viral_trends_dataset,2023-11-14,,1.0,0,Live,#Dance,372276,9417.0,47001,4571766.0,9.377,Low
Instagram,viral_trends_dataset,2022-12-08,,3.0,0,Text,#Comedy,335200,37203.0,77799,4918275.0,9.1537,High
TikTok,viral_trends_dataset,2022-04-25,,0.0,0,Text,#Dance,434230,23843.0,19189,1971595.0,24.2069,Low
Instagram,viral_trends_dataset,2023-11-28,,1.0,0,Image,#Music,262719,33696.0,19486,4914449.0,6.428,Low
Twitter,viral_trends_dataset,2023-07-18,,1.0,0,Image,#Challenge,228496,2977.0,23867,1181290.0,21.6154,High
YouTube,viral_trends_dataset,2023-02-25,,5.0,1,Text,#Education,219960,45138.0,25706,990147.0,29.3698,Medium
Instagram,viral_trends_dataset,2023-09-02,,5.0,1,Text,#Fashion,234893,46517.0,38551,1268878.0,25.2161,Medium
TikTok,viral_trends_dataset,2022-10-30,,6.0,1,Video,#Fitness,4775,25118.0,13471,2533247.0,1.7118,Low
Twitter,viral_trends_dataset,2022-05-08,,6.0,1,Image,#Education,18643,2804.0,53816,601927.0,12.5037,Medium
YouTube,viral_trends_dataset,2023-01-11,,2.0,0,Image,#Challenge,392551,31055.0,86164,4995973.0,10.2036,High
TikTok,viral_trends_dataset,2023-02-05,,6.0,1,Video,#Music,484797,28431.0,85360,758897.0,78.8761,High
Twitter,viral_trends_dataset,2022-03-28,,0.0,0,Live,#Comedy,182518,48134.0,97479,4821034.0,6.8062,High
YouTube,viral_trends_dataset,2022-05-04,,2.0,0,Video,#Tech,332925,31499.0,75328,1995022.0,22.0425,Low
Instagram,viral_trends_dataset,2023-12-22,,4.0,0,Video,#Challenge,341563,14097.0,84777,849631.0,51.8386,High
YouTube,viral_trends_dataset,2022-01-04,,1.0,0,Text,#Tech,273315,8941.0,66056,320605.0,108.6421,Medium
YouTube,viral_trends_dataset,2022-02-22,,1.0,0,Video,#Challenge,440738,6434.0,42840,4007218.0,12.2282,High
YouTube,viral_trends_dataset,2022-06-25,,5.0,1,Text,#Dance,491125,10440.0,88275,828943.0,71.1557,Low
TikTok,viral_trends_dataset,2022-01-11,,1.0,0,Video,#Viral,221371,3389.0,29199,2005876.0,12.6608,High
YouTube,viral_trends_dataset,2023-11-25,,5.0,1,Video,#Fitness,391217,5070.0,1492,4256166.0,9.3459,High
TikTok,viral_trends_dataset,2023-10-06,,4.0,0,Video,#Tech,126234,42985.0,4800,3900994.0,4.4609,Low
Instagram,viral_trends_dataset,2022-05-28,,5.0,1,Live,#Gaming,495368,9122.0,92691,503394.0,118.6309,Low
Instagram,viral_trends_dataset,2023-01-22,,6.0,1,Video,#Dance,74584,40793.0,94280,1160169.0,18.0712,High
TikTok,viral_trends_dataset,2022-01-10,,0.0,0,Video,#Comedy,492614,32105.0,22513,569201.0,96.1404,Medium
Instagram,viral_trends_dataset,2022-06-22,,2.0,0,Video,#Comedy,474611,33268.0,34435,3926645.0,13.8111,High
Twitter,viral_trends_dataset,2023-10-09,,0.0,0,Text,#Comedy,363826,25854.0,62646,4507100.0,10.0359,Medium
Twitter,viral_trends_dataset,2023-01-12,,3.0,0,Video,#Challenge,206957,24206.0,30289,4582676.0,5.7052,High
YouTube,viral_trends_dataset,2023-05-16,,1.0,0,Image,#Challenge,327541,21989.0,26265,2934403.0,12.8065,High
YouTube,viral_trends_dataset,2022-12-30,,4.0,0,Image,#Music,267108,12609.0,85546,2439753.0,14.9713,Low
Twitter,viral_trends_dataset,2022-09-25,,6.0,1,Video,#Viral,377940,2074.0,84389,612367.0,75.8374,High
YouTube,viral_trends_dataset,2022-10-24,,0.0,0,Video,#Challenge,73454,25464.0,29403,4636278.0,2.7678,High
TikTok,viral_trends_dataset,2023-07-08,,5.0,1,Video,#Fashion,421151,7589.0,45599,1398792.0,33.9106,High
Instagram,viral_trends_dataset,2023-03-20,,0.0,0,Image,#Tech,168503,22125.0,49139,661248.0,36.2598,Medium
TikTok,viral_trends_dataset,2022-02-17,,3.0,0,Text,#Viral,329895,27857.0,38661,2805537.0,14.1297,Low
TikTok,viral_trends_dataset,2023-12-21,,3.0,0,Image,#Tech,355599,653.0,67741,4153069.0,10.2091,Medium
TikTok,viral_trends_dataset,2022-01-28,,4.0,0,Live,#Music,17240,7967.0,46438,2622948.0,2.7315,Medium
TikTok,viral_trends_dataset,2023-10-25,,2.0,0,Live,#Challenge,186489,19511.0,89591,4555505.0,6.4887,Low
YouTube,viral_trends_dataset,2023-04-05,,2.0,0,Text,#Comedy,496560,11634.0,89202,1252820.0,47.6841,Medium
Twitter,viral_trends_dataset,2023-11-20,,0.0,0,Live,#Fashion,187730,33189.0,22089,3136069.0,7.7488,Low
YouTube,viral_trends_dataset,2022-11-26,,5.0,1,Video,#Challenge,47915,38987.0,71386,4846462.0,3.2661,High
TikTok,viral_trends_dataset,2022-07-29,,4.0,0,Live,#Music,16509,35367.0,41258,3868115.0,2.4077,Medium
TikTok,viral_trends_dataset,2023-03-22,,2.0,0,Video,#Education,155784,8101.0,70534,2436327.0,9.6218,Low
Twitter,viral_trends_dataset,2023-03-11,,5.0,1,Video,#Fitness,184844,22803.0,57393,3910450.0,6.7777,High
YouTube,viral_trends_dataset,2023-02-02,,3.0,0,Video,#Challenge,319819,45727.0,36180,844108.0,47.5918,Low
YouTube,viral_trends_dataset,2023-01-15,,6.0,1,Text,#Viral,399825,1289.0,37269,4711034.0,9.3055,High
YouTube,viral_trends_dataset,2022-01-21,,4.0,0,Live,#Music,396506,41454.0,411,29816.0,1470.2542,Low
Twitter,viral_trends_dataset,2022-10-18,,1.0,0,Live,#Challenge,65940,24666.0,31348,2581052.0,4.725,Medium
Instagram,viral_trends_dataset,2023-02-03,,4.0,0,Video,#Viral,128008,23522.0,89553,3332344.0,7.2346,Medium
TikTok,viral_trends_dataset,2022-02-09,,2.0,0,Image,#Gaming,399450,12047.0,4838,1459984.0,28.5164,High
YouTube,viral_trends_dataset,2023-01-10,,1.0,0,Image,#Fashion,223556,14983.0,83342,526926.0,61.0866,Low
Twitter,viral_trends_dataset,2023-11-27,,0.0,0,Image,#Tech,263255,49499.0,32265,1022617.0,33.7388,Medium
Instagram,viral_trends_dataset,2023-07-09,,6.0,1,Text,#Gaming,192983,41367.0,89916,4477668.0,7.2418,High
TikTok,viral_trends_dataset,2022-06-15,,2.0,0,Video,#Dance,329454,12448.0,68787,2785587.0,14.7434,High
YouTube,viral_trends_dataset,2023-04-10,,0.0,0,Text,#Fashion,477701,46084.0,52532,4846969.0,11.8903,Medium
YouTube,viral_trends_dataset,2023-12-09,,5.0,1,Video,#Dance,327242,3621.0,19938,1104642.0,31.757,Medium
YouTube,viral_trends_dataset,2022-02-12,,5.0,1,Image,#Dance,490073,2274.0,29355,1112862.0,46.8793,Low
TikTok,viral_trends_dataset,2022-02-03,,3.0,0,Video,#Gaming,129992,27656.0,3291,4865554.0,3.3077,Medium
Instagram,viral_trends_dataset,2022-07-09,,5.0,1,Video,#Viral,473430,49619.0,80078,1007595.0,59.8581,High
YouTube,viral_trends_dataset,2023-02-28,,1.0,0,Video,#Education,470536,17646.0,62860,2719803.0,20.2604,Medium
TikTok,viral_trends_dataset,2022-02-14,,0.0,0,Video,#Tech,230080,45946.0,11521,4721969.0,6.0896,Medium
YouTube,viral_trends_dataset,2022-04-05,,1.0,0,Image,#Dance,168202,41760.0,97388,3619985.0,8.4904,Low
YouTube,viral_trends_dataset,2023-12-18,,0.0,0,Image,#Fitness,450936,156.0,97710,2584947.0,21.2307,Medium
YouTube,viral_trends_dataset,2022-09-11,,6.0,1,Video,#Challenge,218589,34136.0,97104,2025937.0,17.2675,High
YouTube,viral_trends_dataset,2022-03-31,,3.0,0,Video,#Education,233815,29096.0,37777,3370939.0,8.92,High
Twitter,viral_trends_dataset,2023-03-16,,3.0,0,Live,#Fitness,78467,23887.0,70308,3462370.0,4.9868,Medium
TikTok,viral_trends_dataset,2023-07-11,,1.0,0,Text,#Gaming,195362,7088.0,59917,4185814.0,6.268,High
Instagram,viral_trends_dataset,2022-11-18,,4.0,0,Text,#Tech,487591,34702.0,42788,1381662.0,40.8986,High
Instagram,viral_trends_dataset,2023-03-26,,6.0,1,Video,#Gaming,53583,15128.0,54657,4461646.0,2.7651,Medium
Instagram,viral_trends_dataset,2023-06-28,,2.0,0,Video,#Education,411374,10776.0,9924,1799797.0,24.0068,High
Instagram,viral_trends_dataset,2023-06-24,,5.0,1,Live,#Music,315498,27630.0,49235,4781276.0,8.2062,Low
TikTok,viral_trends_dataset,2022-05-03,,1.0,0,Text,#Music,357032,42750.0,15074,800884.0,51.7998,Medium
YouTube,viral_trends_dataset,2022-01-20,,3.0,0,Video,#Education,388958,7978.0,2389,1740963.0,22.937,High
Instagram,viral_trends_dataset,2022-10-14,,4.0,0,Video,#Music,496075,23034.0,14684,4979028.0,10.7208,High
Instagram,viral_trends_dataset,2023-03-16,,3.0,0,Video,#Dance,333540,15277.0,87685,2260054.0,19.3138,Medium
TikTok,viral_trends_dataset,2023-06-03,,5.0,1,Image,#Fitness,297540,35324.0,37515,4318086.0,8.5774,Low
Twitter,viral_trends_dataset,2022-10-26,,2.0,0,Image,#Dance,297988,16916.0,87418,1807871.0,22.2539,High
YouTube,viral_trends_dataset,2023-12-16,,5.0,1,Video,#Education,84559,36234.0,58387,3203657.0,5.593,Low
YouTube,viral_trends_dataset,2022-07-22,,4.0,0,Image,#Challenge,331423,2984.0,63763,54853.0,725.8855,Medium
Twitter,viral_trends_dataset,2022-05-02,,0.0,0,Text,#Fitness,341078,47079.0,21459,738822.0,55.4418,High
TikTok,viral_trends_dataset,2022-12-01,,3.0,0,Image,#Fitness,217176,19237.0,9746,2530016.0,9.7295,Low
YouTube,viral_trends_dataset,2023-01-06,,4.0,0,Video,#Fashion,248087,22770.0,33934,4334346.0,7.032,Medium
Twitter,viral_trends_dataset,2022-01-20,,3.0,0,Text,#Fitness,14056,27953.0,80213,1313145.0,9.3076,Low
TikTok,viral_trends_dataset,2022-11-25,,4.0,0,Text,#Fashion,42365,6217.0,85512,2374152.0,5.6481,Low
Instagram,viral_trends_dataset,2022-05-07,,5.0,1,Video,#Gaming,301322,38455.0,55816,665714.0,59.4239,High
YouTube,viral_trends_dataset,2023-06-28,,2.0,0,Image,#Dance,355774,44930.0,21287,3816177.0,11.058,Low
TikTok,viral_trends_dataset,2022-05-15,,6.0,1,Video,#Tech,20810,38133.0,3697,725159.0,8.6381,Medium
Instagram,viral_trends_dataset,2022-02-14,,0.0,0,Video,#Tech,131418,25538.0,55237,875186.0,24.2455,High
TikTok,viral_trends_dataset,2022-01-13,,3.0,0,Video,#Tech,264035,41438.0,22806,2436246.0,13.4748,Low
YouTube,viral_trends_dataset,2022-02-04,,4.0,0,Video,#Music,116281,34834.0,38535,1038493.0,18.262,Medium
YouTube,viral_trends_dataset,2022-08-22,,0.0,0,Video,#Challenge,78111,5222.0,70417,2356676.0,6.524,Low
YouTube,viral_trends_dataset,2023-07-21,,4.0,0,Image,#Challenge,326076,16260.0,53467,4205174.0,9.4123,High
Instagram,viral_trends_dataset,2022-12-19,,0.0,0,Video,#Comedy,33804,39284.0,49670,191209.0,64.201,High
Twitter,viral_trends_dataset,2023-04-05,,2.0,0,Image,#Comedy,145298,19963.0,23095,3136415.0,6.0055,Low
YouTube,viral_trends_dataset,2023-04-07,,4.0,0,Video,#Music,385043,9326.0,49209,1037395.0,42.7588,High
Twitter,viral_trends_dataset,2023-05-26,,4.0,0,Live,#Comedy,372823,21397.0,35570,2705472.0,15.886,High
YouTube,viral_trends_dataset,2022-05-09,,0.0,0,Live,#Gaming,389783,13375.0,60019,4210453.0,11.0006,High
Instagram,viral_trends_dataset,2023-04-27,,3.0,0,Video,#Tech,434017,47397.0,45642,1899136.0,27.7524,Low
Twitter,viral_trends_dataset,2022-12-28,,2.0,0,Text,#Viral,19767,1410.0,37594,2806355.0,2.0942,Low
YouTube,viral_trends_dataset,2023-01-08,,6.0,1,Video,#Dance,184354,44492.0,81187,3274297.0,9.4687,High
YouTube,viral_trends_dataset,2022-01-14,,4.0,0,Image,#Fashion,59339,23289.0,46173,692249.0,18.6062,Medium
Twitter,viral_trends_dataset,2022-10-06,,3.0,0,Image,#Challenge,71036,5795.0,48498,1056289.0,11.865,High
Twitter,viral_trends_dataset,2023-02-14,,1.0,0,Video,#Tech,125022,17019.0,92019,1940236.0,12.0635,High
Instagram,viral_trends_dataset,2022-06-05,,6.0,1,Live,#Dance,71221,7922.0,51250,73305.0,177.8774,Medium
YouTube,viral_trends_dataset,2023-11-16,,3.0,0,Video,#Dance,242045,47610.0,53178,624461.0,54.9006,High
YouTube,viral_trends_dataset,2022-04-29,,4.0,0,Video,#Music,50531,45708.0,95541,1180565.0,16.2448,Medium
Instagram,viral_trends_dataset,2022-01-17,,0.0,0,Video,#Education,498148,37966.0,22306,3727268.0,14.982,Low
YouTube,viral_trends_dataset,2023-10-01,,6.0,1,Live,#Music,256180,40687.0,92132,3952848.0,9.841,High
YouTube,viral_trends_dataset,2023-05-18,,3.0,0,Video,#Music,490632,35110.0,87681,4791590.0,12.8021,Medium
Instagram,viral_trends_dataset,2023-08-22,,1.0,0,Live,#Dance,261366,22595.0,12234,4385009.0,6.7547,Medium
YouTube,viral_trends_dataset,2023-02-03,,4.0,0,Video,#Comedy,441353,30156.0,31596,2017090.0,24.9421,Medium
Twitter,viral_trends_dataset,2023-10-20,,4.0,0,Video,#Fashion,91793,44079.0,51037,758023.0,24.6574,High
Instagram,viral_trends_dataset,2023-05-08,,0.0,0,Image,#Education,497249,27576.0,2694,3919221.0,13.4598,Medium
YouTube,viral_trends_dataset,2023-12-10,,6.0,1,Video,#Challenge,193211,48931.0,91421,3634651.0,9.1773,Low
YouTube,viral_trends_dataset,2022-03-09,,2.0,0,Video,#Viral,125212,10618.0,51333,3024824.0,6.1876,Low
TikTok,viral_trends_dataset,2022-08-18,,3.0,0,Video,#Viral,135652,8672.0,4625,4087185.0,3.6443,Low
YouTube,viral_trends_dataset,2023-07-10,,0.0,0,Image,#Challenge,355118,41782.0,3206,4859517.0,8.2335,Medium
Twitter,viral_trends_dataset,2022-08-04,,3.0,0,Video,#Tech,424691,33359.0,59898,724706.0,71.4701,Low
TikTok,viral_trends_dataset,2022-04-26,,1.0,0,Text,#Fashion,364412,35593.0,43196,1408093.0,31.4753,Medium
Instagram,viral_trends_dataset,2022-05-20,,4.0,0,Video,#Education,447588,34103.0,97652,3076229.0,18.8329,Medium
YouTube,viral_trends_dataset,2022-01-01,,5.0,1,Image,#Tech,361801,17226.0,39128,1060377.0,39.4346,Medium
Twitter,viral_trends_dataset,2023-05-23,,1.0,0,Video,#Education,95608,48549.0,71443,3664216.0,5.8839,High
Instagram,viral_trends_dataset,2023-02-27,,0.0,0,Live,#Dance,448758,27487.0,50483,746440.0,70.5654,Low
Instagram,viral_trends_dataset,2023-10-16,,0.0,0,Text,#Education,484066,2582.0,88547,3223735.0,17.8425,Medium
TikTok,viral_trends_dataset,2022-01-02,,6.0,1,Image,#Music,320547,11000.0,73945,986920.0,41.0866,High
YouTube,viral_trends_dataset,2022-01-10,,0.0,0,Video,#Viral,306635,47525.0,58291,489158.0,84.3186,Low
YouTube,viral_trends_dataset,2022-11-14,,0.0,0,Video,#Challenge,320034,30187.0,10095,3788789.0,9.5101,Low
Twitter,viral_trends_dataset,2022-04-11,,0.0,0,Live,#Education,401209,10647.0,43595,233403.0,195.135,High
TikTok,viral_trends_dataset,2023-09-10,,6.0,1,Text,#Education,288837,1053.0,85031,1171917.0,31.9921,Low
Instagram,viral_trends_dataset,2023-01-02,,0.0,0,Video,#Tech,438744,42634.0,24576,3921281.0,12.9028,Low
YouTube,viral_trends_dataset,2022-11-19,,5.0,1,Live,#Tech,52898,40984.0,32678,4122674.0,3.0699,High
TikTok,viral_trends_dataset,2023-10-20,,4.0,0,Video,#Music,47839,23517.0,94745,246466.0,67.3931,Medium
YouTube,viral_trends_dataset,2022-11-26,,5.0,1,Text,#Education,441585,31154.0,49383,1523550.0,34.2701,Medium
YouTube,viral_trends_dataset,2022-07-09,,5.0,1,Live,#Music,162748,32111.0,87359,4948739.0,5.7028,Low
TikTok,viral_trends_dataset,2023-09-26,,1.0,0,Image,#Gaming,419110,48719.0,95681,3933118.0,14.3273,High
Instagram,viral_trends_dataset,2022-11-22,,1.0,0,Video,#Education,176794,16724.0,55741,402877.0,61.8698,Medium
Instagram,viral_trends_dataset,2022-02-13,,6.0,1,Video,#Music,275405,48383.0,86829,3428385.0,11.977,High
Instagram,viral_trends_dataset,2022-12-29,,3.0,0,Video,#Fitness,234614,2428.0,71215,4857009.0,6.3466,High
YouTube,viral_trends_dataset,2023-06-20,,1.0,0,Video,#Comedy,103192,17817.0,31089,4995038.0,3.045,Low
YouTube,viral_trends_dataset,2022-12-13,,1.0,0,Live,#Viral,499175,3016.0,87675,1308252.0,45.0881,Low
Twitter,viral_trends_dataset,2022-03-20,,6.0,1,Live,#Dance,221586,43220.0,3514,1486951.0,18.045,Medium
Instagram,viral_trends_dataset,2023-04-11,,1.0,0,Video,#Dance,171830,40217.0,79859,4866077.0,5.9988,Low
Twitter,viral_trends_dataset,2023-03-11,,5.0,1,Video,#Fitness,200446,36461.0,78397,1891257.0,16.6717,High
TikTok,viral_trends_dataset,2022-01-09,,6.0,1,Image,#Music,357203,35107.0,6242,2610727.0,15.2659,High
Twitter,viral_trends_dataset,2023-10-16,,0.0,0,Video,#Viral,123130,34714.0,86696,2301844.0,10.6237,Low
YouTube,viral_trends_dataset,2022-02-22,,1.0,0,Video,#Fitness,301535,37360.0,48079,4392368.0,8.8101,Medium
Twitter,viral_trends_dataset,2023-12-30,,5.0,1,Video,#Comedy,364905,45148.0,10897,3194300.0,13.1782,Low
Twitter,viral_trends_dataset,2023-09-04,,0.0,0,Video,#Challenge,268769,13429.0,46703,3147556.0,10.4494,High
Twitter,viral_trends_dataset,2023-08-03,,3.0,0,Video,#Dance,405621,26548.0,41978,3969775.0,11.9439,High
Twitter,viral_trends_dataset,2022-02-07,,0.0,0,Video,#Gaming,496804,47615.0,23623,1420501.0,39.9888,High
TikTok,viral_trends_dataset,2023-06-06,,1.0,0,Text,#Fitness,417016,45520.0,83248,4576354.0,11.9262,High
TikTok,viral_trends_dataset,2022-03-27,,6.0,1,Image,#Fitness,377258,22974.0,84601,160874.0,301.3744,Medium
YouTube,viral_trends_dataset,2022-05-13,,4.0,0,Video,#Dance,282607,18712.0,15479,4527939.0,6.9965,Low
Twitter,viral_trends_dataset,2022-09-30,,4.0,0,Text,#Viral,103808,25099.0,88926,1457624.0,14.9444,Medium
Instagram,viral_trends_dataset,2022-08-19,,4.0,0,Video,#Dance,257532,10651.0,54285,693717.0,46.4841,Medium
Twitter,viral_trends_dataset,2023-04-12,,2.0,0,Video,#Dance,327815,43483.0,39667,3830754.0,10.728,Low
Twitter,viral_trends_dataset,2023-05-29,,0.0,0,Video,#Dance,41885,5588.0,49005,3303950.0,2.9201,Low
Twitter,viral_trends_dataset,2022-07-25,,0.0,0,Video,#Education,43911,7543.0,38740,2231412.0,4.042,High
TikTok,viral_trends_dataset,2022-04-22,,4.0,0,Video,#Fashion,387916,36957.0,69400,3298897.0,14.983,Low
YouTube,viral_trends_dataset,2022-12-05,,0.0,0,Video,#Education,493757,42197.0,20633,4741710.0,11.7381,Medium
Instagram,viral_trends_dataset,2022-02-11,,4.0,0,Video,#Music,290694,19326.0,82634,412999.0,95.0738,Low
TikTok,viral_trends_dataset,2022-04-21,,3.0,0,Text,#Viral,221699,26740.0,85669,2626467.0,12.7208,Low
Instagram,viral_trends_dataset,2022-05-30,,0.0,0,Text,#Comedy,382193,38016.0,79589,1163746.0,42.9473,High
Instagram,viral_trends_dataset,2023-07-15,,5.0,1,Video,#Viral,214072,9393.0,93955,2015897.0,15.7458,High
YouTube,viral_trends_dataset,2022-10-09,,6.0,1,Live,#Music,372739,10488.0,52629,4924870.0,8.8501,High
TikTok,viral_trends_dataset,2023-10-28,,5.0,1,Image,#Education,305284,26733.0,80764,2602031.0,15.8638,High
Twitter,viral_trends_dataset,2022-03-16,,2.0,0,Image,#Education,223968,14511.0,61852,3332289.0,9.0128,Medium
YouTube,viral_trends_dataset,2022-06-26,,6.0,1,Image,#Fashion,399795,20833.0,74842,2714135.0,18.2552,Low
Instagram,viral_trends_dataset,2022-10-03,,0.0,0,Image,#Music,200623,32797.0,11202,2739421.0,8.9297,Low
TikTok,viral_trends_dataset,2022-08-20,,5.0,1,Live,#Gaming,102671,33365.0,36502,633729.0,27.2258,High
YouTube,viral_trends_dataset,2023-08-26,,5.0,1,Video,#Tech,240453,37669.0,43182,4170429.0,7.7043,Low
Instagram,viral_trends_dataset,2023-01-13,,4.0,0,Video,#Challenge,374672,46887.0,81490,453984.0,110.8076,High
TikTok,viral_trends_dataset,2023-12-01,,4.0,0,Text,#Viral,457624,27260.0,31292,519114.0,99.434,High
Instagram,viral_trends_dataset,2023-05-07,,6.0,1,Text,#Gaming,392151,3518.0,88887,3646115.0,13.2897,High
TikTok,viral_trends_dataset,2022-11-25,,4.0,0,Text,#Fashion,42925,40155.0,23161,2844830.0,3.7345,Low
Twitter,viral_trends_dataset,2023-05-16,,1.0,0,Video,#Viral,38065,1036.0,98106,3084134.0,4.4488,High
Instagram,viral_trends_dataset,2022-11-17,,3.0,0,Live,#Music,230125,36873.0,44232,1973499.0,15.7705,High
YouTube,viral_trends_dataset,2023-01-27,,4.0,0,Image,#Challenge,88612,5632.0,19537,3577591.0,3.1804,Low
Twitter,viral_trends_dataset,2023-09-08,,4.0,0,Video,#Challenge,412467,36176.0,4563,1451444.0,31.2245,Low
YouTube,viral_trends_dataset,2022-03-25,,4.0,0,Video,#Tech,242099,40487.0,62896,1414029.0,24.4325,High
YouTube,viral_trends_dataset,2023-02-08,,2.0,0,Video,#Dance,475216,29605.0,13357,2340942.0,22.1354,High
TikTok,viral_trends_dataset,2022-06-06,,0.0,0,Video,#Music,189246,14536.0,98613,4694412.0,6.4416,Low
Instagram,viral_trends_dataset,2022-02-22,,1.0,0,Video,#Tech,263951,12306.0,69315,1044357.0,33.0895,Medium
Instagram,viral_trends_dataset,2022-09-01,,3.0,0,Video,#Challenge,114404,46965.0,51912,2889449.0,7.3814,Medium
Instagram,viral_trends_dataset,2022-07-23,,5.0,1,Video,#Fashion,362737,26880.0,16212,2524434.0,16.076,Medium
Instagram,viral_trends_dataset,2023-01-29,,6.0,1,Image,#Comedy,130260,37680.0,17988,2347498.0,7.9203,Low
TikTok,viral_trends_dataset,2022-09-01,,3.0,0,Video,#Fitness,360399,4647.0,3532,4254543.0,8.6632,Medium
Twitter,viral_trends_dataset,2022-07-28,,3.0,0,Text,#Comedy,440777,875.0,20099,1376200.0,33.5526,High
Twitter,viral_trends_dataset,2022-10-28,,4.0,0,Live,#Viral,287776,35190.0,17350,2986450.0,11.3953,Low
YouTube,viral_trends_dataset,2022-06-11,,5.0,1,Video,#Education,237962,30545.0,78747,4010899.0,8.6578,High
Twitter,viral_trends_dataset,2023-01-24,,1.0,0,Live,#Gaming,424026,46065.0,93907,3707314.0,15.2131,Medium
Twitter,viral_trends_dataset,2023-11-30,,3.0,0,Video,#Challenge,141809,13991.0,46091,372995.0,54.127,High
TikTok,viral_trends_dataset,2023-06-02,,4.0,0,Video,#Comedy,9089,2929.0,25973,2395144.0,1.5862,High
YouTube,viral_trends_dataset,2022-03-21,,0.0,0,Video,#Viral,176020,18233.0,88836,4223193.0,6.7032,High
YouTube,viral_trends_dataset,2023-07-08,,5.0,1,Live,#Education,437335,37570.0,28808,2990937.0,16.8413,Low
TikTok,viral_trends_dataset,2023-07-25,,1.0,0,Video,#Viral,414224,33103.0,59543,2188445.0,23.1612,Low
Twitter,viral_trends_dataset,2023-07-05,,2.0,0,Video,#Tech,78159,42943.0,50447,2488603.0,6.8934,Medium
Twitter,viral_trends_dataset,2023-01-07,,5.0,1,Live,#Education,136734,39191.0,83646,1154826.0,22.4771,Low
TikTok,viral_trends_dataset,2023-04-15,,5.0,1,Video,#Viral,444557,16993.0,87696,2547428.0,21.5608,Low
Instagram,viral_trends_dataset,2022-06-04,,5.0,1,Video,#Tech,290514,36045.0,58998,3658771.0,10.5379,High
TikTok,viral_trends_dataset,2022-01-07,,4.0,0,Video,#Comedy,333971,1186.0,79937,2251120.0,18.4394,High
YouTube,viral_trends_dataset,2023-02-16,,3.0,0,Live,#Education,57913,2629.0,23342,3638549.0,2.3054,Low
TikTok,viral_trends_dataset,2022-09-29,,3.0,0,Video,#Challenge,111961,42502.0,78755,1579972.0,14.7609,Low
TikTok,viral_trends_dataset,2022-10-27,,3.0,0,Video,#Education,150081,34528.0,25585,4139460.0,5.0778,High
Instagram,viral_trends_dataset,2022-02-16,,2.0,0,Video,#Fashion,338084,30711.0,69736,293601.0,149.3629,Medium
TikTok,viral_trends_dataset,2022-06-03,,4.0,0,Video,#Dance,456736,42618.0,55765,4935367.0,11.2478,High
Instagram,viral_trends_dataset,2022-02-22,,1.0,0,Video,#Education,48308,38116.0,60971,453975.0,32.4676,Medium
Instagram,viral_trends_dataset,2023-03-23,,3.0,0,Image,#Fitness,263855,43357.0,20640,356764.0,91.896,Low
Twitter,viral_trends_dataset,2023-02-12,,6.0,1,Text,#Dance,333069,17434.0,81591,2269963.0,19.0353,Low
Instagram,viral_trends_dataset,2022-02-20,,6.0,1,Video,#Tech,443042,13463.0,43058,4203091.0,11.8856,Medium
YouTube,viral_trends_dataset,2023-03-19,,6.0,1,Video,#Music,259581,2019.0,53583,509123.0,61.907,High
Instagram,viral_trends_dataset,2022-09-27,,1.0,0,Video,#Fitness,367349,35760.0,24578,1396437.0,30.627,Medium
Twitter,viral_trends_dataset,2022-07-03,,6.0,1,Video,#Viral,97960,46512.0,48879,852224.0,22.6878,Medium
YouTube,viral_trends_dataset,2023-12-23,,5.0,1,Video,#Fitness,145807,29656.0,92401,2393584.0,11.1909,Low
Instagram,viral_trends_dataset,2023-04-28,,4.0,0,Image,#Tech,223095,11469.0,15542,142695.0,175.2731,Medium
Twitter,viral_trends_dataset,2023-04-17,,0.0,0,Text,#Tech,113418,49506.0,42016,734242.0,27.9118,Medium
Twitter,viral_trends_dataset,2022-01-18,,1.0,0,Video,#Music,43344,29427.0,23104,2255727.0,4.2503,Low
TikTok,viral_trends_dataset,2022-06-11,,5.0,1,Text,#Dance,301010,40343.0,93981,2085790.0,20.8714,Low
YouTube,viral_trends_dataset,2022-05-23,,0.0,0,Video,#Comedy,436030,9626.0,82440,97074.0,544.0138,High
Instagram,viral_trends_dataset,2023-11-04,,5.0,1,Video,#Viral,359589,25826.0,16428,1737131.0,23.1326,Low
Twitter,viral_trends_dataset,2022-11-28,,0.0,0,Video,#Viral,328091,23851.0,45989,229483.0,173.4033,Medium
Twitter,viral_trends_dataset,2023-08-23,,2.0,0,Video,#Fashion,223986,5877.0,1007,1173942.0,19.6662,Low
Instagram,viral_trends_dataset,2023-01-01,,6.0,1,Text,#Gaming,83691,41634.0,70843,2430472.0,8.0712,Medium
Instagram,viral_trends_dataset,2022-12-01,,3.0,0,Video,#Fashion,422269,4866.0,58452,3010836.0,16.128,High
Instagram,viral_trends_dataset,2022-03-07,,0.0,0,Video,#Fitness,256526,9475.0,88555,448051.0,79.133,Medium
TikTok,viral_trends_dataset,2022-11-30,,2.0,0,Video,#Challenge,128922,48847.0,215,94169.0,189.0049,High
TikTok,viral_trends_dataset,2022-10-02,,6.0,1,Image,#Fitness,283295,3530.0,67140,3759988.0,9.414,Medium
TikTok,viral_trends_dataset,2023-09-20,,2.0,0,Live,#Comedy,320819,1410.0,72442,3003843.0,13.1389,High
TikTok,viral_trends_dataset,2022-01-19,,2.0,0,Video,#Fitness,410513,18639.0,17552,3382006.0,13.2083,Low
Instagram,viral_trends_dataset,2022-05-13,,4.0,0,Video,#Challenge,162800,43887.0,30173,2292806.0,10.3306,Medium
YouTube,viral_trends_dataset,2022-02-13,,6.0,1,Video,#Fashion,198420,2620.0,10257,2635064.0,8.0187,Low
Twitter,viral_trends_dataset,2023-04-12,,2.0,0,Image,#Viral,409007,40273.0,30389,2073534.0,23.1329,Low
TikTok,viral_trends_dataset,2023-07-04,,1.0,0,Text,#Education,374397,40244.0,6751,3262646.0,12.9157,High
Twitter,viral_trends_dataset,2023-01-10,,1.0,0,Video,#Comedy,195990,49010.0,75841,839182.0,38.2326,Medium
TikTok,viral_trends_dataset,2023-08-10,,3.0,0,Text,#Dance,26004,38219.0,93306,4124260.0,3.8196,High
TikTok,viral_trends_dataset,2022-12-11,,6.0,1,Image,#Fashion,346102,44802.0,73812,4979485.0,9.3326,High
Twitter,viral_trends_dataset,2023-03-24,,4.0,0,Text,#Dance,326871,5785.0,92268,4940565.0,8.6007,High
YouTube,viral_trends_dataset,2022-08-29,,0.0,0,Video,#Gaming,280997,41756.0,67445,3498297.0,11.1539,Low
Instagram,viral_trends_dataset,2022-09-16,,4.0,0,Video,#Challenge,247013,15416.0,99313,3886364.0,9.308,High
Twitter,viral_trends_dataset,2023-08-27,,6.0,1,Live,#Viral,264567,16361.0,75100,1338312.0,26.6028,High
TikTok,viral_trends_dataset,2023-06-15,,3.0,0,Text,#Education,223449,24086.0,71385,4925928.0,6.4743,Medium
YouTube,viral_trends_dataset,2023-10-17,,1.0,0,Image,#Dance,88118,9681.0,70254,16410.0,1024.089,Medium
TikTok,viral_trends_dataset,2023-12-29,,4.0,0,Live,#Dance,57050,28347.0,82609,1778307.0,9.4475,Medium
Instagram,viral_trends_dataset,2022-11-07,,0.0,0,Video,#Challenge,182095,13292.0,72323,3692069.0,7.2509,Medium
YouTube,viral_trends_dataset,2023-08-21,,0.0,0,Image,#Fashion,331242,30152.0,45520,2408155.0,16.8973,Low
Twitter,viral_trends_dataset,2023-06-06,,1.0,0,Video,#Education,350566,44606.0,75830,1338230.0,35.1959,Low
Twitter,viral_trends_dataset,2022-06-05,,6.0,1,Video,#Gaming,398969,22720.0,85010,3252632.0,15.5781,Low
Instagram,viral_trends_dataset,2022-05-25,,2.0,0,Image,#Tech,294183,21898.0,6110,2800983.0,11.5028,Low
Twitter,viral_trends_dataset,2023-06-28,,2.0,0,Image,#Fitness,18070,39735.0,38513,1191790.0,8.0818,High
TikTok,viral_trends_dataset,2022-05-31,,1.0,0,Video,#Fashion,243874,31026.0,61449,932583.0,36.0664,Low
Twitter,viral_trends_dataset,2022-11-05,,5.0,1,Video,#Challenge,416340,8029.0,73103,2088610.0,23.8183,Low
Instagram,viral_trends_dataset,2022-08-01,,0.0,0,Video,#Fashion,428206,5526.0,273,2975538.0,14.5858,Low
Instagram,viral_trends_dataset,2023-12-29,,4.0,0,Video,#Gaming,419030,14494.0,5094,1518636.0,28.8824,Medium
TikTok,viral_trends_dataset,2022-01-25,,1.0,0,Image,#Challenge,363839,24499.0,15376,912055.0,44.2642,Medium
Instagram,viral_trends_dataset,2022-07-30,,5.0,1,Live,#Viral,84212,12732.0,67698,812313.0,20.2683,Medium
YouTube,viral_trends_dataset,2022-03-01,,1.0,0,Video,#Fashion,417154,40668.0,30197,2367290.0,20.6151,Low
Twitter,viral_trends_dataset,2022-01-04,,1.0,0,Video,#Tech,337801,43967.0,95338,802693.0,59.4382,Low
TikTok,viral_trends_dataset,2022-05-31,,1.0,0,Image,#Music,129899,30639.0,15872,1883707.0,9.365,Medium
TikTok,viral_trends_dataset,2022-09-29,,3.0,0,Live,#Viral,317324,21300.0,32727,1274494.0,29.1371,High
YouTube,viral_trends_dataset,2022-08-02,,1.0,0,Video,#Music,57749,17292.0,49408,1152050.0,10.8024,Low
TikTok,viral_trends_dataset,2022-12-06,,1.0,0,Image,#Fitness,463841,31447.0,73343,2757579.0,20.6207,Low
TikTok,viral_trends_dataset,2022-01-25,,1.0,0,Image,#Education,16624,37672.0,67249,1816648.0,6.6906,High
TikTok,viral_trends_dataset,2023-01-31,,1.0,0,Text,#Education,201094,20196.0,92285,4016595.0,7.807,Medium
Instagram,viral_trends_dataset,2023-03-09,,3.0,0,Video,#Comedy,89680,26621.0,72848,3685642.0,5.1321,Low
YouTube,viral_trends_dataset,2023-02-05,,6.0,1,Text,#Fashion,368716,4218.0,8007,1115325.0,34.1552,High
YouTube,viral_trends_dataset,2022-08-16,,1.0,0,Text,#Tech,310007,9596.0,69591,3808359.0,10.2195,Low
Instagram,viral_trends_dataset,2022-06-11,,5.0,1,Video,#Gaming,344593,21314.0,93343,3894059.0,11.7936,Medium
YouTube,viral_trends_dataset,2023-10-28,,5.0,1,Image,#Education,238202,42674.0,11437,2748098.0,10.6369,High
YouTube,viral_trends_dataset,2022-04-15,,4.0,0,Video,#Challenge,94536,17067.0,30994,2221509.0,6.4189,Low
Instagram,viral_trends_dataset,2023-04-09,,6.0,1,Video,#Music,188755,48809.0,50133,2854637.0,10.0782,Low
Instagram,viral_trends_dataset,2023-09-23,,5.0,1,Video,#Music,50816,21207.0,83762,1155651.0,13.4803,High
YouTube,viral_trends_dataset,2022-02-17,,3.0,0,Live,#Challenge,248275,25327.0,65817,3863014.0,8.7864,Medium
YouTube,viral_trends_dataset,2023-04-30,,6.0,1,Live,#Challenge,108742,18715.0,26758,1653694.0,9.3255,Medium
Instagram,viral_trends_dataset,2022-09-10,,5.0,1,Video,#Fashion,5153,14991.0,43971,4429431.0,1.4475,Low
TikTok,viral_trends_dataset,2022-07-20,,2.0,0,Video,#Education,306641,37973.0,59145,454948.0,88.7484,High
Twitter,viral_trends_dataset,2023-11-17,,4.0,0,Text,#Viral,448573,20611.0,15378,2664697.0,18.1845,Medium
TikTok,viral_trends_dataset,2022-05-20,,4.0,0,Text,#Gaming,210793,38899.0,21826,1365873.0,19.8787,Low
YouTube,viral_trends_dataset,2023-05-10,,2.0,0,Image,#Education,331077,20808.0,62035,3236438.0,12.7894,High
Instagram,viral_trends_dataset,2022-08-17,,2.0,0,Text,#Gaming,417824,33799.0,3004,1187542.0,38.283,Low
TikTok,viral_trends_dataset,2023-06-08,,3.0,0,Image,#Fitness,204813,24858.0,98930,347711.0,94.5041,Medium
YouTube,viral_trends_dataset,2023-01-20,,4.0,0,Video,#Dance,167610,30587.0,54151,1869423.0,13.4987,Medium
TikTok,viral_trends_dataset,2023-11-18,,5.0,1,Video,#Fitness,318830,32602.0,35920,4706191.0,8.2307,Low
TikTok,viral_trends_dataset,2022-03-06,,6.0,1,Video,#Gaming,380243,27299.0,78206,311896.0,155.7404,Low
TikTok,viral_trends_dataset,2023-08-08,,1.0,0,Image,#Education,143299,46777.0,46943,970198.0,24.43,High
YouTube,viral_trends_dataset,2022-03-31,,3.0,0,Text,#Gaming,72137,11770.0,89326,2930604.0,5.9112,Medium
TikTok,viral_trends_dataset,2023-02-28,,1.0,0,Video,#Fitness,93307,28094.0,40221,3351813.0,4.8219,High
YouTube,viral_trends_dataset,2022-09-13,,1.0,0,Video,#Gaming,275571,15736.0,97019,3200398.0,12.1337,Low
Instagram,viral_trends_dataset,2023-12-15,,4.0,0,Video,#Viral,223622,9453.0,99894,3011767.0,11.0556,High
YouTube,viral_trends_dataset,2023-10-23,,0.0,0,Image,#Dance,148479,43085.0,59728,3208192.0,7.8328,High
TikTok,viral_trends_dataset,2022-01-06,,3.0,0,Video,#Education,289599,17469.0,29188,4306154.0,7.8087,Low
YouTube,viral_trends_dataset,2023-12-17,,6.0,1,Video,#Challenge,438998,14083.0,99103,4521597.0,12.2121,Medium
TikTok,viral_trends_dataset,2023-02-17,,4.0,0,Video,#Fitness,481352,27291.0,83967,119572.0,495.6093,Low
YouTube,viral_trends_dataset,2022-09-30,,4.0,0,Video,#Tech,258583,46631.0,51255,3387703.0,10.5224,Low
Instagram,viral_trends_dataset,2023-04-28,,4.0,0,Text,#Gaming,74367,13383.0,94257,628363.0,28.9653,High
YouTube,viral_trends_dataset,2022-04-12,,1.0,0,Image,#Dance,198740,46661.0,15794,3800272.0,6.8731,Medium
Twitter,viral_trends_dataset,2023-03-26,,6.0,1,Video,#Gaming,289874,43484.0,90165,3210454.0,13.192,High
Twitter,viral_trends_dataset,2023-11-17,,4.0,0,Video,#Dance,465297,43115.0,36253,320720.0,169.8257,High
Twitter,viral_trends_dataset,2022-08-16,,1.0,0,Text,#Music,141048,5788.0,38461,4217823.0,4.3932,High
YouTube,viral_trends_dataset,2022-02-20,,6.0,1,Text,#Challenge,9588,40260.0,49773,3887988.0,2.5623,Medium
YouTube,viral_trends_dataset,2022-04-28,,3.0,0,Video,#Challenge,41916,10831.0,38940,888391.0,10.3206,Medium
Twitter,viral_trends_dataset,2023-06-19,,0.0,0,Video,#Comedy,304155,44280.0,43414,4620289.0,8.481,Medium
Instagram,viral_trends_dataset,2023-12-11,,0.0,0,Video,#Viral,188820,2551.0,89181,933951.0,30.0393,High
YouTube,viral_trends_dataset,2023-12-10,,6.0,1,Video,#Viral,245628,46874.0,5788,3021490.0,9.8723,Medium
TikTok,viral_trends_dataset,2023-07-02,,6.0,1,Image,#Viral,427342,49730.0,76586,257530.0,214.9878,High
Twitter,viral_trends_dataset,2023-05-30,,1.0,0,Video,#Viral,248217,49708.0,34709,428868.0,77.5609,Medium
TikTok,viral_trends_dataset,2022-02-06,,6.0,1,Video,#Dance,396248,1717.0,23904,3374576.0,12.5014,Low
Twitter,viral_trends_dataset,2023-03-30,,3.0,0,Video,#Viral,445834,36194.0,2556,2974026.0,16.2939,High
Instagram,viral_trends_dataset,2023-04-24,,0.0,0,Live,#Fashion,329969,12445.0,61578,2658996.0,15.1934,High
TikTok,viral_trends_dataset,2023-12-30,,5.0,1,Image,#Comedy,494555,41759.0,85238,1343257.0,46.272,Medium
Instagram,viral_trends_dataset,2023-07-24,,0.0,0,Text,#Viral,192354,2480.0,3305,4004581.0,4.9478,Low
Twitter,viral_trends_dataset,2022-02-04,,4.0,0,Video,#Music,43194,971.0,6727,4521859.0,1.1255,High
Instagram,viral_trends_dataset,2023-04-01,,5.0,1,Live,#Music,463587,13811.0,9057,3148704.0,15.4494,Medium
YouTube,viral_trends_dataset,2023-07-16,,6.0,1,Text,#Education,181365,5308.0,92942,263141.0,106.2605,High
Twitter,viral_trends_dataset,2023-01-28,,5.0,1,Image,#Tech,162903,47445.0,81213,1746095.0,16.6979,Low
YouTube,viral_trends_dataset,2022-09-06,,1.0,0,Video,#Fashion,287793,28472.0,19461,2204480.0,15.2293,Low
YouTube,viral_trends_dataset,2022-11-10,,3.0,0,Video,#Viral,472012,49499.0,15668,1764533.0,30.4431,Low
YouTube,viral_trends_dataset,2023-03-11,,5.0,1,Text,#Music,405603,15241.0,52812,3939014.0,12.0247,Medium
Twitter,viral_trends_dataset,2022-10-05,,2.0,0,Live,#Dance,171170,23669.0,97460,1448171.0,20.184,High
YouTube,viral_trends_dataset,2022-12-22,,3.0,0,Image,#Music,407639,11992.0,84929,3151221.0,16.0116,Medium
TikTok,viral_trends_dataset,2023-10-24,,1.0,0,Image,#Gaming,445459,3631.0,33529,1320584.0,36.5459,Medium
Instagram,viral_trends_dataset,2023-06-25,,6.0,1,Live,#Comedy,135258,47950.0,87420,3712830.0,7.289,High
YouTube,viral_trends_dataset,2023-04-06,,3.0,0,Video,#Fashion,435828,29891.0,78312,658004.0,82.679,Low
Twitter,viral_trends_dataset,2022-01-09,,6.0,1,Text,#Tech,57785,45021.0,95543,2044541.0,9.7014,High
TikTok,viral_trends_dataset,2023-10-15,,6.0,1,Video,#Viral,293451,27567.0,48981,3224016.0,11.4763,Medium
Instagram,viral_trends_dataset,2023-04-26,,2.0,0,Image,#Fitness,285555,31687.0,68383,1615734.0,23.8669,Low
TikTok,viral_trends_dataset,2022-09-20,,1.0,0,Live,#Challenge,343326,48577.0,96725,639630.0,76.3923,Low
TikTok,viral_trends_dataset,2023-06-02,,4.0,0,Video,#Viral,187226,23484.0,91851,4027013.0,7.5133,High
Twitter,viral_trends_dataset,2023-07-13,,3.0,0,Text,#Fashion,153888,43370.0,62055,1006906.0,25.7534,Low
TikTok,viral_trends_dataset,2023-09-19,,1.0,0,Live,#Gaming,34397,21325.0,20268,810419.0,9.3766,Low
Instagram,viral_trends_dataset,2022-11-15,,1.0,0,Live,#Challenge,237537,38151.0,75689,3995291.0,8.7948,Medium
YouTube,viral_trends_dataset,2023-05-21,,6.0,1,Text,#Viral,180167,9672.0,89358,2965309.0,9.4154,Medium
Twitter,viral_trends_dataset,2022-11-18,,4.0,0,Live,#Tech,454815,2310.0,86874,1551796.0,35.0561,High
Instagram,viral_trends_dataset,2022-05-14,,5.0,1,Image,#Fitness,306350,44655.0,2985,4913452.0,7.2045,Low
TikTok,viral_trends_dataset,2022-08-03,,2.0,0,Live,#Gaming,82547,19090.0,85481,2443283.0,7.6585,Low
YouTube,viral_trends_dataset,2023-04-25,,1.0,0,Video,#Challenge,373205,48449.0,89453,4037538.0,12.6589,High
YouTube,viral_trends_dataset,2022-05-11,,2.0,0,Video,#Tech,367221,15299.0,69287,378803.0,119.2723,High
YouTube,viral_trends_dataset,2022-12-07,,2.0,0,Live,#Music,475173,15871.0,79780,591859.0,96.4459,Low
YouTube,viral_trends_dataset,2023-02-01,,2.0,0,Image,#Dance,207082,2009.0,54620,1035827.0,25.459,Medium
TikTok,viral_trends_dataset,2023-04-27,,3.0,0,Live,#Education,130092,28834.0,77083,2114199.0,11.163,Medium
YouTube,viral_trends_dataset,2022-08-19,,4.0,0,Video,#Education,224556,28192.0,76869,4909844.0,6.7134,Medium
Twitter,viral_trends_dataset,2022-01-09,,6.0,1,Image,#Fitness,167281,11465.0,38374,2756985.0,7.8753,Low
TikTok,viral_trends_dataset,2023-07-25,,1.0,0,Video,#Comedy,409766,33526.0,24084,4854526.0,9.6276,High
YouTube,viral_trends_dataset,2023-07-05,,2.0,0,Live,#Challenge,8940,39938.0,55512,2968614.0,3.5165,High
Instagram,viral_trends_dataset,2023-01-30,,0.0,0,Image,#Challenge,277498,20924.0,57943,261001.0,136.5378,Low
Instagram,viral_trends_dataset,2023-10-10,,1.0,0,Video,#Fashion,158575,15648.0,56196,1136022.0,20.283,High
YouTube,viral_trends_dataset,2023-02-16,,3.0,0,Video,#Gaming,137353,8365.0,78616,2831737.0,7.9221,High
Twitter,viral_trends_dataset,2022-12-23,,4.0,0,Text,#Education,234402,11806.0,12937,3681125.0,7.0398,Low
Instagram,viral_trends_dataset,2023-08-28,,0.0,0,Video,#Comedy,293513,22937.0,50197,213956.0,171.3656,Low
Twitter,viral_trends_dataset,2022-07-16,,5.0,1,Text,#Education,168183,48874.0,60981,175511.0,158.4163,Low
Instagram,viral_trends_dataset,2022-06-30,,3.0,0,Video,#Viral,364221,32308.0,48454,517316.0,86.0176,High
Instagram,viral_trends_dataset,2022-02-18,,4.0,0,Text,#Fitness,317373,17971.0,95587,2776258.0,15.522,High
Instagram,viral_trends_dataset,2023-10-05,,3.0,0,Video,#Music,331779,42966.0,44762,3603843.0,11.6405,Medium
YouTube,viral_trends_dataset,2023-04-14,,4.0,0,Text,#Comedy,180682,10817.0,20214,965294.0,21.9325,Medium
YouTube,viral_trends_dataset,2023-04-21,,4.0,0,Video,#Tech,496958,42318.0,8179,4513431.0,12.1295,Low
Instagram,viral_trends_dataset,2023-04-11,,1.0,0,Live,#Gaming,167365,37657.0,34302,3087010.0,7.7526,High
TikTok,viral_trends_dataset,2023-10-24,,1.0,0,Image,#Education,471046,11460.0,81457,2979191.0,18.9301,Low
Instagram,viral_trends_dataset,2022-09-21,,2.0,0,Video,#Education,49231,4583.0,73332,646803.0,19.6576,High
YouTube,viral_trends_dataset,2022-11-22,,1.0,0,Image,#Music,358664,24286.0,90509,2711276.0,17.4626,Medium
Twitter,viral_trends_dataset,2023-03-29,,2.0,0,Image,#Gaming,127953,21718.0,19306,4210489.0,4.0132,Low
TikTok,viral_trends_dataset,2023-01-18,,2.0,0,Video,#Education,210894,24114.0,82911,3384848.0,9.3924,High
TikTok,viral_trends_dataset,2022-12-25,,6.0,1,Text,#Music,236114,40537.0,47386,4799072.0,6.7521,Low
YouTube,viral_trends_dataset,2022-02-02,,2.0,0,Video,#Fitness,283970,32830.0,78225,3371495.0,11.7166,Medium
TikTok,viral_trends_dataset,2023-11-28,,1.0,0,Video,#Viral,105103,16406.0,37939,28185.0,565.7194,Low
YouTube,viral_trends_dataset,2023-02-09,,3.0,0,Image,#Music,450012,30432.0,69135,3573243.0,15.3804,Low
Instagram,viral_trends_dataset,2022-07-31,,6.0,1,Video,#Comedy,157348,11664.0,86537,182764.0,139.8246,Low
Twitter,viral_trends_dataset,2023-04-01,,5.0,1,Video,#Education,215220,6655.0,38005,3380696.0,7.6872,High
Twitter,viral_trends_dataset,2023-02-15,,2.0,0,Image,#Fashion,428088,5317.0,56427,3978070.0,12.3133,Low
TikTok,viral_trends_dataset,2022-07-09,,5.0,1,Video,#Challenge,65950,8429.0,25445,4673322.0,2.136,Low
YouTube,viral_trends_dataset,2022-04-18,,0.0,0,Image,#Challenge,408240,49611.0,54144,940572.0,54.4344,Medium
TikTok,viral_trends_dataset,2022-11-09,,2.0,0,Image,#Gaming,228462,38340.0,53780,1669794.0,19.1989,Medium
TikTok,viral_trends_dataset,2023-02-21,,1.0,0,Text,#Comedy,441761,15774.0,7826,2204106.0,21.1134,Low
Twitter,viral_trends_dataset,2022-06-30,,3.0,0,Live,#Fitness,356490,35584.0,24330,1815867.0,22.9314,High
Twitter,viral_trends_dataset,2023-08-26,,5.0,1,Video,#Tech,488135,15800.0,71550,2654590.0,21.6789,Low
YouTube,viral_trends_dataset,2022-03-12,,5.0,1,Image,#Viral,113659,34146.0,22679,1816000.0,9.3879,Low
TikTok,viral_trends_dataset,2022-01-16,,6.0,1,Text,#Challenge,407316,25862.0,32931,4524217.0,10.3025,Medium
Twitter,viral_trends_dataset,2023-08-28,,0.0,0,Text,#Fitness,203142,30878.0,39890,4946908.0,5.537,High
YouTube,viral_trends_dataset,2023-12-08,,4.0,0,Image,#Fashion,54370,41676.0,44166,724235.0,19.36,Low
Twitter,viral_trends_dataset,2022-07-27,,2.0,0,Text,#Tech,280796,48578.0,69638,4549360.0,8.7707,Low
Twitter,viral_trends_dataset,2022-03-20,,6.0,1,Text,#Viral,278905,30693.0,91660,3294369.0,12.1801,Low
YouTube,viral_trends_dataset,2023-03-25,,5.0,1,Image,#Challenge,73853,40738.0,82394,1131562.0,17.4082,Medium
TikTok,viral_trends_dataset,2022-04-21,,3.0,0,Text,#Comedy,435936,47236.0,50179,994341.0,53.6386,Low
TikTok,viral_trends_dataset,2023-07-11,,1.0,0,Video,#Fashion,195035,17389.0,1636,4461411.0,4.798,Medium
YouTube,viral_trends_dataset,2023-04-05,,2.0,0,Video,#Music,385981,20819.0,34390,3906243.0,11.2945,Medium
TikTok,viral_trends_dataset,2023-11-19,,6.0,1,Text,#Education,248092,7879.0,97919,37444.0,945.118,Medium
YouTube,viral_trends_dataset,2023-09-25,,0.0,0,Video,#Comedy,197077,827.0,91374,1406957.0,20.5605,High
TikTok,viral_trends_dataset,2022-12-31,,5.0,1,Text,#Dance,30253,8336.0,6220,3614546.0,1.2397,Medium
Twitter,viral_trends_dataset,2022-09-03,,5.0,1,Text,#Viral,348685,47567.0,72757,2173237.0,21.5811,High
YouTube,viral_trends_dataset,2022-10-21,,4.0,0,Video,#Fashion,352367,30525.0,48651,3512308.0,12.2866,High
Instagram,viral_trends_dataset,2022-11-19,,5.0,1,Image,#Fitness,199406,1573.0,96109,3336371.0,8.9045,Low
TikTok,viral_trends_dataset,2023-06-11,,6.0,1,Live,#Music,196111,44558.0,17185,1792773.0,14.383,High
YouTube,viral_trends_dataset,2022-09-12,,0.0,0,Image,#Tech,190936,26606.0,74111,1164487.0,25.0456,Low
Instagram,viral_trends_dataset,2022-10-04,,1.0,0,Image,#Music,39486,31425.0,15742,3785489.0,2.2891,Low
YouTube,viral_trends_dataset,2022-07-19,,1.0,0,Video,#Education,203449,43151.0,26065,4654860.0,5.8576,Low
TikTok,viral_trends_dataset,2022-03-25,,4.0,0,Video,#Comedy,206254,33431.0,65523,4387433.0,6.9564,Low
Instagram,viral_trends_dataset,2022-07-01,,4.0,0,Live,#Education,274903,38017.0,59924,4306085.0,8.6585,High
YouTube,viral_trends_dataset,2023-02-01,,2.0,0,Text,#Comedy,255001,33928.0,76660,3269493.0,11.1818,Low
Twitter,viral_trends_dataset,2023-04-26,,2.0,0,Live,#Music,275310,30473.0,91592,4226285.0,9.4025,Medium
TikTok,viral_trends_dataset,2022-05-31,,1.0,0,Text,#Tech,461087,9604.0,83275,2188892.0,25.3081,High
YouTube,viral_trends_dataset,2022-12-01,,3.0,0,Image,#Fashion,8387,19115.0,28886,770013.0,7.323,Low
TikTok,viral_trends_dataset,2023-02-24,,4.0,0,Live,#Comedy,244313,22699.0,18044,842016.0,33.854,Low
Twitter,viral_trends_dataset,2022-09-11,,6.0,1,Live,#Music,380472,34678.0,73770,834815.0,58.5663,Low
YouTube,viral_trends_dataset,2022-08-26,,4.0,0,Image,#Challenge,316067,33572.0,91218,4935280.0,8.9328,Low
Instagram,viral_trends_dataset,2023-05-04,,3.0,0,Image,#Dance,497448,3751.0,37488,2610314.0,20.6369,High
Twitter,viral_trends_dataset,2022-10-20,,3.0,0,Image,#Fitness,11341,24625.0,12132,4043662.0,1.1895,Medium
TikTok,viral_trends_dataset,2023-03-10,,4.0,0,Image,#Challenge,53100,45066.0,9335,663239.0,16.2085,Medium
YouTube,viral_trends_dataset,2022-03-17,,3.0,0,Text,#Education,223770,19622.0,59170,235262.0,128.6064,Low
YouTube,viral_trends_dataset,2023-04-24,,0.0,0,Video,#Fashion,148407,37176.0,85203,1011367.0,26.7743,High
TikTok,viral_trends_dataset,2023-10-22,,6.0,1,Video,#Gaming,353889,34577.0,26494,958894.0,43.2749,High
Twitter,viral_trends_dataset,2022-04-06,,2.0,0,Image,#Gaming,175627,26950.0,91997,107075.0,275.11,Low
Instagram,viral_trends_dataset,2023-11-26,,6.0,1,Video,#Music,9766,4376.0,64708,2719250.0,2.8997,High
Instagram,viral_trends_dataset,2022-12-13,,1.0,0,Image,#Dance,455615,11806.0,5258,4021492.0,11.7538,Medium
Twitter,viral_trends_dataset,2023-09-08,,4.0,0,Video,#Music,338390,10516.0,82782,1668627.0,25.8709,High
YouTube,viral_trends_dataset,2023-10-20,,4.0,0,Text,#Fashion,395367,27337.0,91956,2589762.0,19.8729,High
TikTok,viral_trends_dataset,2022-10-02,,6.0,1,Text,#Challenge,164322,40079.0,27291,2706964.0,8.5591,High
YouTube,viral_trends_dataset,2022-07-22,,4.0,0,Live,#Education,78102,15652.0,72816,2181994.0,7.6338,High
TikTok,viral_trends_dataset,2022-05-19,,3.0,0,Video,#Fashion,463457,41360.0,70334,4812866.0,11.9503,Medium
Twitter,viral_trends_dataset,2022-04-06,,2.0,0,Live,#Education,143378,36632.0,97838,2737221.0,10.1507,High
Instagram,viral_trends_dataset,2022-05-20,,4.0,0,Video,#Fitness,146980,23072.0,99759,2986160.0,9.0354,Medium
TikTok,viral_trends_dataset,2023-04-28,,4.0,0,Live,#Education,43412,9495.0,99638,3112218.0,4.9015,Medium
YouTube,viral_trends_dataset,2023-09-17,,6.0,1,Video,#Viral,190093,10056.0,72698,1178987.0,23.1425,Low
Twitter,viral_trends_dataset,2022-06-06,,0.0,0,Video,#Music,59352,7319.0,19843,1850122.0,4.6761,High
TikTok,viral_trends_dataset,2022-03-07,,0.0,0,Video,#Education,146702,22335.0,92258,1135439.0,23.0127,Medium
TikTok,viral_trends_dataset,2023-09-21,,3.0,0,Image,#Music,255450,20381.0,69728,3273580.0,10.556,High
Twitter,viral_trends_dataset,2023-04-02,,6.0,1,Live,#Fitness,198488,35350.0,14421,4056000.0,6.1208,High
Twitter,viral_trends_dataset,2022-01-18,,1.0,0,Text,#Dance,75634,27341.0,72448,3783154.0,4.637,High
YouTube,viral_trends_dataset,2022-06-28,,1.0,0,Text,#Education,117333,22561.0,64208,2798895.0,7.2922,Medium
TikTok,viral_trends_dataset,2023-11-04,,5.0,1,Image,#Dance,64998,6090.0,8340,516351.0,15.3826,High
Twitter,viral_trends_dataset,2023-03-01,,2.0,0,Video,#Viral,191075,43510.0,62671,2758545.0,10.7758,High
Instagram,viral_trends_dataset,2023-12-23,,5.0,1,Image,#Comedy,147696,48344.0,27597,3467552.0,6.4494,Medium
Instagram,viral_trends_dataset,2022-03-09,,2.0,0,Live,#Comedy,232504,26887.0,92705,1557711.0,22.6034,Medium
Instagram,viral_trends_dataset,2023-03-09,,3.0,0,Video,#Comedy,308045,45368.0,85908,1703779.0,25.7851,High
Instagram,viral_trends_dataset,2022-07-10,,6.0,1,Text,#Challenge,440513,27202.0,93023,2069092.0,27.1007,Low
Twitter,viral_trends_dataset,2023-07-09,,6.0,1,Video,#Fashion,227580,33831.0,713,3718031.0,7.0501,Medium
YouTube,viral_trends_dataset,2023-08-09,,2.0,0,Live,#Comedy,116381,46147.0,42790,3431137.0,5.984,Medium
TikTok,viral_trends_dataset,2023-12-20,,2.0,0,Video,#Fashion,222752,4097.0,57342,4214269.0,6.7435,High
Twitter,viral_trends_dataset,2022-01-15,,5.0,1,Video,#Education,487011,9469.0,88442,4746993.0,12.3219,Low
YouTube,viral_trends_dataset,2023-12-25,,0.0,0,Video,#Music,64875,27363.0,4109,3594748.0,2.6802,High
TikTok,viral_trends_dataset,2023-09-10,,6.0,1,Live,#Education,96310,12500.0,36336,1006386.0,14.4225,Medium
YouTube,viral_trends_dataset,2022-11-04,,4.0,0,Video,#Education,201125,32201.0,90937,2899934.0,11.1817,High
YouTube,viral_trends_dataset,2022-04-20,,2.0,0,Live,#Tech,334771,49605.0,62559,332524.0,134.4068,High
Instagram,viral_trends_dataset,2023-12-04,,0.0,0,Video,#Gaming,253431,31215.0,33825,1085496.0,29.3388,Low
Twitter,viral_trends_dataset,2022-11-04,,4.0,0,Text,#Music,136771,4043.0,88796,4101021.0,5.5988,Medium
Twitter,viral_trends_dataset,2023-03-03,,4.0,0,Video,#Tech,387241,4038.0,7902,2531742.0,15.767,Low
Twitter,viral_trends_dataset,2022-02-02,,2.0,0,Text,#Gaming,293915,26781.0,74678,3561668.0,11.1008,Medium
YouTube,viral_trends_dataset,2022-05-08,,6.0,1,Video,#Gaming,448134,18748.0,21213,2672532.0,18.2634,Low
TikTok,viral_trends_dataset,2022-12-12,,0.0,0,Video,#Challenge,4313,36144.0,9479,4720948.0,1.0578,High
TikTok,viral_trends_dataset,2022-08-29,,0.0,0,Live,#Education,428558,33150.0,44337,1067880.0,47.3878,High
YouTube,viral_trends_dataset,2022-09-29,,3.0,0,Video,#Comedy,426986,37105.0,84306,1820646.0,30.121,Low
YouTube,viral_trends_dataset,2022-10-06,,3.0,0,Video,#Fitness,12455,1032.0,15628,3068330.0,0.9489,Low
Instagram,viral_trends_dataset,2022-03-21,,0.0,0,Video,#Challenge,70195,15188.0,7912,3082916.0,3.0262,Medium
Instagram,viral_trends_dataset,2022-08-21,,6.0,1,Video,#Fashion,162862,40097.0,98819,1946599.0,15.5028,High
TikTok,viral_trends_dataset,2022-06-18,,5.0,1,Text,#Education,193265,11761.0,42231,2528340.0,9.7794,High
YouTube,viral_trends_dataset,2022-12-25,,6.0,1,Video,#Music,130550,46478.0,75762,3464416.0,7.2968,Low
TikTok,viral_trends_dataset,2023-05-04,,3.0,0,Live,#Education,381818,25589.0,62760,2993394.0,15.7068,High
TikTok,viral_trends_dataset,2023-12-29,,4.0,0,Video,#Tech,376879,27327.0,24479,3347578.0,12.8058,Medium
Instagram,viral_trends_dataset,2023-01-11,,2.0,0,Video,#Challenge,240625,2433.0,50607,829327.0,35.41,High
Instagram,viral_trends_dataset,2022-04-03,,6.0,1,Video,#Education,210349,33406.0,63035,3940342.0,7.7859,Low
YouTube,viral_trends_dataset,2023-01-03,,1.0,0,Video,#Gaming,159590,32209.0,1231,3371209.0,5.7258,High
YouTube,viral_trends_dataset,2023-08-17,,3.0,0,Live,#Challenge,229548,13759.0,23753,748460.0,35.6813,Low
YouTube,viral_trends_dataset,2023-02-06,,0.0,0,Text,#Education,319387,975.0,40397,4499716.0,8.0174,High
Instagram,viral_trends_dataset,2022-11-25,,4.0,0,Video,#Viral,253096,30810.0,56168,4465663.0,7.6153,Low
Instagram,viral_trends_dataset,2022-06-10,,4.0,0,Video,#Comedy,490924,11164.0,80578,3605145.0,16.1621,Medium
Instagram,viral_trends_dataset,2022-09-01,,3.0,0,Video,#Fitness,464647,21371.0,72133,2244659.0,24.8657,Medium
Twitter,viral_trends_dataset,2022-12-01,,3.0,0,Image,#Challenge,319690,4639.0,93177,4869978.0,8.5731,Medium
Twitter,viral_trends_dataset,2022-08-25,,3.0,0,Video,#Tech,231019,15161.0,38248,152589.0,186.4014,High
TikTok,viral_trends_dataset,2023-09-11,,0.0,0,Video,#Challenge,344828,24529.0,57963,2402078.0,17.7896,Low
Twitter,viral_trends_dataset,2023-01-29,,6.0,1,Video,#Challenge,106639,14068.0,69965,1755140.0,10.8636,Low
YouTube,viral_trends_dataset,2023-08-25,,4.0,0,Video,#Fitness,220022,40328.0,33447,3937165.0,7.4621,Low
Instagram,viral_trends_dataset,2022-02-02,,2.0,0,Image,#Tech,30609,38645.0,72269,4739340.0,2.9861,High
TikTok,viral_trends_dataset,2022-04-07,,3.0,0,Video,#Dance,342163,42891.0,18158,3831295.0,10.5242,Low
Twitter,viral_trends_dataset,2023-02-16,,3.0,0,Image,#Fashion,177243,38308.0,14128,4395518.0,5.2253,Medium
Twitter,viral_trends_dataset,2023-02-02,,3.0,0,Text,#Viral,101739,33003.0,6371,3231089.0,4.3674,High
YouTube,viral_trends_dataset,2022-10-07,,4.0,0,Video,#Fitness,32741,13921.0,36375,2324440.0,3.5723,High
YouTube,viral_trends_dataset,2023-05-25,,3.0,0,Video,#Fitness,364571,39461.0,27324,3220901.0,13.3924,Low
Instagram,viral_trends_dataset,2022-02-19,,5.0,1,Video,#Challenge,302752,21197.0,72799,358197.0,110.7625,Medium
YouTube,viral_trends_dataset,2022-01-10,,0.0,0,Live,#Fitness,123664,7855.0,69711,2580641.0,7.7977,Low
TikTok,viral_trends_dataset,2023-10-19,,3.0,0,Video,#Challenge,368908,23777.0,27522,2681634.0,15.6698,Medium
YouTube,viral_trends_dataset,2023-05-27,,5.0,1,Video,#Viral,157239,29886.0,57620,1214414.0,20.1533,High
Twitter,viral_trends_dataset,2023-05-11,,3.0,0,Live,#Fitness,123030,5739.0,65568,2095372.0,9.2746,Medium
Twitter,viral_trends_dataset,2022-10-02,,6.0,1,Video,#Fashion,300011,5584.0,84049,1459934.0,26.6892,Medium
YouTube,viral_trends_dataset,2023-06-05,,0.0,0,Video,#Challenge,46829,45969.0,55447,4116315.0,3.6014,Medium
TikTok,viral_trends_dataset,2022-08-11,,3.0,0,Image,#Gaming,433928,18371.0,54838,296788.0,170.8752,Low
YouTube,viral_trends_dataset,2023-06-27,,1.0,0,Video,#Fitness,474590,49986.0,4148,16896.0,3129.285,Low
Instagram,viral_trends_dataset,2023-06-17,,5.0,1,Video,#Education,315644,4007.0,87191,155519.0,261.6028,Low
Instagram,viral_trends_dataset,2023-01-26,,3.0,0,Video,#Music,82529,35321.0,16899,434344.0,31.0236,High
Twitter,viral_trends_dataset,2022-10-11,,1.0,0,Video,#Tech,172427,4198.0,47033,901026.0,24.8226,Medium
Twitter,viral_trends_dataset,2023-03-15,,2.0,0,Image,#Gaming,475472,34762.0,4277,2091073.0,24.6051,Medium
Twitter,viral_trends_dataset,2023-09-01,,4.0,0,Video,#Fashion,410109,2232.0,38169,1592524.0,28.2891,Low
Instagram,viral_trends_dataset,2022-01-04,,1.0,0,Image,#Dance,378583,33441.0,88750,1567332.0,31.9507,Low
TikTok,viral_trends_dataset,2023-02-13,,0.0,0,Video,#Dance,159734,18625.0,5218,583548.0,31.4588,Medium
YouTube,viral_trends_dataset,2023-04-03,,0.0,0,Video,#Dance,378797,45806.0,16666,3589977.0,12.2917,Low
TikTok,viral_trends_dataset,2022-04-22,,4.0,0,Live,#Fashion,145976,8679.0,95970,2142186.0,11.6995,Medium
Twitter,viral_trends_dataset,2023-07-05,,2.0,0,Live,#Tech,400205,12108.0,11490,3887527.0,10.9016,Medium
Instagram,viral_trends_dataset,2022-08-28,,6.0,1,Video,#Dance,458051,27213.0,29284,3265277.0,15.7582,High
Instagram,viral_trends_dataset,2023-06-16,,4.0,0,Video,#Fitness,184286,40022.0,40314,2468546.0,10.7198,Medium
TikTok,viral_trends_dataset,2023-04-08,,5.0,1,Text,#Fitness,384667,33853.0,92434,2069657.0,24.6879,Medium
YouTube,viral_trends_dataset,2022-03-29,,1.0,0,Text,#Challenge,96645,22760.0,89277,4289977.0,4.8644,Low
YouTube,viral_trends_dataset,2023-05-21,,6.0,1,Live,#Comedy,84850,22317.0,78663,274569.0,67.6806,Low
Instagram,viral_trends_dataset,2023-03-22,,2.0,0,Video,#Viral,343884,33459.0,23584,4530657.0,8.8492,Low
TikTok,viral_trends_dataset,2022-08-07,,6.0,1,Text,#Education,222216,15303.0,18478,784735.0,32.6221,High
TikTok,viral_trends_dataset,2023-08-13,,6.0,1,Video,#Gaming,122275,39348.0,69449,3640704.0,6.3469,Low
Twitter,viral_trends_dataset,2022-04-01,,4.0,0,Text,#Fashion,235903,45899.0,65461,4201548.0,8.2651,Low
Instagram,viral_trends_dataset,2022-09-08,,3.0,0,Video,#Viral,365369,45815.0,78273,2674421.0,18.3014,High
Twitter,viral_trends_dataset,2023-06-04,,6.0,1,Image,#Fitness,49038,44081.0,74344,2944740.0,5.6869,High
YouTube,viral_trends_dataset,2022-10-07,,4.0,0,Live,#Fitness,466880,31415.0,27498,1417380.0,37.0961,High
Twitter,viral_trends_dataset,2023-02-14,,1.0,0,Text,#Challenge,412155,23614.0,15138,3439140.0,13.111,Low
TikTok,viral_trends_dataset,2023-02-26,,6.0,1,Live,#Gaming,79020,20155.0,91806,1673508.0,11.412,High
Twitter,viral_trends_dataset,2023-02-24,,4.0,0,Video,#Gaming,469326,39659.0,72822,1053561.0,55.2229,Low
Twitter,viral_trends_dataset,2023-01-22,,6.0,1,Video,#Comedy,448529,24483.0,13583,2030811.0,23.9606,Medium
Twitter,viral_trends_dataset,2023-01-06,,4.0,0,Text,#Fashion,188460,44118.0,2003,4210620.0,5.5712,Medium
TikTok,viral_trends_dataset,2023-03-23,,3.0,0,Image,#Education,142284,26545.0,86663,2449143.0,10.4319,High
YouTube,viral_trends_dataset,2023-12-28,,3.0,0,Live,#Fashion,127327,33491.0,89084,1530621.0,16.3268,Low
Instagram,viral_trends_dataset,2023-10-22,,6.0,1,Text,#Challenge,366691,35753.0,47997,4848430.0,9.2905,Low
YouTube,viral_trends_dataset,2023-10-04,,2.0,0,Video,#Challenge,2761,28154.0,98789,4303440.0,3.014,High
YouTube,viral_trends_dataset,2022-02-17,,3.0,0,Text,#Gaming,480156,4080.0,75315,1334444.0,41.9314,High
Twitter,viral_trends_dataset,2022-06-23,,3.0,0,Image,#Challenge,393831,38941.0,51315,4476612.0,10.8137,Medium
Twitter,viral_trends_dataset,2022-02-28,,0.0,0,Live,#Music,468536,28742.0,73583,175519.0,325.2417,High
TikTok,viral_trends_dataset,2023-08-09,,2.0,0,Video,#Tech,299542,23831.0,6451,2101312.0,15.6961,Low
Instagram,viral_trends_dataset,2023-07-19,,2.0,0,Video,#Music,218590,34315.0,72764,203200.0,160.2702,Low
TikTok,viral_trends_dataset,2022-01-24,,0.0,0,Live,#Challenge,19437,30275.0,81661,3105849.0,4.2299,Low
Twitter,viral_trends_dataset,2023-09-09,,5.0,1,Text,#Viral,436819,21976.0,60378,1633210.0,31.7885,High
TikTok,viral_trends_dataset,2023-02-09,,3.0,0,Video,#Challenge,228933,21473.0,57754,2035775.0,15.1372,High
TikTok,viral_trends_dataset,2023-04-21,,4.0,0,Image,#Fitness,292122,46352.0,20092,3600594.0,9.9585,Low
YouTube,viral_trends_dataset,2022-01-31,,0.0,0,Image,#Education,120632,2148.0,61893,885219.0,20.8618,Medium
Instagram,viral_trends_dataset,2022-11-23,,2.0,0,Text,#Challenge,50849,20221.0,1646,3171786.0,2.2926,Medium
TikTok,viral_trends_dataset,2022-10-14,,4.0,0,Video,#Challenge,307848,4856.0,55932,3810326.0,9.6747,High
Instagram,viral_trends_dataset,2022-11-24,,3.0,0,Video,#Dance,39137,43482.0,23566,103897.0,102.2022,High
Instagram,viral_trends_dataset,2023-06-03,,5.0,1,Video,#Comedy,196017,28958.0,71829,267595.0,110.9154,Medium
Twitter,viral_trends_dataset,2022-11-10,,3.0,0,Video,#Viral,253727,7344.0,18939,859794.0,32.5671,Medium
Instagram,viral_trends_dataset,2023-08-12,,5.0,1,Text,#Music,63781,41902.0,81612,1032172.0,18.1457,High
TikTok,viral_trends_dataset,2023-08-27,,6.0,1,Video,#Challenge,433397,4641.0,76452,4207986.0,12.2265,High
Twitter,viral_trends_dataset,2023-01-13,,4.0,0,Image,#Dance,88247,34984.0,44482,4256325.0,3.9403,Low
TikTok,viral_trends_dataset,2023-10-24,,1.0,0,Video,#Viral,334892,5078.0,26921,416662.0,88.0548,High
Twitter,viral_trends_dataset,2022-04-18,,0.0,0,Text,#Music,106702,48353.0,82635,3438856.0,6.9119,Medium
Twitter,viral_trends_dataset,2023-08-03,,3.0,0,Video,#Comedy,352250,40986.0,73303,270796.0,172.2843,Medium
TikTok,viral_trends_dataset,2022-04-28,,3.0,0,Video,#Music,59089,31044.0,63545,168375.0,91.2713,High
TikTok,viral_trends_dataset,2022-05-21,,5.0,1,Text,#Comedy,324998,20805.0,11214,2605588.0,13.702,Low
YouTube,viral_trends_dataset,2022-08-05,,4.0,0,Video,#Gaming,366180,46591.0,76467,1234193.0,39.6403,Low
YouTube,viral_trends_dataset,2023-07-03,,0.0,0,Image,#Education,235328,14304.0,25763,1921686.0,14.3309,Low
YouTube,viral_trends_dataset,2022-03-12,,5.0,1,Video,#Fashion,248507,30406.0,41515,133339.0,240.3108,Medium
TikTok,viral_trends_dataset,2022-01-02,,6.0,1,Live,#Comedy,181535,3161.0,68072,2027807.0,12.4651,Medium
Twitter,viral_trends_dataset,2023-12-21,,3.0,0,Text,#Dance,107786,49507.0,69766,2169060.0,10.4681,Medium
TikTok,viral_trends_dataset,2023-12-20,,2.0,0,Live,#Tech,135885,32733.0,21914,3544861.0,5.3749,Medium
Twitter,viral_trends_dataset,2023-11-23,,3.0,0,Image,#Viral,53294,48281.0,74926,1705105.0,10.3513,High
YouTube,viral_trends_dataset,2022-10-09,,6.0,1,Video,#Comedy,255730,29577.0,21342,2588183.0,11.848,Medium
Twitter,viral_trends_dataset,2023-07-09,,6.0,1,Text,#Comedy,91583,28268.0,92501,2235474.0,9.4992,Low
TikTok,viral_trends_dataset,2023-10-29,,6.0,1,Video,#Challenge,1184,12101.0,78674,3524223.0,2.6093,High
YouTube,viral_trends_dataset,2023-07-17,,0.0,0,Live,#Viral,98719,25909.0,38141,1893669.0,8.5954,High
YouTube,viral_trends_dataset,2022-11-25,,4.0,0,Video,#Fashion,436238,42992.0,69677,984735.0,55.7416,Low
YouTube,viral_trends_dataset,2023-07-25,,1.0,0,Live,#Fashion,179214,37675.0,62593,3801329.0,7.3522,Low
TikTok,viral_trends_dataset,2023-09-06,,2.0,0,Text,#Tech,62765,39189.0,47325,4112956.0,3.6295,Medium
Instagram,viral_trends_dataset,2023-03-24,,4.0,0,Video,#Fashion,247707,21078.0,91134,4244091.0,8.4805,Low
YouTube,viral_trends_dataset,2023-03-04,,5.0,1,Video,#Dance,129380,4134.0,23945,795243.0,19.8001,Medium
Instagram,viral_trends_dataset,2022-06-05,,6.0,1,Video,#Dance,304751,4825.0,19252,670647.0,49.0315,Medium
TikTok,viral_trends_dataset,2023-02-17,,4.0,0,Video,#Viral,340778,45627.0,70404,1333724.0,34.2506,Low
Instagram,viral_trends_dataset,2023-10-11,,2.0,0,Text,#Tech,228168,32280.0,9128,3681863.0,7.3217,Medium
Instagram,viral_trends_dataset,2023-02-12,,6.0,1,Live,#Tech,479028,13063.0,75159,4466621.0,12.6998,Low
YouTube,viral_trends_dataset,2022-12-10,,5.0,1,Text,#Gaming,475876,40435.0,28764,4294256.0,12.6931,Low
Twitter,viral_trends_dataset,2022-12-30,,4.0,0,Video,#Tech,489199,44585.0,86017,2668217.0,23.229,Medium
Twitter,viral_trends_dataset,2022-03-31,,3.0,0,Text,#Fashion,409136,13101.0,81870,752874.0,66.9577,High
Instagram,viral_trends_dataset,2022-09-30,,4.0,0,Text,#Fitness,445889,44121.0,80260,2168159.0,26.302,High
Instagram,viral_trends_dataset,2022-02-02,,2.0,0,Image,#Comedy,145318,9349.0,39080,4930465.0,3.9296,High
Twitter,viral_trends_dataset,2023-08-02,,2.0,0,Video,#Dance,19243,8519.0,56002,4914010.0,1.7046,Medium
Twitter,viral_trends_dataset,2022-12-22,,3.0,0,Video,#Gaming,150064,17775.0,84725,584615.0,43.2018,Medium
YouTube,viral_trends_dataset,2022-12-27,,1.0,0,Video,#Challenge,236928,5265.0,12775,1142278.0,22.321,High
YouTube,viral_trends_dataset,2023-08-26,,5.0,1,Video,#Education,372363,3722.0,3897,730387.0,52.0247,Medium
YouTube,viral_trends_dataset,2022-02-17,,3.0,0,Live,#Comedy,456466,32976.0,20085,2023853.0,25.1761,High
TikTok,viral_trends_dataset,2022-08-12,,4.0,0,Text,#Music,370066,29476.0,79854,2816495.0,17.021,High
TikTok,viral_trends_dataset,2023-02-10,,4.0,0,Video,#Challenge,404333,46511.0,74597,2586745.0,20.3128,Medium
TikTok,viral_trends_dataset,2022-06-24,,4.0,0,Live,#Fashion,445321,13751.0,50056,57063.0,892.2209,Medium
YouTube,viral_trends_dataset,2022-11-28,,0.0,0,Video,#Dance,62251,36771.0,65353,3634921.0,4.5221,High
TikTok,viral_trends_dataset,2023-03-02,,3.0,0,Video,#Viral,294804,27277.0,89443,4192386.0,9.816,High
YouTube,viral_trends_dataset,2023-02-15,,2.0,0,Video,#Tech,86388,49207.0,36191,3691681.0,4.6533,Medium
TikTok,viral_trends_dataset,2022-08-20,,5.0,1,Video,#Tech,346397,5374.0,58957,4837671.0,8.4902,Low
TikTok,viral_trends_dataset,2023-09-04,,0.0,0,Video,#Tech,352345,451.0,74249,2241707.0,19.05,Medium
TikTok,viral_trends_dataset,2023-01-17,,1.0,0,Video,#Education,328451,31540.0,85600,2425554.0,18.3707,Medium
YouTube,viral_trends_dataset,2023-02-03,,4.0,0,Video,#Gaming,235736,19014.0,85103,4400609.0,7.7229,High
YouTube,viral_trends_dataset,2023-04-14,,4.0,0,Live,#Fashion,265736,48789.0,60002,4335484.0,8.6386,Medium
TikTok,viral_trends_dataset,2022-02-07,,0.0,0,Video,#Gaming,157003,40513.0,60341,2103742.0,12.2571,High
Twitter,viral_trends_dataset,2023-11-06,,0.0,0,Video,#Tech,467832,8066.0,41087,576763.0,89.6356,Medium
YouTube,viral_trends_dataset,2022-04-05,,1.0,0,Video,#Tech,58018,18311.0,37436,1143848.0,9.9458,Low
Instagram,viral_trends_dataset,2022-09-09,,4.0,0,Video,#Gaming,411938,24469.0,75228,4356392.0,11.7445,Low
YouTube,viral_trends_dataset,2022-05-27,,4.0,0,Text,#Tech,366573,36177.0,35185,405063.0,108.1153,Medium
YouTube,viral_trends_dataset,2023-12-03,,6.0,1,Live,#Fashion,406358,10858.0,86675,939082.0,53.6578,Low
YouTube,viral_trends_dataset,2023-01-18,,2.0,0,Video,#Fashion,414686,17662.0,62802,1911934.0,25.8979,Low
YouTube,viral_trends_dataset,2023-03-01,,2.0,0,Live,#Tech,56901,7802.0,20001,1708144.0,4.9588,Medium
TikTok,viral_trends_dataset,2023-01-04,,2.0,0,Live,#Dance,442721,33554.0,55560,4730930.0,11.2417,High
Instagram,viral_trends_dataset,2022-05-21,,5.0,1,Text,#Gaming,184502,13578.0,87669,2361266.0,12.1015,Medium
YouTube,viral_trends_dataset,2023-02-21,,1.0,0,Text,#Gaming,438956,31899.0,91840,3159075.0,17.812,Low
Instagram,viral_trends_dataset,2022-05-10,,1.0,0,Text,#Dance,51600,34949.0,83324,3526448.0,4.8171,High
TikTok,viral_trends_dataset,2022-10-12,,2.0,0,Video,#Comedy,61991,47417.0,31039,449285.0,31.2601,Low
Instagram,viral_trends_dataset,2023-08-09,,2.0,0,Live,#Fashion,381398,25141.0,70031,3003531.0,15.867,Low
TikTok,viral_trends_dataset,2022-11-19,,5.0,1,Live,#Gaming,316201,13106.0,78508,4589879.0,8.8851,Low
Twitter,viral_trends_dataset,2022-11-23,,2.0,0,Image,#Fashion,487912,45365.0,29642,556209.0,101.2064,Medium
YouTube,viral_trends_dataset,2022-06-16,,3.0,0,Video,#Comedy,191272,19636.0,53935,3050658.0,8.6815,High
Twitter,viral_trends_dataset,2022-12-14,,2.0,0,Text,#Challenge,351338,32094.0,89790,468718.0,100.9609,High
TikTok,viral_trends_dataset,2022-06-26,,6.0,1,Live,#Music,294506,48320.0,13536,1024956.0,34.7685,High
Twitter,viral_trends_dataset,2022-04-19,,1.0,0,Video,#Challenge,220734,14972.0,21453,2127962.0,12.0848,Medium
Twitter,viral_trends_dataset,2022-03-13,,6.0,1,Video,#Fashion,291395,7707.0,99817,4856986.0,8.2133,High
Twitter,viral_trends_dataset,2022-06-13,,0.0,0,Image,#Comedy,324242,19688.0,11914,1318537.0,26.9878,Low
Twitter,viral_trends_dataset,2022-06-01,,2.0,0,Video,#Viral,65259,33608.0,90445,2020909.0,9.3677,Medium
TikTok,viral_trends_dataset,2023-03-02,,3.0,0,Video,#Music,305684,22404.0,90185,781134.0,53.5469,High
Instagram,viral_trends_dataset,2022-06-29,,2.0,0,Live,#Dance,91877,48890.0,14035,2349428.0,6.5889,High
Instagram,viral_trends_dataset,2022-05-21,,5.0,1,Image,#Music,247723,24761.0,73354,3495833.0,9.8929,High
Twitter,viral_trends_dataset,2023-07-15,,5.0,1,Live,#Comedy,104586,36911.0,83802,754145.0,29.8748,High
TikTok,viral_trends_dataset,2023-11-03,,4.0,0,Video,#Fashion,316805,12197.0,99649,2286322.0,18.7485,High
YouTube,viral_trends_dataset,2023-08-10,,3.0,0,Video,#Viral,358459,24085.0,4933,2307501.0,16.7921,Medium
YouTube,viral_trends_dataset,2023-04-12,,2.0,0,Text,#Fitness,462784,18903.0,10533,3047358.0,16.1524,Low
YouTube,viral_trends_dataset,2023-10-27,,4.0,0,Video,#Fitness,35776,10371.0,49912,3309387.0,2.9026,Medium
TikTok,viral_trends_dataset,2023-11-15,,2.0,0,Text,#Music,306823,18459.0,3693,187729.0,175.2393,High
Twitter,viral_trends_dataset,2023-11-14,,1.0,0,Video,#Fashion,425490,1043.0,24075,3058341.0,14.7337,Low
TikTok,viral_trends_dataset,2022-09-13,,1.0,0,Video,#Tech,238367,7164.0,5924,4047723.0,6.2123,Medium
Twitter,viral_trends_dataset,2023-11-15,,2.0,0,Video,#Fitness,36775,12596.0,22461,1543219.0,4.6547,Low
Twitter,viral_trends_dataset,2023-05-11,,3.0,0,Image,#Comedy,125046,35129.0,33950,1912145.0,10.1522,Medium
TikTok,viral_trends_dataset,2022-11-06,,6.0,1,Video,#Challenge,23114,18942.0,23917,2497149.0,2.6419,Low
Instagram,viral_trends_dataset,2022-11-20,,6.0,1,Video,#Education,200694,17571.0,61870,220575.0,127.0022,Medium
TikTok,viral_trends_dataset,2022-03-17,,3.0,0,Video,#Gaming,83584,45668.0,5032,1373925.0,9.7738,Medium
Instagram,viral_trends_dataset,2022-03-04,,4.0,0,Video,#Gaming,228853,31885.0,73672,3287015.0,10.1737,Medium
TikTok,viral_trends_dataset,2023-06-27,,1.0,0,Text,#Fitness,20757,42698.0,52198,3257070.0,3.5508,Medium
YouTube,viral_trends_dataset,2023-07-23,,6.0,1,Video,#Comedy,454178,31522.0,29349,2240771.0,22.9853,Low
YouTube,viral_trends_dataset,2022-05-03,,1.0,0,Image,#Comedy,349304,7574.0,23955,1111363.0,34.2672,High
Instagram,viral_trends_dataset,2022-06-22,,2.0,0,Video,#Gaming,80323,43372.0,48505,1976709.0,8.7114,Medium
Twitter,viral_trends_dataset,2023-05-11,,3.0,0,Video,#Fashion,499236,28438.0,96550,3802774.0,16.415,Medium
Instagram,viral_trends_dataset,2023-12-08,,4.0,0,Live,#Challenge,65941,48418.0,46483,2827457.0,5.6886,Medium
Twitter,viral_trends_dataset,2022-03-19,,5.0,1,Video,#Viral,161930,18917.0,17928,1452698.0,13.6832,Medium
Twitter,viral_trends_dataset,2022-08-31,,2.0,0,Video,#Gaming,399428,3334.0,8466,1415487.0,29.0521,High
TikTok,viral_trends_dataset,2023-08-09,,2.0,0,Video,#Challenge,423061,33365.0,89011,1633680.0,33.387,High
Instagram,viral_trends_dataset,2022-04-16,,5.0,1,Video,#Viral,40363,32469.0,16844,493921.0,18.1559,Low
YouTube,viral_trends_dataset,2023-11-26,,6.0,1,Text,#Music,360247,33262.0,26754,2517670.0,16.6925,Low
Twitter,viral_trends_dataset,2023-12-08,,4.0,0,Text,#Fitness,19099,12487.0,6791,2701054.0,1.4208,Medium
TikTok,viral_trends_dataset,2022-09-02,,4.0,0,Text,#Comedy,123321,35085.0,33394,566432.0,33.8611,High
Twitter,viral_trends_dataset,2023-02-15,,2.0,0,Image,#Dance,19388,13668.0,12617,4087476.0,1.1174,High
Instagram,viral_trends_dataset,2022-07-09,,5.0,1,Live,#Music,197192,3886.0,63338,1703104.0,15.5255,High
TikTok,viral_trends_dataset,2022-02-17,,3.0,0,Video,#Comedy,460406,9386.0,36718,4794357.0,10.5647,Medium
Twitter,viral_trends_dataset,2023-06-25,,6.0,1,Image,#Comedy,228695,4448.0,61603,3758458.0,7.8422,Low
Twitter,viral_trends_dataset,2023-08-23,,2.0,0,Live,#Challenge,434353,47416.0,94792,1557528.0,37.0177,High
YouTube,viral_trends_dataset,2023-09-07,,3.0,0,Video,#Challenge,129075,24127.0,42946,2962657.0,6.6207,Medium
Instagram,viral_trends_dataset,2023-06-06,,1.0,0,Text,#Fashion,389024,16411.0,91886,4992601.0,9.9612,High
YouTube,viral_trends_dataset,2022-01-26,,2.0,0,Video,#Music,293146,36233.0,32428,1703137.0,21.2436,High
Twitter,viral_trends_dataset,2022-09-01,,3.0,0,Video,#Comedy,315273,16533.0,93109,3749586.0,11.3323,Low
Twitter,viral_trends_dataset,2023-05-27,,5.0,1,Video,#Music,347635,4171.0,85096,1350342.0,32.3549,Medium
TikTok,viral_trends_dataset,2023-07-10,,0.0,0,Video,#Fashion,420305,23940.0,58653,3771445.0,13.3344,Low
Instagram,viral_trends_dataset,2023-02-02,,3.0,0,Text,#Tech,411569,40638.0,12811,1814986.0,25.621,Medium
YouTube,viral_trends_dataset,2022-03-07,,0.0,0,Video,#Fitness,28836,9577.0,90228,2694912.0,4.7735,Low
TikTok,viral_trends_dataset,2023-03-19,,6.0,1,Live,#Fashion,103328,45312.0,93696,4368330.0,5.5476,High
Instagram,viral_trends_dataset,2022-07-28,,3.0,0,Live,#Music,31125,27244.0,57224,213212.0,54.2151,High
TikTok,viral_trends_dataset,2023-03-22,,2.0,0,Video,#Dance,138204,42115.0,72909,2875732.0,8.8057,Medium
Twitter,viral_trends_dataset,2022-06-10,,4.0,0,Text,#Fashion,167555,806.0,58449,4413422.0,5.1391,Low
TikTok,viral_trends_dataset,2022-06-04,,5.0,1,Video,#Comedy,76313,4252.0,37855,4657315.0,2.5427,Medium
TikTok,viral_trends_dataset,2022-05-24,,1.0,0,Text,#Fashion,50282,12725.0,14469,1677563.0,4.6184,High
TikTok,viral_trends_dataset,2023-12-15,,4.0,0,Image,#Dance,316535,19848.0,22109,3295972.0,10.8767,Medium
YouTube,viral_trends_dataset,2022-03-22,,1.0,0,Image,#Fitness,499874,19082.0,92567,1917861.0,31.8857,Low
YouTube,viral_trends_dataset,2022-07-01,,4.0,0,Video,#Gaming,231984,43282.0,87290,842705.0,43.0229,Low
YouTube,viral_trends_dataset,2022-12-13,,1.0,0,Video,#Viral,216342,7638.0,10156,1197159.0,19.5576,Medium
Twitter,viral_trends_dataset,2022-11-29,,1.0,0,Live,#Comedy,35821,33823.0,87391,3357438.0,4.6772,Low
TikTok,viral_trends_dataset,2022-09-03,,5.0,1,Text,#Gaming,5928,38086.0,68590,2248921.0,5.007,High
YouTube,viral_trends_dataset,2022-10-08,,5.0,1,Text,#Viral,204341,14775.0,36007,636012.0,40.1129,Medium
YouTube,viral_trends_dataset,2023-06-25,,6.0,1,Live,#Gaming,148546,30266.0,85714,580413.0,45.5755,Medium
Twitter,viral_trends_dataset,2022-11-29,,1.0,0,Image,#Gaming,202449,49206.0,22506,1619478.0,16.929,Low
YouTube,viral_trends_dataset,2023-05-15,,0.0,0,Image,#Challenge,225746,12638.0,26005,2727339.0,9.694,High
Instagram,viral_trends_dataset,2022-10-15,,5.0,1,Image,#Tech,113448,48391.0,30625,4168696.0,4.6169,Medium
YouTube,viral_trends_dataset,2022-02-21,,0.0,0,Image,#Challenge,282426,35199.0,29708,4780227.0,7.266,Low
YouTube,viral_trends_dataset,2022-06-23,,3.0,0,Image,#Fitness,426935,26186.0,38868,4112679.0,11.9627,Medium
Twitter,viral_trends_dataset,2022-03-06,,6.0,1,Text,#Dance,12810,28499.0,84684,4758478.0,2.6478,High
Instagram,viral_trends_dataset,2022-04-16,,5.0,1,Image,#Tech,167857,3273.0,18673,2942675.0,6.45,Medium
TikTok,viral_trends_dataset,2022-11-26,,5.0,1,Image,#Fashion,127357,3803.0,29753,3955213.0,4.0684,Medium
TikTok,viral_trends_dataset,2022-12-25,,6.0,1,Video,#Comedy,471073,20104.0,9766,74888.0,668.9229,Low
YouTube,viral_trends_dataset,2022-01-10,,0.0,0,Video,#Tech,160489,49820.0,27495,4261296.0,5.5806,Low
YouTube,viral_trends_dataset,2023-03-15,,2.0,0,Live,#Challenge,155014,18966.0,78757,85136.0,296.8627,Low
Instagram,viral_trends_dataset,2022-11-13,,6.0,1,Live,#Music,415577,43037.0,39290,401582.0,123.9856,High
Twitter,viral_trends_dataset,2023-09-15,,4.0,0,Live,#Fashion,414382,7294.0,71397,2355918.0,20.9291,Low
Instagram,viral_trends_dataset,2023-08-17,,3.0,0,Video,#Gaming,417726,579.0,86984,3508758.0,14.4008,Low
Twitter,viral_trends_dataset,2023-10-16,,0.0,0,Video,#Viral,54468,6169.0,92889,4974277.0,3.0864,Low
YouTube,viral_trends_dataset,2023-03-10,,4.0,0,Live,#Fashion,356909,47157.0,54789,1032747.0,44.4305,Medium
Instagram,viral_trends_dataset,2023-10-16,,0.0,0,Image,#Comedy,68140,10354.0,14386,1827742.0,5.0817,Medium
Twitter,viral_trends_dataset,2022-06-21,,1.0,0,Image,#Tech,185270,44739.0,4346,4002361.0,5.8554,High
Instagram,viral_trends_dataset,2022-03-10,,3.0,0,Image,#Fitness,47532,4004.0,2967,3892548.0,1.4002,Low
Twitter,viral_trends_dataset,2023-05-14,,6.0,1,Text,#Fashion,3087,8879.0,33539,815181.0,5.5822,High
Instagram,viral_trends_dataset,2023-11-27,,0.0,0,Video,#Comedy,263558,220.0,38409,4428223.0,6.8241,Medium
TikTok,viral_trends_dataset,2022-10-13,,3.0,0,Video,#Challenge,152081,11191.0,83684,3499233.0,7.0574,High
TikTok,viral_trends_dataset,2023-11-09,,3.0,0,Video,#Fitness,343350,42492.0,55422,276967.0,159.3201,Medium
TikTok,viral_trends_dataset,2023-06-04,,6.0,1,Live,#Comedy,40772,39800.0,70937,556068.0,27.2465,High
TikTok,viral_trends_dataset,2023-12-29,,4.0,0,Live,#Tech,209387,14453.0,89681,3658692.0,8.5692,Medium
TikTok,viral_trends_dataset,2023-12-10,,6.0,1,Text,#Dance,334810,17934.0,58512,4694065.0,8.7612,Low
Twitter,viral_trends_dataset,2023-04-24,,0.0,0,Video,#Challenge,498332,26302.0,88370,674124.0,90.9334,Medium
Twitter,viral_trends_dataset,2023-12-05,,1.0,0,Video,#Fashion,311164,42138.0,92571,967084.0,46.1049,Low
TikTok,viral_trends_dataset,2023-10-18,,2.0,0,Image,#Tech,176543,47992.0,86904,3461594.0,8.997,Medium
Twitter,viral_trends_dataset,2022-08-14,,6.0,1,Image,#Tech,492439,25718.0,22816,691868.0,78.1902,Low
YouTube,viral_trends_dataset,2023-04-11,,1.0,0,Text,#Tech,256374,17955.0,7548,1628325.0,17.3109,High
TikTok,viral_trends_dataset,2022-10-10,,0.0,0,Image,#Fitness,232088,21517.0,3584,2000181.0,12.8583,Medium
Instagram,viral_trends_dataset,2023-08-15,,1.0,0,Video,#Dance,142436,11779.0,54890,1277252.0,16.3715,Low
YouTube,viral_trends_dataset,2023-04-10,,0.0,0,Video,#Viral,357561,22476.0,63705,4920706.0,9.0179,Medium
YouTube,viral_trends_dataset,2023-09-16,,5.0,1,Image,#Challenge,117284,15105.0,813,2496480.0,5.3356,Low
TikTok,viral_trends_dataset,2022-01-14,,4.0,0,Text,#Gaming,136675,39695.0,31661,2020483.0,10.2961,Low
YouTube,viral_trends_dataset,2022-01-26,,2.0,0,Text,#Music,224437,13971.0,6189,2034792.0,12.0207,Medium
Twitter,viral_trends_dataset,2022-01-14,,4.0,0,Text,#Music,429470,12766.0,19732,3596679.0,12.8443,High
TikTok,viral_trends_dataset,2023-07-19,,2.0,0,Video,#Tech,385952,23267.0,59599,1402768.0,33.4209,Low
TikTok,viral_trends_dataset,2022-02-07,,0.0,0,Text,#Fashion,153446,28727.0,97898,33485.0,836.4073,Medium
YouTube,viral_trends_dataset,2022-08-25,,3.0,0,Video,#Fashion,374569,28305.0,56320,237107.0,193.6653,Medium
YouTube,viral_trends_dataset,2023-10-05,,3.0,0,Video,#Fitness,396572,13218.0,2041,3047626.0,13.5132,Medium
YouTube,viral_trends_dataset,2023-02-26,,6.0,1,Video,#Music,375717,35351.0,6416,3833797.0,10.8896,Low
TikTok,viral_trends_dataset,2023-01-09,,0.0,0,Image,#Fashion,169667,28176.0,87354,2674946.0,10.6618,High
Instagram,viral_trends_dataset,2023-10-28,,5.0,1,Video,#Education,170174,10092.0,38826,338623.0,64.7009,Low
Instagram,viral_trends_dataset,2022-05-04,,2.0,0,Live,#Education,291846,8381.0,30805,2262056.0,14.6341,Low
YouTube,viral_trends_dataset,2022-12-11,,6.0,1,Video,#Gaming,144971,34541.0,1008,1186234.0,15.2179,Medium
Instagram,viral_trends_dataset,2022-06-02,,3.0,0,Video,#Dance,463165,31828.0,31309,329482.0,159.7362,High
Twitter,viral_trends_dataset,2022-02-02,,2.0,0,Live,#Fashion,51824,33785.0,6624,3154154.0,2.9242,Medium
Twitter,viral_trends_dataset,2022-02-25,,4.0,0,Image,#Education,392899,237.0,9476,4996111.0,8.0585,Medium
Instagram,viral_trends_dataset,2022-09-11,,6.0,1,Video,#Fitness,310183,41590.0,78161,1701876.0,25.2624,Medium
Instagram,viral_trends_dataset,2023-11-24,,4.0,0,Video,#Fitness,488840,41354.0,88711,142287.0,434.9695,Medium
TikTok,viral_trends_dataset,2022-09-09,,4.0,0,Text,#Music,194018,38584.0,31840,570572.0,46.3468,High
YouTube,viral_trends_dataset,2022-09-07,,2.0,0,Video,#Dance,339895,43901.0,79041,3823016.0,12.1066,Medium
YouTube,viral_trends_dataset,2023-02-20,,0.0,0,Video,#Music,463413,22516.0,32735,4567760.0,11.3549,High
YouTube,viral_trends_dataset,2022-10-08,,5.0,1,Live,#Dance,147375,11219.0,99235,1080580.0,23.8602,Medium
TikTok,viral_trends_dataset,2022-05-11,,2.0,0,Video,#Education,156740,8881.0,34892,4341647.0,4.6184,Low
Instagram,viral_trends_dataset,2022-11-02,,2.0,0,Text,#Education,17011,20745.0,75940,1680761.0,6.7646,Medium
Instagram,viral_trends_dataset,2022-03-01,,1.0,0,Image,#Education,49515,19525.0,94487,3759036.0,4.3502,Medium
Instagram,viral_trends_dataset,2022-10-15,,5.0,1,Text,#Comedy,196104,15936.0,40750,4990567.0,5.0654,Low
Twitter,viral_trends_dataset,2022-12-21,,2.0,0,Video,#Comedy,348866,34139.0,80120,3878035.0,11.9423,Low
YouTube,viral_trends_dataset,2023-02-04,,5.0,1,Live,#Challenge,236695,47938.0,22847,2655487.0,11.579,Medium
YouTube,viral_trends_dataset,2023-03-06,,0.0,0,Text,#Dance,187743,10070.0,97119,4658092.0,6.3316,High
Twitter,viral_trends_dataset,2023-05-03,,2.0,0,Video,#Fitness,479352,22495.0,39884,559570.0,96.812,Medium
TikTok,viral_trends_dataset,2023-06-16,,4.0,0,Video,#Fashion,191250,34693.0,49211,36380.0,756.3332,Medium
TikTok,viral_trends_dataset,2022-04-14,,3.0,0,Video,#Viral,72881,31645.0,13919,3514325.0,3.3703,High
TikTok,viral_trends_dataset,2022-12-15,,3.0,0,Video,#Gaming,441095,4039.0,11321,4254334.0,10.7292,High
YouTube,viral_trends_dataset,2022-02-12,,5.0,1,Image,#Challenge,333525,33160.0,46048,1700594.0,24.2699,High
YouTube,viral_trends_dataset,2022-07-13,,2.0,0,Video,#Music,306484,38141.0,74925,1019069.0,41.1699,Medium
YouTube,viral_trends_dataset,2023-01-09,,0.0,0,Video,#Challenge,273374,44327.0,75861,345799.0,113.8124,Low
Instagram,viral_trends_dataset,2023-10-15,,6.0,1,Text,#Comedy,165876,43357.0,33670,895082.0,27.1375,Low
TikTok,viral_trends_dataset,2023-12-03,,6.0,1,Live,#Education,278112,5499.0,72079,468457.0,75.928,High
YouTube,viral_trends_dataset,2023-04-10,,0.0,0,Live,#Tech,490971,16296.0,6444,4999077.0,10.2761,Medium
Twitter,viral_trends_dataset,2023-04-05,,2.0,0,Video,#Comedy,459475,26336.0,93656,4735015.0,12.2379,High
YouTube,viral_trends_dataset,2022-03-29,,1.0,0,Video,#Gaming,246185,45377.0,99069,3938926.0,9.9172,Low
TikTok,viral_trends_dataset,2022-09-09,,4.0,0,Live,#Music,127363,40404.0,83720,204921.0,122.7239,Low
Twitter,viral_trends_dataset,2022-08-30,,1.0,0,Image,#Education,366089,36494.0,73679,164682.0,289.201,Medium
Instagram,viral_trends_dataset,2022-12-04,,6.0,1,Video,#Challenge,409378,29071.0,89525,3223017.0,16.3814,High
Twitter,viral_trends_dataset,2022-05-06,,4.0,0,Video,#Viral,131508,10358.0,70124,185319.0,114.3919,High
Twitter,viral_trends_dataset,2023-12-17,,6.0,1,Image,#Tech,235226,49751.0,34520,69325.0,460.8684,Medium
TikTok,viral_trends_dataset,2023-01-30,,0.0,0,Video,#Viral,243650,20065.0,99520,1117579.0,32.502,Medium
Instagram,viral_trends_dataset,2023-03-01,,2.0,0,Video,#Fitness,133720,44322.0,86090,4144067.0,6.3737,Low
Twitter,viral_trends_dataset,2022-06-18,,5.0,1,Text,#Gaming,426920,34937.0,24990,4059731.0,11.9921,High
TikTok,viral_trends_dataset,2022-09-05,,0.0,0,Image,#Comedy,279129,25488.0,37417,95396.0,358.5412,Low
TikTok,viral_trends_dataset,2023-04-22,,5.0,1,Video,#Gaming,21765,25802.0,44898,3606397.0,2.5639,Medium
Instagram,viral_trends_dataset,2022-07-28,,3.0,0,Video,#Education,292005,5723.0,85139,3997068.0,9.5787,Medium
TikTok,viral_trends_dataset,2023-05-24,,2.0,0,Live,#Viral,428338,9583.0,96688,2815065.0,18.991,Medium
YouTube,viral_trends_dataset,2023-07-11,,1.0,0,Video,#Fitness,60319,2578.0,15982,929026.0,8.4905,High
TikTok,viral_trends_dataset,2023-09-18,,0.0,0,Video,#Viral,238324,30798.0,14383,717380.0,39.5195,Low
TikTok,viral_trends_dataset,2023-12-03,,6.0,1,Video,#Viral,160022,9324.0,73527,4243476.0,5.7234,High
Instagram,viral_trends_dataset,2022-06-26,,6.0,1,Video,#Fitness,205770,11030.0,47154,2287664.0,11.5381,Low
Twitter,viral_trends_dataset,2022-01-25,,1.0,0,Image,#Dance,160850,43812.0,77013,3459809.0,8.1413,High
TikTok,viral_trends_dataset,2023-04-02,,6.0,1,Image,#Fashion,387809,17176.0,76516,4536297.0,10.6144,Medium
TikTok,viral_trends_dataset,2022-10-12,,2.0,0,Text,#Tech,390933,23869.0,8960,852564.0,49.7044,Medium
YouTube,viral_trends_dataset,2022-05-28,,5.0,1,Image,#Dance,357249,20572.0,91745,4841341.0,9.6991,Low
TikTok,viral_trends_dataset,2022-04-17,,6.0,1,Image,#Music,324095,37029.0,73361,2905718.0,14.9528,Low
YouTube,viral_trends_dataset,2023-01-27,,4.0,0,Video,#Gaming,330602,32908.0,78450,2035800.0,21.7094,Medium
TikTok,viral_trends_dataset,2022-02-26,,5.0,1,Live,#Viral,192002,3390.0,40911,3102190.0,7.6173,Low
Twitter,viral_trends_dataset,2022-09-17,,5.0,1,Image,#Viral,268506,15742.0,44773,336179.0,97.8708,Medium
YouTube,viral_trends_dataset,2022-06-14,,1.0,0,Video,#Education,394721,4864.0,27620,1436013.0,29.7494,High
TikTok,viral_trends_dataset,2022-03-24,,3.0,0,Video,#Challenge,291379,19854.0,87937,2484617.0,16.0657,High
TikTok,viral_trends_dataset,2022-06-25,,5.0,1,Text,#Education,279506,25911.0,30204,3453424.0,9.7185,Low
Instagram,viral_trends_dataset,2023-12-04,,0.0,0,Video,#Fashion,480028,20523.0,66136,172200.0,329.0865,High
Twitter,viral_trends_dataset,2023-03-10,,4.0,0,Video,#Challenge,499065,16630.0,98572,1695407.0,36.2312,Low
TikTok,viral_trends_dataset,2023-08-29,,1.0,0,Video,#Education,22490,881.0,29109,2050045.0,2.5599,Medium
Instagram,viral_trends_dataset,2022-08-10,,2.0,0,Video,#Gaming,471991,11961.0,21120,4828592.0,10.46,High
YouTube,viral_trends_dataset,2023-03-06,,0.0,0,Live,#Tech,111529,36891.0,10973,1249895.0,12.7525,Medium
TikTok,viral_trends_dataset,2022-09-15,,3.0,0,Image,#Fashion,223486,39483.0,29403,2448575.0,11.9405,Medium
YouTube,viral_trends_dataset,2022-03-13,,6.0,1,Image,#Gaming,76378,45093.0,67586,493548.0,38.3057,High
Twitter,viral_trends_dataset,2022-11-13,,6.0,1,Live,#Education,66738,12303.0,40540,1435388.0,8.3309,Low
Instagram,viral_trends_dataset,2023-08-15,,1.0,0,Live,#Fashion,186429,19658.0,23604,4257118.0,5.3955,High
YouTube,viral_trends_dataset,2022-06-20,,0.0,0,Text,#Comedy,88660,22573.0,76249,3491749.0,5.3693,Medium
Instagram,viral_trends_dataset,2022-08-05,,4.0,0,Video,#Fashion,34636,15414.0,6143,123286.0,45.5794,Medium
Twitter,viral_trends_dataset,2023-06-26,,0.0,0,Video,#Comedy,348558,10733.0,73574,1704720.0,25.3921,High
Twitter,viral_trends_dataset,2022-09-24,,5.0,1,Video,#Gaming,40011,9368.0,54069,2543309.0,4.0675,Medium
Instagram,viral_trends_dataset,2023-04-27,,3.0,0,Live,#Dance,342534,24004.0,85291,2552873.0,17.6988,High
Twitter,viral_trends_dataset,2022-05-20,,4.0,0,Image,#Fashion,44802,32099.0,35448,811936.0,13.8372,High
YouTube,viral_trends_dataset,2022-12-16,,4.0,0,Video,#Comedy,384391,39945.0,60921,116734.0,415.6947,High
Twitter,viral_trends_dataset,2023-09-14,,3.0,0,Image,#Education,352415,48547.0,83445,1819191.0,26.6276,High
YouTube,viral_trends_dataset,2023-05-25,,3.0,0,Image,#Challenge,353646,39542.0,77267,8982.0,5237.7533,Medium
Twitter,viral_trends_dataset,2023-11-07,,1.0,0,Image,#Gaming,286139,10512.0,99445,4286813.0,9.2399,Low
Instagram,viral_trends_dataset,2023-03-23,,3.0,0,Video,#Music,274163,27860.0,78633,3073979.0,12.3832,Low
TikTok,viral_trends_dataset,2023-09-17,,6.0,1,Video,#Fitness,206288,33816.0,56382,2105915.0,14.0787,High
YouTube,viral_trends_dataset,2022-06-26,,6.0,1,Video,#Music,360176,39282.0,29475,4421670.0,9.7007,High
Instagram,viral_trends_dataset,2023-10-16,,0.0,0,Text,#Tech,64597,48732.0,3267,939952.0,12.4045,Low
Instagram,viral_trends_dataset,2023-02-09,,3.0,0,Video,#Gaming,209784,19831.0,41633,3697216.0,7.3365,Medium
Instagram,viral_trends_dataset,2022-02-01,,1.0,0,Live,#Challenge,423737,19571.0,51231,3339645.0,14.8081,Low
Twitter,viral_trends_dataset,2023-09-25,,0.0,0,Text,#Gaming,337969,38876.0,65215,764438.0,57.8281,Low
Instagram,viral_trends_dataset,2022-10-04,,1.0,0,Text,#Education,387296,17054.0,3602,921280.0,44.281,Low
TikTok,viral_trends_dataset,2022-08-18,,3.0,0,Video,#Tech,115248,36323.0,20570,2250089.0,7.6504,Medium
Twitter,viral_trends_dataset,2022-10-14,,4.0,0,Text,#Viral,443040,26742.0,73168,2705979.0,20.0648,High
TikTok,viral_trends_dataset,2022-01-17,,0.0,0,Video,#Comedy,347400,908.0,81972,472157.0,91.1307,Medium
TikTok,viral_trends_dataset,2023-08-30,,2.0,0,Image,#Tech,242962,28769.0,69777,164014.0,208.2188,Low
Twitter,viral_trends_dataset,2023-09-30,,5.0,1,Text,#Comedy,13248,32533.0,84534,2458815.0,5.2999,Low
Instagram,viral_trends_dataset,2023-08-13,,6.0,1,Video,#Gaming,158723,17584.0,61512,2513698.0,9.4609,Low
YouTube,viral_trends_dataset,2022-02-03,,3.0,0,Video,#Fitness,364036,10251.0,10977,1966190.0,19.5944,Low
TikTok,viral_trends_dataset,2023-06-04,,6.0,1,Live,#Viral,29670,1132.0,80020,1881796.0,5.8892,Medium
Instagram,viral_trends_dataset,2022-01-24,,0.0,0,Video,#Comedy,152626,49620.0,11980,1691423.0,12.6654,Medium
TikTok,viral_trends_dataset,2023-05-09,,1.0,0,Video,#Fitness,369105,49302.0,67944,202888.0,239.714,Low
Twitter,viral_trends_dataset,2022-09-02,,4.0,0,Video,#Tech,457417,3572.0,92142,1495014.0,36.9984,High
Twitter,viral_trends_dataset,2022-03-11,,4.0,0,Live,#Education,324674,34736.0,53727,503484.0,82.0556,High
YouTube,viral_trends_dataset,2023-08-12,,5.0,1,Live,#Dance,374462,42776.0,98165,1765030.0,29.2008,Low
Twitter,viral_trends_dataset,2023-01-16,,0.0,0,Live,#Fashion,44066,10987.0,31707,1044593.0,8.3056,High
Instagram,viral_trends_dataset,2023-08-28,,0.0,0,Video,#Fitness,21976,33330.0,19513,3583230.0,2.088,Low
YouTube,viral_trends_dataset,2022-10-02,,6.0,1,Live,#Dance,43890,48975.0,99333,2586294.0,7.4314,High
TikTok,viral_trends_dataset,2023-11-14,,1.0,0,Video,#Comedy,139347,18716.0,80196,3835467.0,6.212,Low
Instagram,viral_trends_dataset,2022-08-21,,6.0,1,Live,#Dance,462407,35579.0,20536,2619842.0,19.7921,Low
Instagram,viral_trends_dataset,2022-03-30,,2.0,0,Video,#Viral,193598,29174.0,42420,2126536.0,12.4706,Medium
YouTube,viral_trends_dataset,2022-06-13,,0.0,0,Video,#Comedy,149567,9178.0,65051,3893630.0,5.7477,Medium
YouTube,viral_trends_dataset,2023-03-27,,0.0,0,Text,#Music,458201,45579.0,6638,4667810.0,10.9348,High
TikTok,viral_trends_dataset,2023-09-11,,0.0,0,Live,#Gaming,248372,17287.0,76006,168039.0,203.3248,High
Twitter,viral_trends_dataset,2022-02-01,,1.0,0,Image,#Comedy,450082,9308.0,73662,3638397.0,14.6507,High
Twitter,viral_trends_dataset,2022-06-01,,2.0,0,Text,#Education,419656,6972.0,83750,4355093.0,11.7191,Low
Twitter,viral_trends_dataset,2022-01-26,,2.0,0,Video,#Gaming,469335,25029.0,14834,2193984.0,23.2088,Medium
Twitter,viral_trends_dataset,2022-10-07,,4.0,0,Text,#Viral,224821,9555.0,63786,3464955.0,8.6051,High
TikTok,viral_trends_dataset,2023-05-30,,1.0,0,Text,#Viral,21258,39514.0,26419,1886018.0,4.623,High
Instagram,viral_trends_dataset,2023-03-25,,5.0,1,Video,#Tech,171196,19092.0,50556,1121577.0,21.4737,Medium
YouTube,viral_trends_dataset,2022-07-10,,6.0,1,Live,#Education,30778,46218.0,25340,1618622.0,6.3224,Low
Twitter,viral_trends_dataset,2023-10-18,,2.0,0,Video,#Comedy,458172,37075.0,9766,2910127.0,17.3536,High
YouTube,viral_trends_dataset,2023-08-27,,6.0,1,Video,#Tech,192088,43049.0,21628,2736776.0,9.382,High
TikTok,viral_trends_dataset,2022-01-20,,3.0,0,Video,#Viral,443339,12054.0,88317,2148077.0,25.3115,High
YouTube,viral_trends_dataset,2022-05-01,,6.0,1,Image,#Viral,368126,34325.0,49957,2820538.0,16.0398,Medium
YouTube,viral_trends_dataset,2022-01-16,,6.0,1,Video,#Music,12857,35020.0,67163,1683188.0,6.8346,High
TikTok,viral_trends_dataset,2022-05-21,,5.0,1,Video,#Gaming,2037,1561.0,40597,3154277.0,1.4011,Medium
TikTok,viral_trends_dataset,2023-10-23,,0.0,0,Image,#Education,92835,26779.0,28862,1497125.0,9.9174,High
YouTube,viral_trends_dataset,2023-12-26,,1.0,0,Image,#Fashion,353334,36316.0,84368,189735.0,249.8316,Medium
Instagram,viral_trends_dataset,2022-07-24,,6.0,1,Video,#Gaming,403450,31542.0,97590,3576712.0,14.8903,Medium
Twitter,viral_trends_dataset,2022-12-26,,0.0,0,Video,#Challenge,453538,18733.0,89408,2487998.0,22.5755,Low
TikTok,viral_trends_dataset,2022-02-15,,1.0,0,Video,#Music,209463,22627.0,31428,569180.0,46.2978,High
Twitter,viral_trends_dataset,2023-01-25,,2.0,0,Live,#Education,229151,38879.0,866,2192147.0,12.2663,Medium
YouTube,viral_trends_dataset,2023-06-20,,1.0,0,Image,#Viral,25610,32826.0,14721,3093369.0,2.365,High
Instagram,viral_trends_dataset,2023-05-01,,0.0,0,Video,#Challenge,385660,36910.0,33183,4777385.0,9.5398,Medium
YouTube,viral_trends_dataset,2023-05-30,,1.0,0,Video,#Fashion,63655,41603.0,59077,962435.0,17.0749,Low
Twitter,viral_trends_dataset,2022-09-22,,3.0,0,Video,#Tech,203286,17073.0,71736,4534181.0,6.4421,High
YouTube,viral_trends_dataset,2023-02-26,,6.0,1,Live,#Fashion,3824,34603.0,15633,730087.0,7.4046,High
Twitter,viral_trends_dataset,2022-09-05,,0.0,0,Video,#Challenge,256226,18181.0,63193,4082324.0,8.2698,Low
YouTube,viral_trends_dataset,2022-11-24,,3.0,0,Text,#Tech,105892,43534.0,47232,4154463.0,4.7337,High
TikTok,viral_trends_dataset,2022-08-06,,5.0,1,Live,#Viral,237285,21390.0,68950,3007477.0,10.8937,Low
Instagram,viral_trends_dataset,2022-07-12,,1.0,0,Video,#Fashion,266006,40856.0,6741,2711659.0,11.565,Medium
TikTok,viral_trends_dataset,2023-11-07,,1.0,0,Live,#Education,149927,27923.0,65747,1876306.0,12.9828,High
Twitter,viral_trends_dataset,2023-09-22,,4.0,0,Video,#Viral,187205,34407.0,13956,71277.0,330.4965,Low
Instagram,viral_trends_dataset,2023-09-19,,1.0,0,Text,#Fitness,150585,10537.0,22791,12365.0,1487.3676,Low
TikTok,viral_trends_dataset,2023-09-28,,3.0,0,Video,#Education,213917,46135.0,75721,4166729.0,8.0584,Low
TikTok,viral_trends_dataset,2022-12-15,,3.0,0,Video,#Dance,194774,679.0,63518,2877171.0,9.0009,High
TikTok,viral_trends_dataset,2022-07-03,,6.0,1,Image,#Fitness,97171,30958.0,35263,2274614.0,7.1833,High
YouTube,viral_trends_dataset,2022-11-27,,6.0,1,Video,#Music,493775,44144.0,72985,4503399.0,13.5654,Medium
Instagram,viral_trends_dataset,2023-07-08,,5.0,1,Image,#Tech,277346,27624.0,18702,3535094.0,9.156,High
YouTube,viral_trends_dataset,2023-08-10,,3.0,0,Video,#Education,258734,7028.0,17484,737845.0,38.3883,Medium
Twitter,viral_trends_dataset,2023-12-19,,1.0,0,Video,#Comedy,288717,10374.0,492,435830.0,68.7385,Medium
TikTok,viral_trends_dataset,2022-11-14,,0.0,0,Video,#Fitness,222683,15899.0,32845,2693423.0,10.0774,High
Instagram,viral_trends_dataset,2022-05-23,,0.0,0,Live,#Challenge,273643,18369.0,43438,4621169.0,7.259,Medium
Twitter,viral_trends_dataset,2022-02-13,,6.0,1,Video,#Comedy,11304,12613.0,89974,4185185.0,2.7213,High
Instagram,viral_trends_dataset,2023-11-10,,4.0,0,Live,#Music,429372,49136.0,49207,1170696.0,45.077,Low
TikTok,viral_trends_dataset,2023-02-02,,3.0,0,Video,#Gaming,112430,2738.0,80565,1215490.0,16.1032,Medium
Twitter,viral_trends_dataset,2022-06-01,,2.0,0,Text,#Music,182607,15068.0,48640,3218850.0,7.6523,Medium
TikTok,viral_trends_dataset,2022-09-13,,1.0,0,Image,#Fitness,108422,6106.0,93547,2206465.0,9.4302,Low
YouTube,viral_trends_dataset,2022-05-14,,5.0,1,Video,#Comedy,286985,26378.0,22315,1145845.0,29.2952,Low
YouTube,viral_trends_dataset,2023-06-14,,2.0,0,Text,#Challenge,459345,42749.0,67564,1033019.0,55.145,Medium
TikTok,viral_trends_dataset,2022-07-21,,3.0,0,Image,#Viral,370531,35700.0,45676,2416729.0,18.6991,High
Twitter,viral_trends_dataset,2022-04-03,,6.0,1,Text,#Gaming,108781,49737.0,71823,1942872.0,11.8557,Medium
YouTube,viral_trends_dataset,2022-07-27,,2.0,0,Image,#Comedy,439146,17212.0,82572,4713381.0,11.434,High
TikTok,viral_trends_dataset,2022-02-23,,2.0,0,Video,#Fashion,62191,16736.0,83327,2194817.0,7.3926,Medium
Instagram,viral_trends_dataset,2023-12-13,,2.0,0,Text,#Challenge,65081,30435.0,31527,1150787.0,11.0397,Medium
YouTube,viral_trends_dataset,2022-02-18,,4.0,0,Video,#Education,392633,35867.0,38093,3865208.0,12.0716,Low
Twitter,viral_trends_dataset,2022-03-23,,2.0,0,Video,#Challenge,263946,30996.0,18402,2680307.0,11.6906,Low
Twitter,viral_trends_dataset,2022-11-30,,2.0,0,Live,#Viral,308312,33772.0,80258,1332493.0,31.6956,High
Instagram,viral_trends_dataset,2023-09-04,,0.0,0,Live,#Gaming,124275,8457.0,98380,4312788.0,5.3588,Medium
TikTok,viral_trends_dataset,2022-09-29,,3.0,0,Image,#Fitness,27284,28506.0,56796,2723438.0,4.134,High
Twitter,viral_trends_dataset,2022-03-07,,0.0,0,Video,#Comedy,227583,44828.0,4238,58002.0,476.9646,High
Twitter,viral_trends_dataset,2023-08-18,,4.0,0,Video,#Comedy,316798,12908.0,20215,4925883.0,7.1037,High
YouTube,viral_trends_dataset,2022-09-07,,2.0,0,Video,#Education,228706,32033.0,29198,131069.0,221.2094,High
Instagram,viral_trends_dataset,2022-09-30,,4.0,0,Video,#Dance,52867,23240.0,17076,3529950.0,2.6398,High
TikTok,viral_trends_dataset,2023-03-11,,5.0,1,Live,#Comedy,51628,40477.0,65728,4274328.0,3.6926,High
Instagram,viral_trends_dataset,2022-11-18,,4.0,0,Video,#Music,135335,7583.0,28533,2564894.0,6.6845,Medium
YouTube,viral_trends_dataset,2022-08-21,,6.0,1,Video,#Comedy,378566,21370.0,70870,2316873.0,20.3208,High
YouTube,viral_trends_dataset,2023-06-24,,5.0,1,Text,#Gaming,3090,6440.0,98325,2889436.0,3.7327,Medium
Instagram,viral_trends_dataset,2023-03-09,,3.0,0,Video,#Fitness,11172,35492.0,59313,731621.0,14.4852,Low
YouTube,viral_trends_dataset,2023-05-01,,0.0,0,Text,#Fitness,208217,7211.0,31640,4992676.0,4.9486,Low
Twitter,viral_trends_dataset,2023-10-07,,5.0,1,Video,#Education,246553,1078.0,36913,1722843.0,16.516,Medium
Twitter,viral_trends_dataset,2022-05-25,,2.0,0,Text,#Comedy,214006,4887.0,34075,1478257.0,17.1126,Medium
YouTube,viral_trends_dataset,2022-12-18,,6.0,1,Video,#Education,379897,39164.0,38918,4514734.0,10.1441,High
Instagram,viral_trends_dataset,2022-10-04,,1.0,0,Video,#Gaming,187743,13925.0,54867,2612014.0,9.8213,Medium
YouTube,viral_trends_dataset,2022-02-14,,0.0,0,Text,#Fashion,233419,20612.0,19504,721066.0,37.9348,Medium
Twitter,viral_trends_dataset,2023-09-07,,3.0,0,Video,#Comedy,353308,25082.0,56963,539158.0,80.7468,High
Instagram,viral_trends_dataset,2022-12-14,,2.0,0,Video,#Comedy,417054,45234.0,96321,4425278.0,12.6231,Medium
YouTube,viral_trends_dataset,2022-03-06,,6.0,1,Text,#Dance,460529,19829.0,21363,4569636.0,10.9795,Medium
TikTok,viral_trends_dataset,2022-03-06,,6.0,1,Video,#Comedy,254470,40585.0,63786,2331434.0,15.3914,Low
TikTok,viral_trends_dataset,2022-10-29,,5.0,1,Image,#Music,141180,20751.0,73404,2321225.0,10.1384,High
Instagram,viral_trends_dataset,2023-06-03,,5.0,1,Video,#Challenge,438566,10781.0,46359,1596330.0,31.0529,Medium
Instagram,viral_trends_dataset,2023-02-21,,1.0,0,Video,#Dance,17463,29011.0,27489,2568596.0,2.8795,Medium
Instagram,viral_trends_dataset,2023-08-21,,0.0,0,Text,#Music,95273,31607.0,33154,1602583.0,9.986,High
YouTube,viral_trends_dataset,2022-03-21,,0.0,0,Text,#Challenge,463439,9970.0,13491,4042630.0,12.0441,High
TikTok,viral_trends_dataset,2023-08-04,,4.0,0,Video,#Gaming,298638,8246.0,90093,1644851.0,24.1345,Low
Twitter,viral_trends_dataset,2023-01-22,,6.0,1,Video,#Music,139163,25727.0,69572,4813102.0,4.8713,High
YouTube,viral_trends_dataset,2023-09-28,,3.0,0,Text,#Music,216568,19949.0,32707,2436911.0,11.0478,Medium
Twitter,viral_trends_dataset,2022-10-05,,2.0,0,Text,#Challenge,224473,4919.0,55311,163743.0,173.8719,Medium
YouTube,viral_trends_dataset,2023-05-12,,4.0,0,Image,#Music,77842,16655.0,28524,2407043.0,5.1109,Medium
Instagram,viral_trends_dataset,2022-05-17,,1.0,0,Text,#Education,417158,25016.0,91240,946340.0,56.366,Low
Instagram,viral_trends_dataset,2023-05-31,,2.0,0,Video,#Comedy,82226,31192.0,76069,3747884.0,5.0558,Medium
TikTok,viral_trends_dataset,2022-12-18,,6.0,1,Video,#Tech,328742,29237.0,88715,4199267.0,10.6374,Medium
TikTok,viral_trends_dataset,2022-02-21,,0.0,0,Video,#Music,192610,34738.0,29375,4909699.0,5.2289,High
Twitter,viral_trends_dataset,2022-05-26,,3.0,0,Video,#Education,342320,42683.0,77277,3631559.0,12.7295,High
Twitter,viral_trends_dataset,2023-08-12,,5.0,1,Image,#Education,418878,26939.0,61638,438926.0,115.6129,High
Instagram,viral_trends_dataset,2022-10-16,,6.0,1,Text,#Challenge,372946,18578.0,38682,3093066.0,13.9087,High
YouTube,viral_trends_dataset,2022-03-08,,1.0,0,Video,#Dance,238566,26566.0,18807,1603866.0,17.7034,Medium
Instagram,viral_trends_dataset,2023-10-06,,4.0,0,Video,#Fitness,280654,13864.0,38955,3634352.0,9.1756,Low
Instagram,viral_trends_dataset,2023-12-30,,5.0,1,Image,#Dance,242287,1561.0,93794,3727003.0,9.0593,Low
Twitter,viral_trends_dataset,2022-04-03,,6.0,1,Live,#Dance,247479,12567.0,23789,772421.0,36.7462,High
TikTok,viral_trends_dataset,2022-04-19,,1.0,0,Video,#Music,493760,31362.0,4974,1772246.0,29.911,Low
Instagram,viral_trends_dataset,2022-09-15,,3.0,0,Video,#Education,108250,46473.0,64438,4660917.0,4.7021,Low
YouTube,viral_trends_dataset,2023-05-06,,5.0,1,Image,#Fashion,164296,4209.0,64233,126887.0,183.4215,High
YouTube,viral_trends_dataset,2022-04-09,,5.0,1,Video,#Fitness,479439,17018.0,45234,3424500.0,15.8181,High
YouTube,viral_trends_dataset,2023-01-03,,1.0,0,Image,#Gaming,248131,39519.0,52488,3895699.0,8.7311,Low
TikTok,viral_trends_dataset,2023-06-26,,0.0,0,Video,#Comedy,85849,44489.0,52358,75475.0,242.0616,Medium
Twitter,viral_trends_dataset,2022-04-21,,3.0,0,Image,#Viral,353822,24139.0,49194,4815367.0,8.8707,Medium
YouTube,viral_trends_dataset,2023-11-21,,1.0,0,Video,#Dance,85754,17491.0,68644,3148221.0,5.4599,Low
Instagram,viral_trends_dataset,2023-04-15,,5.0,1,Video,#Viral,150813,1709.0,58386,3233563.0,6.5225,Low
Instagram,viral_trends_dataset,2022-02-02,,2.0,0,Text,#Music,327312,33353.0,21152,3824375.0,9.9838,Low
Instagram,viral_trends_dataset,2023-05-29,,0.0,0,Video,#Viral,189682,10235.0,46042,1004552.0,24.4844,Medium
TikTok,viral_trends_dataset,2022-07-12,,1.0,0,Live,#Fitness,35752,8550.0,21135,3269477.0,2.0015,Low
Instagram,viral_trends_dataset,2023-10-16,,0.0,0,Text,#Fashion,61671,34339.0,7895,481808.0,21.5656,Low
TikTok,viral_trends_dataset,2022-04-24,,6.0,1,Video,#Music,342863,35891.0,72320,696436.0,64.7689,Low
YouTube,viral_trends_dataset,2023-05-03,,2.0,0,Video,#Dance,315148,1792.0,11535,4701021.0,6.9873,Medium
YouTube,viral_trends_dataset,2022-10-22,,5.0,1,Live,#Fitness,17786,20602.0,66926,1546021.0,6.8119,Low
TikTok,viral_trends_dataset,2023-10-12,,3.0,0,Image,#Fitness,17759,7695.0,35751,3504067.0,1.7467,High
Instagram,viral_trends_dataset,2023-08-08,,1.0,0,Video,#Music,462424,41600.0,91866,3816051.0,15.6154,High
YouTube,viral_trends_dataset,2023-02-14,,1.0,0,Live,#Dance,162743,19106.0,48675,254262.0,90.664,Low
YouTube,viral_trends_dataset,2022-03-21,,0.0,0,Video,#Viral,297185,641.0,73947,497552.0,74.7204,Medium
YouTube,viral_trends_dataset,2023-04-27,,3.0,0,Text,#Music,37018,33089.0,52907,3225580.0,3.8137,Medium
Instagram,viral_trends_dataset,2023-10-17,,1.0,0,Video,#Gaming,340438,2711.0,51068,4336522.0,9.0906,Medium
Twitter,viral_trends_dataset,2022-06-04,,5.0,1,Text,#Music,422606,4866.0,17064,3912292.0,11.3625,High
TikTok,viral_trends_dataset,2022-02-25,,4.0,0,Video,#Education,470212,38553.0,25616,2097593.0,25.4759,Low
Instagram,viral_trends_dataset,2023-05-29,,0.0,0,Live,#Music,346738,28656.0,31025,1922920.0,21.1355,Low
TikTok,viral_trends_dataset,2023-06-27,,1.0,0,Text,#Fashion,248984,18316.0,28436,1425733.0,20.7427,High
Twitter,viral_trends_dataset,2022-11-12,,5.0,1,Live,#Music,103465,35190.0,61418,580864.0,34.444,High
YouTube,viral_trends_dataset,2022-09-19,,0.0,0,Video,#Dance,386762,14302.0,41178,1175324.0,37.6272,Medium
Twitter,viral_trends_dataset,2022-12-05,,0.0,0,Video,#Education,155300,36129.0,63361,3768701.0,6.7607,High
TikTok,viral_trends_dataset,2022-12-07,,2.0,0,Image,#Challenge,498119,17441.0,72555,4896941.0,12.0098,Medium
Instagram,viral_trends_dataset,2022-10-15,,5.0,1,Live,#Tech,69502,29444.0,74826,706597.0,24.5928,Low
YouTube,viral_trends_dataset,2022-02-16,,2.0,0,Live,#Viral,334540,34157.0,11889,2202632.0,17.2787,High
TikTok,viral_trends_dataset,2022-05-07,,5.0,1,Video,#Fashion,184294,49378.0,14637,1921116.0,12.9252,Low
YouTube,viral_trends_dataset,2023-11-20,,0.0,0,Image,#Education,420250,11919.0,27287,1159351.0,39.6304,High
Instagram,viral_trends_dataset,2023-04-26,,2.0,0,Video,#Challenge,311108,11747.0,37588,4402298.0,8.1876,Low
Instagram,viral_trends_dataset,2022-03-25,,4.0,0,Video,#Fitness,282996,25568.0,32876,4421041.0,7.7231,Medium
Twitter,viral_trends_dataset,2023-03-18,,5.0,1,Text,#Gaming,154844,41625.0,98585,4695987.0,6.2831,High
TikTok,viral_trends_dataset,2023-06-21,,2.0,0,Image,#Comedy,12513,34676.0,92796,4052947.0,3.4539,Medium
YouTube,viral_trends_dataset,2023-12-16,,5.0,1,Video,#Viral,62626,9450.0,51604,2529356.0,4.8898,High
Instagram,viral_trends_dataset,2023-09-01,,4.0,0,Video,#Dance,98810,34706.0,82993,2608658.0,8.2996,High
YouTube,viral_trends_dataset,2022-07-03,,6.0,1,Text,#Viral,45347,7314.0,90037,377017.0,37.8492,Medium
YouTube,viral_trends_dataset,2023-07-12,,2.0,0,Video,#Gaming,480028,28503.0,4619,1197713.0,42.8442,High
YouTube,viral_trends_dataset,2023-12-11,,0.0,0,Video,#Challenge,323225,942.0,86718,685501.0,59.9394,High
Twitter,viral_trends_dataset,2022-05-19,,3.0,0,Video,#Fitness,274686,11339.0,66066,4546322.0,7.7445,Medium
TikTok,viral_trends_dataset,2022-03-05,,5.0,1,Video,#Fitness,333744,35318.0,29836,4713541.0,8.4628,Medium
Instagram,viral_trends_dataset,2023-04-20,,3.0,0,Video,#Viral,3040,2492.0,27023,1060579.0,3.0695,Medium
Instagram,viral_trends_dataset,2022-12-12,,0.0,0,Live,#Comedy,318387,34447.0,21785,410897.0,91.171,High
Instagram,viral_trends_dataset,2023-12-13,,2.0,0,Video,#Education,458831,13777.0,19832,4726108.0,10.4196,High
YouTube,viral_trends_dataset,2023-02-01,,2.0,0,Video,#Education,35563,14691.0,35816,770800.0,11.1663,High
Twitter,viral_trends_dataset,2023-06-15,,3.0,0,Video,#Comedy,426510,8972.0,48183,4533943.0,10.6676,Medium
YouTube,viral_trends_dataset,2023-06-06,,1.0,0,Video,#Fitness,89497,37047.0,4376,1270412.0,10.3053,High
TikTok,viral_trends_dataset,2023-09-07,,3.0,0,Video,#Comedy,100469,12449.0,98551,1756485.0,12.0393,Low
TikTok,viral_trends_dataset,2022-03-20,,6.0,1,Live,#Music,427028,41946.0,21324,2829947.0,17.3253,Medium
Instagram,viral_trends_dataset,2023-06-28,,2.0,0,Live,#Fashion,129261,26090.0,28764,3243480.0,5.6765,High
Instagram,viral_trends_dataset,2023-12-20,,2.0,0,Image,#Viral,401542,21504.0,46135,3735626.0,12.5596,Medium
Twitter,viral_trends_dataset,2023-06-15,,3.0,0,Video,#Comedy,43442,20611.0,4784,4498516.0,1.5302,High
Twitter,viral_trends_dataset,2023-11-12,,6.0,1,Image,#Comedy,479812,21565.0,23146,1618175.0,32.4145,Low
TikTok,viral_trends_dataset,2022-03-04,,4.0,0,Live,#Viral,37935,5049.0,75953,4451895.0,2.6716,Medium
Twitter,viral_trends_dataset,2022-02-01,,1.0,0,Live,#Fashion,381998,12524.0,46412,3418485.0,12.8985,High
Instagram,viral_trends_dataset,2023-09-16,,5.0,1,Video,#Fashion,102608,9657.0,86881,4546358.0,4.3803,Medium
Instagram,viral_trends_dataset,2023-12-26,,1.0,0,Video,#Dance,315712,5052.0,1000,1430779.0,22.4887,Low
Instagram,viral_trends_dataset,2022-05-13,,4.0,0,Video,#Challenge,378052,7270.0,98315,228932.0,211.2579,High
Instagram,viral_trends_dataset,2022-10-21,,4.0,0,Video,#Fashion,292954,42310.0,63900,965970.0,41.3226,Medium
Instagram,viral_trends_dataset,2023-12-10,,6.0,1,Image,#Gaming,270638,45562.0,91444,4926990.0,8.2737,High
TikTok,viral_trends_dataset,2023-03-02,,3.0,0,Video,#Gaming,263122,40965.0,65316,669836.0,55.1483,Medium
Twitter,viral_trends_dataset,2023-07-17,,0.0,0,Video,#Fashion,127008,5965.0,56377,2961889.0,6.3929,Medium
YouTube,viral_trends_dataset,2023-05-16,,1.0,0,Text,#Fitness,6718,39835.0,93371,4516859.0,3.0978,Low
YouTube,viral_trends_dataset,2022-05-17,,1.0,0,Live,#Tech,357641,36604.0,98906,3707778.0,13.3004,Medium
Twitter,viral_trends_dataset,2023-11-17,,4.0,0,Video,#Fitness,361772,18007.0,97629,3611304.0,13.2198,High
TikTok,viral_trends_dataset,2023-03-04,,5.0,1,Video,#Music,187673,13412.0,20108,3313871.0,6.6748,Medium
TikTok,viral_trends_dataset,2022-04-05,,1.0,0,Video,#Education,142354,9930.0,67251,3999565.0,5.489,High
YouTube,viral_trends_dataset,2023-08-31,,3.0,0,Video,#Dance,96466,9627.0,68604,650479.0,26.8567,Low
Twitter,viral_trends_dataset,2022-10-07,,4.0,0,Image,#Viral,320273,21042.0,13480,4365247.0,8.1277,High
Instagram,viral_trends_dataset,2023-07-02,,6.0,1,Video,#Fitness,289749,29545.0,57498,202210.0,186.337,High
Twitter,viral_trends_dataset,2022-10-30,,6.0,1,Live,#Viral,201905,17566.0,49387,4066789.0,6.6111,High
YouTube,viral_trends_dataset,2022-11-12,,5.0,1,Video,#Tech,477715,43920.0,32182,1189401.0,46.5627,Low
TikTok,viral_trends_dataset,2023-12-21,,3.0,0,Image,#Challenge,214384,19226.0,71731,2750438.0,11.1015,Medium
YouTube,viral_trends_dataset,2022-02-02,,2.0,0,Video,#Viral,177369,5565.0,13503,540884.0,36.3178,High
Instagram,viral_trends_dataset,2023-12-29,,4.0,0,Video,#Dance,314357,21215.0,71376,2100020.0,19.3783,High
TikTok,viral_trends_dataset,2022-07-19,,1.0,0,Live,#Comedy,156942,23683.0,6001,952111.0,19.6013,Medium
Instagram,viral_trends_dataset,2023-05-20,,5.0,1,Video,#Viral,467029,4729.0,77732,2337596.0,23.5066,Low
YouTube,viral_trends_dataset,2022-10-30,,6.0,1,Video,#Fashion,220029,32486.0,88576,1936713.0,17.6119,Low
YouTube,viral_trends_dataset,2022-02-28,,0.0,0,Image,#Comedy,168174,41849.0,81549,1178485.0,24.7413,Low
Twitter,viral_trends_dataset,2023-04-22,,5.0,1,Live,#Challenge,172464,47211.0,4136,1738252.0,12.8756,Medium
TikTok,viral_trends_dataset,2023-09-18,,0.0,0,Live,#Challenge,480313,32966.0,50464,1948873.0,28.9266,Medium
Instagram,viral_trends_dataset,2022-05-05,,3.0,0,Video,#Education,432244,31213.0,61567,4440766.0,11.8228,Low
YouTube,viral_trends_dataset,2022-03-08,,1.0,0,Video,#Fashion,417867,27756.0,13002,1259577.0,36.411,Medium
TikTok,viral_trends_dataset,2022-04-29,,4.0,0,Text,#Dance,312854,30380.0,58495,4385439.0,9.1605,Medium
Instagram,viral_trends_dataset,2023-11-29,,2.0,0,Video,#Viral,491782,48075.0,86681,1831119.0,34.2161,High
YouTube,viral_trends_dataset,2023-07-18,,1.0,0,Live,#Music,283580,8200.0,75787,3899621.0,9.4257,Low
Twitter,viral_trends_dataset,2023-03-13,,0.0,0,Video,#Viral,32332,18676.0,47970,4426493.0,2.236,High
YouTube,viral_trends_dataset,2022-08-25,,3.0,0,Video,#Viral,173661,21327.0,87934,2854666.0,9.9109,Medium
Instagram,viral_trends_dataset,2023-04-17,,0.0,0,Text,#Education,288690,22285.0,80963,2425779.0,16.1572,Low
Twitter,viral_trends_dataset,2023-10-26,,3.0,0,Video,#Fitness,161765,21591.0,88321,1630820.0,16.6589,High
Twitter,viral_trends_dataset,2022-08-24,,2.0,0,Text,#Comedy,202154,36847.0,89158,930160.0,35.2798,High
Twitter,viral_trends_dataset,2023-12-23,,5.0,1,Live,#Viral,83816,15213.0,4897,2075933.0,5.0062,Low
TikTok,viral_trends_dataset,2022-01-06,,3.0,0,Text,#Education,1256,20129.0,81191,1871957.0,5.4796,Medium
Twitter,viral_trends_dataset,2022-12-10,,5.0,1,Image,#Dance,493571,34860.0,78894,486370.0,124.8689,Low
Instagram,viral_trends_dataset,2023-08-04,,4.0,0,Live,#Challenge,318884,11881.0,45392,701100.0,53.6524,Medium
Instagram,viral_trends_dataset,2022-10-07,,4.0,0,Image,#Tech,28067,1618.0,57644,4367832.0,1.9994,High
Instagram,viral_trends_dataset,2023-01-06,,4.0,0,Video,#Comedy,32049,6195.0,94677,3972959.0,3.3456,Medium
Instagram,viral_trends_dataset,2022-05-13,,4.0,0,Image,#Comedy,330663,13710.0,79218,4599775.0,9.209,Medium
YouTube,viral_trends_dataset,2023-08-02,,2.0,0,Video,#Music,384542,4834.0,77706,2467372.0,18.9303,Medium
Twitter,viral_trends_dataset,2023-07-17,,0.0,0,Image,#Gaming,22786,2214.0,16574,819788.0,5.0713,Medium
YouTube,viral_trends_dataset,2022-12-27,,1.0,0,Video,#Comedy,346046,36662.0,73947,4515293.0,10.1135,Low
YouTube,viral_trends_dataset,2023-06-18,,6.0,1,Live,#Education,300048,25500.0,92372,4548049.0,9.189,High
TikTok,viral_trends_dataset,2023-09-23,,5.0,1,Video,#Dance,369198,15263.0,10798,3450680.0,11.4545,Medium
TikTok,viral_trends_dataset,2023-10-15,,6.0,1,Video,#Music,436890,15461.0,74251,2737221.0,19.2386,Low
Twitter,viral_trends_dataset,2023-05-08,,0.0,0,Image,#Comedy,454952,23404.0,65380,840340.0,64.7043,High
YouTube,viral_trends_dataset,2022-07-04,,0.0,0,Live,#Education,3548,28556.0,81158,3510131.0,3.2267,High
Instagram,viral_trends_dataset,2022-02-21,,0.0,0,Live,#Gaming,391683,29359.0,51624,1531926.0,30.8544,Medium
YouTube,viral_trends_dataset,2023-08-13,,6.0,1,Text,#Comedy,301148,48639.0,86551,125076.0,348.8583,Low
YouTube,viral_trends_dataset,2023-04-26,,2.0,0,Video,#Education,76122,4891.0,62694,598274.0,24.0203,High
Twitter,viral_trends_dataset,2023-01-13,,4.0,0,Video,#Education,483645,4652.0,8641,464125.0,107.0699,Medium
Instagram,viral_trends_dataset,2023-12-20,,2.0,0,Video,#Challenge,342870,16318.0,79554,821533.0,53.4053,Low
YouTube,viral_trends_dataset,2022-11-29,,1.0,0,Image,#Fitness,180932,12148.0,12968,2519050.0,8.1796,Low
YouTube,viral_trends_dataset,2022-06-27,,0.0,0,Video,#Fitness,101243,43058.0,10095,3726359.0,4.1433,High
Instagram,viral_trends_dataset,2023-01-19,,3.0,0,Text,#Fitness,50849,5257.0,51541,3616113.0,2.9769,Medium
Twitter,viral_trends_dataset,2022-12-21,,2.0,0,Text,#Fitness,272598,46956.0,66186,1826580.0,21.1182,Low
Instagram,viral_trends_dataset,2022-09-11,,6.0,1,Live,#Viral,419802,9940.0,52712,670827.0,71.9193,Low
TikTok,viral_trends_dataset,2022-11-22,,1.0,0,Video,#Gaming,126438,26192.0,93149,4925713.0,4.9897,Medium
Instagram,viral_trends_dataset,2023-05-08,,0.0,0,Live,#Tech,377993,34514.0,44337,4926887.0,9.2725,Medium
Instagram,viral_trends_dataset,2023-01-07,,5.0,1,Video,#Comedy,489451,19558.0,95563,2176834.0,27.773,High
Twitter,viral_trends_dataset,2022-05-16,,0.0,0,Image,#Music,282149,35480.0,87637,149357.0,271.3405,Medium
YouTube,viral_trends_dataset,2022-08-21,,6.0,1,Video,#Viral,175825,28977.0,6072,1494759.0,14.1076,High
TikTok,viral_trends_dataset,2023-05-07,,6.0,1,Text,#Comedy,430821,12179.0,70873,1862650.0,27.5883,Medium
TikTok,viral_trends_dataset,2022-06-06,,0.0,0,Live,#Fashion,341057,21815.0,24053,2661370.0,14.5386,Medium
Instagram,viral_trends_dataset,2023-10-16,,0.0,0,Text,#Fashion,222267,44442.0,74127,3582719.0,9.5133,High
TikTok,viral_trends_dataset,2022-02-23,,2.0,0,Live,#Challenge,254612,27574.0,13280,750309.0,39.3792,Medium
Twitter,viral_trends_dataset,2022-01-27,,3.0,0,Video,#Tech,284049,20699.0,75797,1212616.0,31.3822,Medium
YouTube,viral_trends_dataset,2023-01-03,,1.0,0,Text,#Dance,253924,30788.0,68925,916759.0,38.5747,Low
Instagram,viral_trends_dataset,2023-12-24,,6.0,1,Live,#Challenge,491674,47593.0,95872,4498056.0,14.1203,High
YouTube,viral_trends_dataset,2023-03-15,,2.0,0,Video,#Viral,435817,10295.0,85531,3323833.0,15.9949,Medium
YouTube,viral_trends_dataset,2022-05-21,,5.0,1,Video,#Music,490999,16839.0,94153,2828967.0,21.2795,High
YouTube,viral_trends_dataset,2022-07-10,,6.0,1,Image,#Comedy,223044,17678.0,6862,2162476.0,11.4491,High
Twitter,viral_trends_dataset,2023-09-22,,4.0,0,Video,#Dance,203582,3874.0,76418,2363818.0,12.0091,High
YouTube,viral_trends_dataset,2022-03-14,,0.0,0,Video,#Gaming,48034,7422.0,68983,1619481.0,7.6839,High
TikTok,viral_trends_dataset,2022-06-08,,2.0,0,Video,#Challenge,335718,14194.0,85215,4889698.0,8.8989,High
TikTok,viral_trends_dataset,2022-03-29,,1.0,0,Video,#Education,209749,28441.0,55250,2506158.0,11.7088,Medium
TikTok,viral_trends_dataset,2022-06-12,,6.0,1,Live,#Music,85106,6545.0,40033,3731215.0,3.5293,Medium
TikTok,viral_trends_dataset,2023-09-11,,0.0,0,Text,#Viral,432608,19906.0,183,731415.0,61.8933,High
Instagram,viral_trends_dataset,2022-06-01,,2.0,0,Video,#Challenge,331829,38905.0,65620,4050217.0,10.7736,Medium
YouTube,viral_trends_dataset,2023-05-31,,2.0,0,Text,#Fitness,356415,37240.0,95650,253831.0,192.768,Low
YouTube,viral_trends_dataset,2023-10-11,,2.0,0,Image,#Viral,240911,14835.0,81339,2190234.0,15.3904,Low
YouTube,viral_trends_dataset,2022-05-11,,2.0,0,Text,#Education,246935,36503.0,33822,3244574.0,9.7782,Low
YouTube,viral_trends_dataset,2022-06-03,,4.0,0,Video,#Fitness,61620,2201.0,79754,172032.0,83.4583,Medium
Twitter,viral_trends_dataset,2023-05-30,,1.0,0,Video,#Dance,10189,32963.0,21707,4577055.0,1.417,High
YouTube,viral_trends_dataset,2022-04-19,,1.0,0,Video,#Fitness,484792,49621.0,65586,3437531.0,17.4544,Medium
YouTube,viral_trends_dataset,2023-05-02,,1.0,0,Video,#Dance,386172,10872.0,96666,2454688.0,20.1129,Medium
TikTok,viral_trends_dataset,2023-11-09,,3.0,0,Text,#Gaming,368767,46981.0,14499,3375757.0,12.7452,High
YouTube,viral_trends_dataset,2023-10-17,,1.0,0,Video,#Gaming,468817,32853.0,17311,4214191.0,12.3151,Medium
Twitter,viral_trends_dataset,2023-11-01,,2.0,0,Video,#Tech,271763,7030.0,20030,4937731.0,6.0518,Medium
TikTok,viral_trends_dataset,2022-09-26,,0.0,0,Live,#Viral,155459,32963.0,19460,2360576.0,8.8064,Low
Instagram,viral_trends_dataset,2022-07-03,,6.0,1,Video,#Education,276600,32837.0,2866,2757834.0,11.3242,Low
Twitter,viral_trends_dataset,2023-03-27,,0.0,0,Text,#Education,239205,32228.0,91849,2063181.0,17.6079,High
Twitter,viral_trends_dataset,2023-01-10,,1.0,0,Video,#Music,447014,24112.0,7792,3865376.0,12.3899,High
YouTube,viral_trends_dataset,2022-12-22,,3.0,0,Live,#Music,475565,18382.0,3796,1541499.0,32.2895,Low
YouTube,viral_trends_dataset,2023-09-11,,0.0,0,Live,#Comedy,449897,42691.0,18592,1344792.0,38.0118,High
Instagram,viral_trends_dataset,2022-11-06,,6.0,1,Live,#Tech,427144,16306.0,76762,3184440.0,16.3361,High
YouTube,viral_trends_dataset,2023-07-18,,1.0,0,Video,#Gaming,134592,13424.0,30125,288978.0,61.6452,Medium
YouTube,viral_trends_dataset,2022-01-20,,3.0,0,Video,#Comedy,342345,35913.0,97958,2525420.0,18.8569,Low
Twitter,viral_trends_dataset,2023-02-01,,2.0,0,Image,#Comedy,14183,4162.0,71809,4674026.0,1.9288,Low
YouTube,viral_trends_dataset,2023-08-28,,0.0,0,Video,#Tech,448723,43129.0,7234,3385451.0,14.7421,Low
YouTube,viral_trends_dataset,2023-03-13,,0.0,0,Video,#Fashion,192047,19329.0,40789,4480208.0,5.6284,High
YouTube,viral_trends_dataset,2023-12-06,,2.0,0,Image,#Comedy,492019,31743.0,57301,836115.0,69.4956,High
Instagram,viral_trends_dataset,2023-10-18,,2.0,0,Live,#Fitness,248427,35739.0,78029,4116538.0,8.7985,Medium
TikTok,viral_trends_dataset,2022-04-08,,4.0,0,Text,#Challenge,231068,22587.0,47895,1649017.0,18.2867,High
Instagram,viral_trends_dataset,2022-12-29,,3.0,0,Text,#Education,234569,19726.0,33026,3233439.0,8.8859,High
Instagram,viral_trends_dataset,2022-01-26,,2.0,0,Video,#Fashion,326923,2336.0,67496,1745859.0,22.7255,High
YouTube,viral_trends_dataset,2022-11-19,,5.0,1,Video,#Challenge,63459,36939.0,21936,4540861.0,2.6941,Medium
Twitter,viral_trends_dataset,2023-05-09,,1.0,0,Image,#Viral,471654,1266.0,86384,3368920.0,16.6019,Medium
YouTube,viral_trends_dataset,2022-11-26,,5.0,1,Live,#Viral,185117,26964.0,41077,779573.0,32.4739,High
Instagram,viral_trends_dataset,2022-08-06,,5.0,1,Image,#Dance,368176,26215.0,25124,4669272.0,8.9846,Medium
Twitter,viral_trends_dataset,2023-06-22,,3.0,0,Text,#Dance,158850,20188.0,294,920290.0,19.4865,Medium
TikTok,viral_trends_dataset,2022-06-27,,0.0,0,Live,#Tech,262765,25619.0,56763,880025.0,39.2201,Low
Twitter,viral_trends_dataset,2022-09-09,,4.0,0,Live,#Fashion,167583,16692.0,51085,1876032.0,12.5456,Low
YouTube,viral_trends_dataset,2022-07-21,,3.0,0,Live,#Tech,332129,7343.0,80070,4695675.0,8.9346,Medium
Instagram,viral_trends_dataset,2023-10-31,,1.0,0,Image,#Education,328265,28567.0,91682,3909608.0,11.4721,High
Instagram,viral_trends_dataset,2022-10-10,,0.0,0,Video,#Viral,3961,7174.0,66175,84988.0,90.9658,Low
TikTok,viral_trends_dataset,2022-11-05,,5.0,1,Video,#Fashion,199050,7649.0,10299,4503451.0,4.8185,Medium
Instagram,viral_trends_dataset,2022-01-11,,1.0,0,Video,#Dance,243254,41026.0,45272,3869119.0,8.5175,Medium
TikTok,viral_trends_dataset,2022-06-15,,2.0,0,Text,#Fitness,294546,22578.0,89803,22280.0,1826.4228,Medium
Instagram,viral_trends_dataset,2023-08-23,,2.0,0,Live,#Fashion,222047,18710.0,42335,2510654.0,11.2756,Low
TikTok,viral_trends_dataset,2023-09-19,,1.0,0,Image,#Music,474058,28975.0,29602,1004040.0,53.0492,High
Twitter,viral_trends_dataset,2022-04-06,,2.0,0,Video,#Viral,466399,35399.0,94427,281947.0,211.467,Low
Twitter,viral_trends_dataset,2022-11-17,,3.0,0,Image,#Gaming,338107,11224.0,45878,435189.0,90.8132,Low
TikTok,viral_trends_dataset,2022-03-07,,0.0,0,Video,#Comedy,396471,13107.0,82515,4059525.0,12.1219,Low
Instagram,viral_trends_dataset,2023-06-08,,3.0,0,Text,#Fashion,198979,43108.0,27467,1454497.0,18.5325,High
Instagram,viral_trends_dataset,2022-05-01,,6.0,1,Video,#Gaming,119192,46366.0,74078,4636106.0,5.1689,Low
Instagram,viral_trends_dataset,2022-03-28,,0.0,0,Live,#Fashion,167927,23507.0,21604,1418093.0,15.0229,High
Twitter,viral_trends_dataset,2022-03-03,,3.0,0,Text,#Tech,395765,3225.0,32976,4089138.0,10.5637,Low
TikTok,viral_trends_dataset,2023-04-17,,0.0,0,Image,#Education,218173,44846.0,15234,1467996.0,18.9546,Low
Twitter,viral_trends_dataset,2022-04-19,,1.0,0,Text,#Dance,30963,17698.0,1657,2628041.0,1.9147,Medium
YouTube,viral_trends_dataset,2022-07-22,,4.0,0,Text,#Music,8830,28302.0,83151,1552233.0,7.749,Low
Instagram,viral_trends_dataset,2023-12-28,,3.0,0,Video,#Fitness,357079,41222.0,83343,2698643.0,17.8476,Medium
YouTube,viral_trends_dataset,2023-12-11,,0.0,0,Video,#Viral,206625,43076.0,35508,2386519.0,11.9508,High
TikTok,viral_trends_dataset,2022-08-01,,0.0,0,Video,#Comedy,210894,22589.0,49146,1621403.0,17.4311,Low
YouTube,viral_trends_dataset,2023-01-23,,0.0,0,Image,#Education,448340,3213.0,21317,528698.0,89.4405,Medium
Twitter,viral_trends_dataset,2022-10-17,,0.0,0,Video,#Fashion,326768,35699.0,80608,1207774.0,36.6853,Medium
Twitter,viral_trends_dataset,2023-07-23,,6.0,1,Video,#Comedy,64651,26367.0,65798,1748704.0,8.9676,High
Twitter,viral_trends_dataset,2023-07-21,,4.0,0,Live,#Education,40060,25257.0,45803,3673029.0,3.0253,Medium
YouTube,viral_trends_dataset,2022-09-21,,2.0,0,Text,#Dance,92946,6497.0,14800,4938141.0,2.3135,High
YouTube,viral_trends_dataset,2023-05-20,,5.0,1,Video,#Challenge,26691,16591.0,74034,1211152.0,9.6863,High
TikTok,viral_trends_dataset,2023-08-31,,3.0,0,Live,#Viral,342524,27590.0,23634,3915590.0,10.0559,Medium
YouTube,viral_trends_dataset,2023-07-12,,2.0,0,Image,#Tech,215231,6476.0,90702,1074531.0,29.074,Medium
TikTok,viral_trends_dataset,2023-09-11,,0.0,0,Video,#Comedy,196870,33596.0,16363,1195064.0,20.654,Medium
TikTok,viral_trends_dataset,2022-12-07,,2.0,0,Video,#Education,451922,32841.0,16393,3703086.0,13.5335,Medium
YouTube,viral_trends_dataset,2023-10-08,,6.0,1,Video,#Fashion,404652,37529.0,18178,1649020.0,27.9171,High
YouTube,viral_trends_dataset,2023-04-19,,2.0,0,Video,#Gaming,362973,474.0,56321,2047545.0,20.501,Low
TikTok,viral_trends_dataset,2022-04-30,,5.0,1,Image,#Fitness,5510,32953.0,2998,4222799.0,0.9818,Low
Twitter,viral_trends_dataset,2023-08-25,,4.0,0,Image,#Fitness,289961,9385.0,32494,4150659.0,7.9949,Medium
TikTok,viral_trends_dataset,2023-07-07,,4.0,0,Video,#Dance,349668,17972.0,34580,3541385.0,11.3577,Medium
YouTube,viral_trends_dataset,2022-09-15,,3.0,0,Text,#Music,192344,36860.0,32142,4420121.0,5.9126,Medium
Instagram,viral_trends_dataset,2023-04-11,,1.0,0,Video,#Gaming,150497,43102.0,53808,4401295.0,5.6212,Low
TikTok,viral_trends_dataset,2022-01-29,,5.0,1,Image,#Gaming,150822,24688.0,61460,2990444.0,7.9242,High
Instagram,viral_trends_dataset,2022-04-06,,2.0,0,Video,#Fitness,138648,47562.0,78164,4023553.0,6.5707,Low
YouTube,viral_trends_dataset,2022-05-22,,6.0,1,Live,#Fitness,153912,20351.0,62816,1326359.0,17.8744,Low
TikTok,viral_trends_dataset,2023-09-11,,0.0,0,Live,#Education,395779,32300.0,63400,3133284.0,15.6857,Low
Twitter,viral_trends_dataset,2023-02-16,,3.0,0,Video,#Music,464621,29661.0,48974,4216827.0,12.8831,High
Twitter,viral_trends_dataset,2022-06-11,,5.0,1,Video,#Music,439273,8322.0,14531,2594911.0,17.8089,Medium
TikTok,viral_trends_dataset,2022-10-12,,2.0,0,Video,#Gaming,235134,5780.0,43167,3279951.0,8.6611,High
YouTube,viral_trends_dataset,2022-04-26,,1.0,0,Text,#Challenge,321396,49589.0,15678,4755094.0,8.1316,Low
TikTok,viral_trends_dataset,2023-12-04,,0.0,0,Text,#Tech,313649,9632.0,63218,3741009.0,10.3314,High
YouTube,viral_trends_dataset,2022-06-16,,3.0,0,Live,#Education,356529,28308.0,10550,3658157.0,10.8084,Medium
YouTube,viral_trends_dataset,2023-01-21,,5.0,1,Video,#Dance,233282,40116.0,45288,225818.0,141.1252,Medium
Twitter,viral_trends_dataset,2022-07-09,,5.0,1,Video,#Dance,45464,36876.0,43042,1691281.0,7.4134,High
Twitter,viral_trends_dataset,2022-07-12,,1.0,0,Video,#Fashion,11779,41258.0,42054,328068.0,28.9851,High
Twitter,viral_trends_dataset,2022-06-03,,4.0,0,Video,#Gaming,370672,17196.0,58476,1173472.0,38.0362,Medium
Twitter,viral_trends_dataset,2023-06-27,,1.0,0,Live,#Comedy,27405,23381.0,61214,3707766.0,3.0207,Low
Twitter,viral_trends_dataset,2023-01-27,,4.0,0,Live,#Challenge,296432,10227.0,51318,2195772.0,16.303,High
YouTube,viral_trends_dataset,2022-07-17,,6.0,1,Video,#Fashion,306990,13945.0,16758,2812765.0,12.0057,Medium
YouTube,viral_trends_dataset,2023-09-15,,4.0,0,Video,#Tech,453311,20317.0,31644,1396240.0,36.188,High
TikTok,viral_trends_dataset,2023-10-18,,2.0,0,Image,#Viral,271977,34506.0,90199,4620055.0,8.5861,High
Twitter,viral_trends_dataset,2023-02-11,,5.0,1,Text,#Education,230272,36387.0,90423,698996.0,51.085,Low
Instagram,viral_trends_dataset,2023-10-11,,2.0,0,Text,#Fitness,234031,24447.0,61405,4574811.0,6.9923,Low
Twitter,viral_trends_dataset,2022-02-21,,0.0,0,Video,#Viral,427488,38758.0,31324,2098847.0,23.7068,High
Twitter,viral_trends_dataset,2022-07-15,,4.0,0,Live,#Tech,175184,39627.0,57753,703331.0,38.7533,Medium
YouTube,viral_trends_dataset,2022-01-25,,1.0,0,Video,#Education,465681,13975.0,20909,4545018.0,11.0135,Low
Twitter,viral_trends_dataset,2023-06-23,,4.0,0,Text,#Gaming,357294,8180.0,54233,1864193.0,22.5141,Low
TikTok,viral_trends_dataset,2023-01-31,,1.0,0,Live,#Gaming,100605,44184.0,35524,3808549.0,4.7344,Low
Twitter,viral_trends_dataset,2023-12-05,,1.0,0,Text,#Fashion,485342,40353.0,96891,1072473.0,58.0514,Medium
YouTube,viral_trends_dataset,2023-03-21,,1.0,0,Image,#Comedy,123731,9408.0,75519,2036999.0,10.2434,High
Twitter,viral_trends_dataset,2023-10-09,,0.0,0,Text,#Fashion,54359,3033.0,30217,2416660.0,3.6252,High
YouTube,viral_trends_dataset,2023-05-25,,3.0,0,Image,#Tech,498539,5140.0,58353,1483411.0,37.8878,High
Instagram,viral_trends_dataset,2022-12-19,,0.0,0,Video,#Comedy,53035,36097.0,57545,757452.0,19.3645,High
YouTube,viral_trends_dataset,2023-07-14,,4.0,0,Video,#Music,155674,45570.0,22830,414396.0,54.0724,Medium
TikTok,viral_trends_dataset,2022-06-08,,2.0,0,Video,#Challenge,324376,9755.0,16252,2526800.0,13.8667,Low
Twitter,viral_trends_dataset,2023-11-25,,5.0,1,Image,#Dance,69386,32219.0,12584,3697978.0,3.0879,Low
Instagram,viral_trends_dataset,2022-01-03,,0.0,0,Text,#Tech,341196,49438.0,98173,3246752.0,15.0553,Medium
Instagram,viral_trends_dataset,2023-12-29,,4.0,0,Text,#Gaming,476378,23253.0,7727,1084541.0,46.7809,High
Instagram,viral_trends_dataset,2022-03-01,,1.0,0,Live,#Comedy,260556,916.0,5576,1576922.0,16.9348,High
YouTube,viral_trends_dataset,2023-07-03,,0.0,0,Image,#Music,84336,22422.0,91289,4162373.0,4.758,Low
TikTok,viral_trends_dataset,2023-06-20,,1.0,0,Image,#Challenge,177444,31261.0,23497,3014494.0,7.7029,Low
TikTok,viral_trends_dataset,2022-02-07,,0.0,0,Video,#Gaming,403164,21785.0,38202,3602760.0,12.8554,Medium
Instagram,viral_trends_dataset,2023-02-16,,3.0,0,Live,#Education,209379,26935.0,52856,1889280.0,15.3058,Medium
YouTube,viral_trends_dataset,2022-11-12,,5.0,1,Text,#Music,437084,5332.0,60056,3072862.0,16.3519,Medium
YouTube,viral_trends_dataset,2023-11-14,,1.0,0,Video,#Challenge,153027,848.0,85441,3479279.0,6.8783,Medium
Instagram,viral_trends_dataset,2022-12-11,,6.0,1,Image,#Viral,447185,4553.0,95082,4032339.0,13.5609,Low
TikTok,viral_trends_dataset,2022-12-27,,1.0,0,Video,#Dance,319481,49236.0,63705,3249902.0,13.3057,High
Twitter,viral_trends_dataset,2023-03-31,,4.0,0,Video,#Tech,214761,30920.0,49390,2198492.0,13.4215,High
Twitter,viral_trends_dataset,2022-08-15,,0.0,0,Video,#Gaming,361844,1552.0,85813,2428330.0,18.4987,High
TikTok,viral_trends_dataset,2023-12-28,,3.0,0,Video,#Gaming,181751,14368.0,62834,3687223.0,7.023,Medium
Instagram,viral_trends_dataset,2022-05-28,,5.0,1,Video,#Fitness,61250,36566.0,78025,2327036.0,7.5564,Low
Instagram,viral_trends_dataset,2023-06-11,,6.0,1,Video,#Viral,57670,29497.0,81461,939246.0,17.9535,Medium
Instagram,viral_trends_dataset,2023-03-01,,2.0,0,Video,#Comedy,250378,45704.0,88088,1731012.0,22.1934,Medium
YouTube,viral_trends_dataset,2022-01-15,,5.0,1,Text,#Viral,243442,7463.0,29282,460366.0,60.8618,High
YouTube,viral_trends_dataset,2022-05-29,,6.0,1,Text,#Gaming,325786,28849.0,49107,1027066.0,39.3102,Medium
TikTok,viral_trends_dataset,2022-04-10,,6.0,1,Text,#Tech,1939,36490.0,18355,1648229.0,3.4452,Low
Twitter,viral_trends_dataset,2023-05-21,,6.0,1,Video,#Fashion,322029,27289.0,93337,3514426.0,12.5954,High
TikTok,viral_trends_dataset,2023-02-27,,0.0,0,Text,#Dance,483730,19302.0,5918,4075333.0,12.4886,Medium
TikTok,viral_trends_dataset,2022-01-11,,1.0,0,Live,#Education,271549,30444.0,55550,3849113.0,9.289,High
YouTube,viral_trends_dataset,2022-07-16,,5.0,1,Text,#Gaming,453411,32698.0,27052,2738867.0,18.7363,Low
YouTube,viral_trends_dataset,2022-02-20,,6.0,1,Video,#Fashion,39790,14767.0,54189,1358058.0,8.0075,High
TikTok,viral_trends_dataset,2022-08-25,,3.0,0,Video,#Gaming,209500,398.0,54813,4427514.0,5.9788,Medium
Instagram,viral_trends_dataset,2022-03-05,,5.0,1,Live,#Challenge,454979,17128.0,20223,3068331.0,16.0455,High
Instagram,viral_trends_dataset,2022-03-02,,2.0,0,Text,#Music,245856,33681.0,95659,2528462.0,14.8389,High
Instagram,viral_trends_dataset,2022-09-09,,4.0,0,Image,#Comedy,109989,8816.0,80729,1119674.0,17.8207,Medium
YouTube,viral_trends_dataset,2022-03-08,,1.0,0,Live,#Fitness,354700,4501.0,68406,4671503.0,9.1535,Low
TikTok,viral_trends_dataset,2023-03-29,,2.0,0,Video,#Comedy,281275,48762.0,53337,2054982.0,18.6558,Medium
Twitter,viral_trends_dataset,2023-11-18,,5.0,1,Image,#Challenge,338775,41951.0,6525,730053.0,53.0442,Low
YouTube,viral_trends_dataset,2023-07-24,,0.0,0,Video,#Fitness,336934,10139.0,57434,2413529.0,16.76,Low
YouTube,viral_trends_dataset,2023-12-15,,4.0,0,Video,#Dance,313055,6375.0,24804,391207.0,87.9928,Low
TikTok,viral_trends_dataset,2022-03-12,,5.0,1,Video,#Challenge,282053,30108.0,19133,784742.0,42.2169,High
Twitter,viral_trends_dataset,2023-01-02,,0.0,0,Video,#Tech,58484,16745.0,34868,50092.0,219.7896,Medium
Instagram,viral_trends_dataset,2022-10-06,,3.0,0,Video,#Challenge,233783,8036.0,85182,277130.0,117.9955,Low
Twitter,viral_trends_dataset,2022-01-17,,0.0,0,Video,#Education,477983,27356.0,33017,2565436.0,20.985,Medium
Instagram,viral_trends_dataset,2023-01-21,,5.0,1,Video,#Fashion,151107,42997.0,21352,1592224.0,13.5318,Medium
Twitter,viral_trends_dataset,2023-02-09,,3.0,0,Text,#Music,110197,47593.0,97705,4866287.0,5.2503,Low
Twitter,viral_trends_dataset,2022-10-17,,0.0,0,Image,#Viral,196768,37243.0,43069,2403864.0,11.5264,Low
Twitter,viral_trends_dataset,2023-07-17,,0.0,0,Live,#Music,356573,25202.0,37472,30878.0,1357.7531,Medium
TikTok,viral_trends_dataset,2023-10-12,,3.0,0,Video,#Comedy,237078,45149.0,45468,170439.0,192.2653,Medium
TikTok,viral_trends_dataset,2022-05-18,,2.0,0,Video,#Tech,218906,10677.0,90499,1720905.0,18.5996,High
Instagram,viral_trends_dataset,2022-01-08,,5.0,1,Video,#Music,487176,34064.0,12329,961891.0,55.4708,Low
TikTok,viral_trends_dataset,2022-02-10,,3.0,0,Video,#Fitness,209479,29309.0,59884,2597115.0,11.5001,High
YouTube,viral_trends_dataset,2022-05-11,,2.0,0,Image,#Challenge,305112,27995.0,68771,1817777.0,22.1082,Low
TikTok,viral_trends_dataset,2023-11-05,,6.0,1,Image,#Comedy,272497,28553.0,47905,3736164.0,9.3399,Low
YouTube,viral_trends_dataset,2022-09-01,,3.0,0,Video,#Education,87806,2879.0,17483,1690004.0,6.4005,High
YouTube,viral_trends_dataset,2023-06-21,,2.0,0,Text,#Challenge,315841,2655.0,98963,4217473.0,9.8983,Medium
TikTok,viral_trends_dataset,2022-08-25,,3.0,0,Video,#Comedy,127849,17515.0,30815,2283129.0,7.7166,Medium
YouTube,viral_trends_dataset,2022-03-17,,3.0,0,Video,#Gaming,87494,19414.0,30237,2488678.0,5.5108,Low
YouTube,viral_trends_dataset,2023-02-28,,1.0,0,Video,#Fashion,351694,17845.0,14602,3340718.0,11.4988,Medium
Twitter,viral_trends_dataset,2023-10-02,,0.0,0,Live,#Comedy,322588,15238.0,41822,3827263.0,9.9196,Low
YouTube,viral_trends_dataset,2023-01-27,,4.0,0,Live,#Fitness,325908,3286.0,68520,3874541.0,10.2648,Low
YouTube,viral_trends_dataset,2023-04-07,,4.0,0,Live,#Dance,163124,5516.0,24416,4659825.0,4.143,Low
TikTok,viral_trends_dataset,2022-06-28,,1.0,0,Video,#Tech,483813,10201.0,54265,2056875.0,26.6559,Low
TikTok,viral_trends_dataset,2022-06-02,,3.0,0,Live,#Challenge,214293,23680.0,85464,1729099.0,18.7055,High
YouTube,viral_trends_dataset,2022-10-26,,2.0,0,Image,#Gaming,426448,6655.0,3515,704858.0,61.9441,High
Instagram,viral_trends_dataset,2022-06-28,,1.0,0,Video,#Tech,125726,10865.0,6638,4843527.0,2.9571,High
Twitter,viral_trends_dataset,2023-09-21,,3.0,0,Video,#Tech,443899,24835.0,62686,2601129.0,20.4304,High
Twitter,viral_trends_dataset,2022-07-21,,3.0,0,Image,#Challenge,320457,40721.0,90568,3655039.0,12.3595,Low
Twitter,viral_trends_dataset,2023-05-18,,3.0,0,Live,#Education,424972,48752.0,73584,3086921.0,17.7299,Medium
YouTube,viral_trends_dataset,2023-10-09,,0.0,0,Image,#Fitness,383944,11701.0,11945,2307451.0,17.6641,Low
Instagram,viral_trends_dataset,2022-02-01,,1.0,0,Text,#Tech,316401,7383.0,92501,3652853.0,11.3962,Low
Instagram,viral_trends_dataset,2023-04-25,,1.0,0,Image,#Fitness,326779,15219.0,68925,4548249.0,9.0348,Medium
Instagram,viral_trends_dataset,2023-11-05,,6.0,1,Video,#Challenge,50620,17406.0,69364,806577.0,17.0337,Medium
YouTube,viral_trends_dataset,2023-04-07,,4.0,0,Text,#Comedy,358232,46144.0,54348,3364887.0,13.6327,Low
TikTok,viral_trends_dataset,2022-03-26,,5.0,1,Image,#Tech,77092,8320.0,85563,921025.0,18.5636,High
Instagram,viral_trends_dataset,2023-04-23,,6.0,1,Live,#Music,62511,3768.0,61932,2511024.0,5.1059,High
TikTok,viral_trends_dataset,2022-09-09,,4.0,0,Image,#Dance,369192,39957.0,36890,1428353.0,31.2275,Medium
YouTube,viral_trends_dataset,2023-12-09,,5.0,1,Video,#Comedy,156255,12258.0,51939,631719.0,34.8972,Low
Instagram,viral_trends_dataset,2023-01-15,,6.0,1,Video,#Tech,316369,27325.0,65626,3837949.0,10.6651,Medium
TikTok,viral_trends_dataset,2023-09-04,,0.0,0,Image,#Comedy,54486,31302.0,64779,4632365.0,3.2503,High
TikTok,viral_trends_dataset,2022-07-10,,6.0,1,Video,#Tech,413842,39353.0,15494,3651573.0,12.8353,Low
YouTube,viral_trends_dataset,2023-04-07,,4.0,0,Text,#Education,311832,24107.0,3147,774578.0,43.7769,Low
TikTok,viral_trends_dataset,2023-03-16,,3.0,0,Video,#Comedy,409848,3207.0,69179,660799.0,72.9774,Medium
Instagram,viral_trends_dataset,2022-06-29,,2.0,0,Live,#Dance,408508,30622.0,7362,156951.0,284.4786,Medium
Instagram,viral_trends_dataset,2022-09-11,,6.0,1,Live,#Fitness,460909,20708.0,52610,3159453.0,16.9088,Medium
YouTube,viral_trends_dataset,2023-09-07,,3.0,0,Live,#Comedy,167714,35133.0,51035,1873915.0,13.5482,High
YouTube,viral_trends_dataset,2023-06-05,,0.0,0,Video,#Education,323545,349.0,45684,4702260.0,7.8596,High
Twitter,viral_trends_dataset,2022-08-26,,4.0,0,Image,#Gaming,362958,119.0,35443,2696076.0,14.7815,Low
Instagram,viral_trends_dataset,2023-11-14,,1.0,0,Text,#Fitness,78744,26271.0,84042,1659996.0,11.389,Medium
TikTok,viral_trends_dataset,2023-07-28,,4.0,0,Video,#Music,178981,38033.0,59828,244108.0,113.4096,High
Twitter,viral_trends_dataset,2022-01-06,,3.0,0,Live,#Challenge,89502,36742.0,34959,2883752.0,5.59,Medium
Twitter,viral_trends_dataset,2023-06-02,,4.0,0,Video,#Gaming,357046,1895.0,19469,4881343.0,7.7522,Low
Instagram,viral_trends_dataset,2022-09-26,,0.0,0,Video,#Music,214076,23364.0,33445,3133920.0,8.6436,High
YouTube,viral_trends_dataset,2023-01-19,,3.0,0,Text,#Gaming,67805,43999.0,15753,120859.0,105.542,High
Instagram,viral_trends_dataset,2022-11-04,,4.0,0,Text,#Education,220498,8876.0,25835,4099154.0,6.2259,High
TikTok,viral_trends_dataset,2022-11-14,,0.0,0,Video,#Music,148559,30671.0,99873,204127.0,136.7301,Medium
TikTok,viral_trends_dataset,2023-08-30,,2.0,0,Video,#Gaming,281353,26268.0,78187,145648.0,264.8907,Low
TikTok,viral_trends_dataset,2022-04-04,,0.0,0,Image,#Dance,216875,18265.0,43249,2595241.0,10.7269,High
TikTok,viral_trends_dataset,2023-05-03,,2.0,0,Video,#Education,448515,13176.0,41351,2285478.0,22.0104,Medium
YouTube,viral_trends_dataset,2023-10-12,,3.0,0,Text,#Education,102881,33466.0,79443,4948346.0,4.3609,Medium
Instagram,viral_trends_dataset,2023-10-20,,4.0,0,Live,#Fashion,458754,2083.0,69225,4588344.0,11.5524,Medium
TikTok,viral_trends_dataset,2023-08-09,,2.0,0,Live,#Education,220668,40811.0,9671,3053446.0,8.8801,Medium
TikTok,viral_trends_dataset,2023-06-24,,5.0,1,Live,#Fashion,376526,36469.0,25378,1730197.0,25.3366,Medium
YouTube,viral_trends_dataset,2022-06-12,,6.0,1,Image,#Viral,230408,37994.0,7039,4221571.0,6.5246,Medium
YouTube,viral_trends_dataset,2022-03-25,,4.0,0,Text,#Music,245867,19589.0,62399,3762415.0,8.714,Low
TikTok,viral_trends_dataset,2023-05-04,,3.0,0,Image,#Education,359508,34944.0,120,4646868.0,8.4911,Medium
Instagram,viral_trends_dataset,2023-06-14,,2.0,0,Video,#Fashion,39829,33557.0,39612,2202961.0,5.1294,Low
TikTok,viral_trends_dataset,2023-10-16,,0.0,0,Video,#Viral,110030,22105.0,2062,1877441.0,7.1479,High
Instagram,viral_trends_dataset,2023-10-25,,2.0,0,Live,#Tech,473612,39461.0,67470,2316030.0,25.0663,Low
TikTok,viral_trends_dataset,2022-05-05,,3.0,0,Video,#Viral,274119,14662.0,14486,994627.0,30.4905,Medium
TikTok,viral_trends_dataset,2023-04-15,,5.0,1,Video,#Music,355421,8773.0,35317,4096259.0,9.7531,Medium
YouTube,viral_trends_dataset,2023-08-07,,0.0,0,Live,#Fashion,428585,26006.0,35124,4485690.0,10.9173,Medium
TikTok,viral_trends_dataset,2023-04-26,,2.0,0,Live,#Comedy,10779,49608.0,49769,4129059.0,2.6678,Low
Twitter,viral_trends_dataset,2023-07-29,,5.0,1,Live,#Fashion,445169,22347.0,82700,695143.0,79.1515,Medium
TikTok,viral_trends_dataset,2022-01-02,,6.0,1,Video,#Dance,309847,25793.0,47878,3830713.0,10.0117,High
TikTok,viral_trends_dataset,2023-08-06,,6.0,1,Video,#Fitness,499922,19020.0,38576,2973845.0,18.7474,High
Twitter,viral_trends_dataset,2022-04-11,,0.0,0,Video,#Fitness,76519,10195.0,2851,4718747.0,1.8981,High
TikTok,viral_trends_dataset,2023-05-24,,2.0,0,Live,#Challenge,156718,27325.0,15931,1108583.0,18.0387,High
YouTube,viral_trends_dataset,2022-02-01,,1.0,0,Video,#Dance,168521,898.0,48709,2664292.0,8.1871,Medium
TikTok,viral_trends_dataset,2023-07-20,,3.0,0,Video,#Challenge,236499,42230.0,38230,4440291.0,7.1382,Low
TikTok,viral_trends_dataset,2023-11-19,,6.0,1,Image,#Challenge,157721,35012.0,32538,3096154.0,7.2758,High
Instagram,viral_trends_dataset,2023-02-25,,5.0,1,Live,#Tech,446765,9762.0,97999,1800642.0,30.796,Low
TikTok,viral_trends_dataset,2023-12-20,,2.0,0,Video,#Viral,244895,17635.0,62161,1546442.0,20.996,Medium
Twitter,viral_trends_dataset,2022-07-24,,6.0,1,Image,#Dance,82773,7069.0,32745,3684565.0,3.327,High
TikTok,viral_trends_dataset,2022-12-29,,3.0,0,Video,#Gaming,36484,3938.0,53999,2836188.0,3.3292,Low
Twitter,viral_trends_dataset,2023-11-06,,0.0,0,Video,#Challenge,160622,5725.0,93396,1927040.0,13.4789,Low
Twitter,viral_trends_dataset,2022-02-01,,1.0,0,Image,#Education,161337,28138.0,11653,2710942.0,7.4191,Medium
TikTok,viral_trends_dataset,2023-07-17,,0.0,0,Text,#Fitness,39949,15133.0,70314,1428672.0,8.7771,Low
Twitter,viral_trends_dataset,2023-03-10,,4.0,0,Live,#Tech,222198,33555.0,53766,171187.0,180.8075,High
TikTok,viral_trends_dataset,2022-03-12,,5.0,1,Image,#Education,149169,22586.0,86258,2400993.0,10.7461,Low
YouTube,viral_trends_dataset,2023-04-14,,4.0,0,Video,#Fashion,125632,42246.0,69396,683404.0,34.7194,High
YouTube,viral_trends_dataset,2023-08-07,,0.0,0,Video,#Dance,236291,20230.0,48695,1084845.0,28.1345,Low
TikTok,viral_trends_dataset,2022-04-24,,6.0,1,Image,#Fashion,251319,45639.0,90801,785441.0,49.3683,High
Instagram,viral_trends_dataset,2023-02-23,,3.0,0,Video,#Fitness,33474,37790.0,31406,2088618.0,4.9157,Low
YouTube,viral_trends_dataset,2023-01-04,,2.0,0,Video,#Fitness,358995,6260.0,39781,1877888.0,21.5687,Medium
YouTube,viral_trends_dataset,2023-09-04,,0.0,0,Video,#Viral,77170,2951.0,26752,2518128.0,4.2441,Medium
YouTube,viral_trends_dataset,2022-07-01,,4.0,0,Image,#Tech,481020,25181.0,94615,2056076.0,29.2215,Medium
YouTube,viral_trends_dataset,2023-06-05,,0.0,0,Text,#Tech,205652,45507.0,74668,535121.0,60.8885,Medium
TikTok,viral_trends_dataset,2023-07-13,,3.0,0,Text,#Fashion,322762,45772.0,69154,3881244.0,11.277,Low
YouTube,viral_trends_dataset,2022-05-04,,2.0,0,Image,#Gaming,449425,35583.0,54623,4498572.0,11.9956,High
Instagram,viral_trends_dataset,2022-08-27,,5.0,1,Video,#Fashion,49571,7419.0,4667,3008256.0,2.0496,High
YouTube,viral_trends_dataset,2022-10-12,,2.0,0,Video,#Gaming,41192,26107.0,4687,1987787.0,3.6214,Low
TikTok,viral_trends_dataset,2023-02-14,,1.0,0,Text,#Dance,27418,3114.0,58555,4486633.0,1.9856,Low
TikTok,viral_trends_dataset,2023-01-12,,3.0,0,Live,#Gaming,260126,7127.0,47936,496567.0,63.4736,High
YouTube,viral_trends_dataset,2023-05-01,,0.0,0,Text,#Music,280741,17906.0,96904,4731153.0,8.3606,Medium
Twitter,viral_trends_dataset,2023-11-07,,1.0,0,Image,#Viral,431284,46613.0,38305,212704.0,242.6856,High
Twitter,viral_trends_dataset,2022-09-07,,2.0,0,Video,#Fashion,324119,7716.0,29318,1314532.0,27.4739,High
TikTok,viral_trends_dataset,2022-05-30,,0.0,0,Video,#Education,258225,6932.0,21629,1616973.0,17.736,Medium
Instagram,viral_trends_dataset,2022-04-17,,6.0,1,Image,#Education,333304,41206.0,64397,3692899.0,11.8852,High
Twitter,viral_trends_dataset,2023-06-20,,1.0,0,Live,#Tech,67796,30462.0,52824,1670435.0,9.0445,Medium
Twitter,viral_trends_dataset,2023-01-06,,4.0,0,Video,#Fashion,442212,4338.0,71040,3923288.0,13.1928,Medium
TikTok,viral_trends_dataset,2023-12-02,,5.0,1,Video,#Viral,3030,5046.0,44751,1756626.0,3.0073,Medium
Twitter,viral_trends_dataset,2023-03-07,,1.0,0,Text,#Tech,476695,6539.0,34147,1262732.0,40.9731,Low
Instagram,viral_trends_dataset,2023-09-08,,4.0,0,Text,#Fashion,68913,2520.0,48724,652613.0,18.4117,High
TikTok,viral_trends_dataset,2022-07-10,,6.0,1,Live,#Fashion,499147,4513.0,11602,2216863.0,23.2428,Low
TikTok,viral_trends_dataset,2023-07-06,,3.0,0,Video,#Tech,382933,35325.0,33818,3847940.0,11.7485,High
TikTok,viral_trends_dataset,2023-04-10,,0.0,0,Live,#Tech,299277,22378.0,88023,431450.0,94.9538,Medium
YouTube,viral_trends_dataset,2023-12-24,,6.0,1,Video,#Music,384754,30923.0,68003,4136937.0,11.6917,High
Twitter,viral_trends_dataset,2023-06-04,,6.0,1,Text,#Education,453977,12085.0,51450,4747512.0,10.9007,Medium
YouTube,viral_trends_dataset,2022-08-03,,2.0,0,Video,#Challenge,444847,44360.0,46095,2391980.0,22.379,Low
Twitter,viral_trends_dataset,2022-02-19,,5.0,1,Video,#Dance,206052,32820.0,32784,2663152.0,10.2005,High
Twitter,viral_trends_dataset,2023-07-26,,2.0,0,Video,#Fashion,202697,270.0,90673,932607.0,31.4859,High
Twitter,viral_trends_dataset,2023-08-29,,1.0,0,Video,#Comedy,384661,25664.0,43128,1295631.0,34.9986,High
TikTok,viral_trends_dataset,2022-08-12,,4.0,0,Video,#Tech,257949,41644.0,1409,3914990.0,7.6884,Medium
Instagram,viral_trends_dataset,2023-06-20,,1.0,0,Live,#Gaming,28922,39287.0,67896,4004484.0,3.3988,Medium
Twitter,viral_trends_dataset,2023-08-13,,6.0,1,Image,#Fitness,23428,28304.0,62797,2526693.0,4.5328,Medium
Twitter,viral_trends_dataset,2023-06-24,,5.0,1,Video,#Gaming,152530,15910.0,42933,3234591.0,6.5348,Low
Twitter,viral_trends_dataset,2023-02-10,,4.0,0,Video,#Challenge,306722,22652.0,26650,1680858.0,21.1811,Low
YouTube,viral_trends_dataset,2022-03-13,,6.0,1,Live,#Dance,205017,46380.0,50107,3524578.0,8.5543,Low
Twitter,viral_trends_dataset,2022-04-19,,1.0,0,Text,#Comedy,267877,33755.0,99635,811909.0,49.4227,Low
Instagram,viral_trends_dataset,2023-07-30,,6.0,1,Video,#Tech,265588,43619.0,10903,2703206.0,11.8419,Low
Twitter,viral_trends_dataset,2023-05-19,,4.0,0,Video,#Fashion,476756,30462.0,74016,4926792.0,11.7974,Medium
Instagram,viral_trends_dataset,2022-08-04,,3.0,0,Live,#Gaming,295265,18596.0,43546,2605580.0,13.717,High
Instagram,viral_trends_dataset,2022-11-07,,0.0,0,Video,#Dance,235103,18896.0,16489,675381.0,40.0497,Low
YouTube,viral_trends_dataset,2023-05-10,,2.0,0,Image,#Tech,117156,44942.0,48201,2583578.0,8.1398,High
YouTube,viral_trends_dataset,2023-03-06,,0.0,0,Video,#Fashion,179971,20886.0,22707,3986877.0,5.6075,Low
YouTube,viral_trends_dataset,2022-07-10,,6.0,1,Image,#Fashion,135578,36180.0,31719,4576712.0,4.4459,Low
Instagram,viral_trends_dataset,2022-09-30,,4.0,0,Video,#Fitness,264811,24414.0,27451,3228575.0,9.8085,High
Instagram,viral_trends_dataset,2023-03-25,,5.0,1,Video,#Education,181553,3465.0,21480,3413756.0,6.049,Low
Twitter,viral_trends_dataset,2022-10-12,,2.0,0,Image,#Fashion,232692,36166.0,8846,939606.0,29.5554,High
Instagram,viral_trends_dataset,2022-05-11,,2.0,0,Image,#Dance,287542,42322.0,90299,1145849.0,36.6683,High
Twitter,viral_trends_dataset,2022-08-19,,4.0,0,Video,#Challenge,355237,1657.0,85558,588305.0,75.2079,Medium
YouTube,viral_trends_dataset,2023-03-20,,0.0,0,Video,#Fitness,47708,37640.0,76578,3861892.0,4.1929,Low
Twitter,viral_trends_dataset,2022-10-01,,5.0,1,Image,#Education,109062,40554.0,80947,4427716.0,5.2073,High
YouTube,viral_trends_dataset,2022-08-26,,4.0,0,Video,#Education,334394,41057.0,46223,4806719.0,8.7726,Low
Twitter,viral_trends_dataset,2023-03-18,,5.0,1,Live,#Dance,413922,14507.0,85371,4814733.0,10.6714,High
TikTok,viral_trends_dataset,2022-02-14,,0.0,0,Text,#Music,394401,6258.0,54346,3946834.0,11.5284,Medium
YouTube,viral_trends_dataset,2023-07-26,,2.0,0,Video,#Fashion,270115,11512.0,42913,1269726.0,25.5598,High
Twitter,viral_trends_dataset,2023-10-24,,1.0,0,Image,#Tech,286423,10893.0,76936,4079564.0,9.1738,Medium
Instagram,viral_trends_dataset,2022-12-23,,4.0,0,Image,#Challenge,465657,5015.0,33665,4431107.0,11.3817,Medium
YouTube,viral_trends_dataset,2023-11-25,,5.0,1,Live,#Challenge,25700,49114.0,44736,4020489.0,2.9735,Low
Instagram,viral_trends_dataset,2023-01-05,,3.0,0,Video,#Education,223769,11556.0,87424,2982515.0,10.8214,High
YouTube,viral_trends_dataset,2022-06-23,,3.0,0,Video,#Viral,349917,6379.0,96965,556692.0,81.4204,Low
Instagram,viral_trends_dataset,2023-04-08,,5.0,1,Text,#Dance,309174,14068.0,3823,2487151.0,13.1502,High
Instagram,viral_trends_dataset,2023-06-01,,3.0,0,Live,#Challenge,98572,22004.0,86466,827453.0,25.0216,High
YouTube,viral_trends_dataset,2023-09-20,,2.0,0,Text,#Music,68237,27681.0,29413,724983.0,17.2874,Medium
Twitter,viral_trends_dataset,2023-02-04,,5.0,1,Video,#Music,150762,1486.0,99579,1468817.0,17.1449,High
YouTube,viral_trends_dataset,2022-11-25,,4.0,0,Video,#Comedy,219247,28304.0,83057,3186028.0,10.3768,Medium
TikTok,viral_trends_dataset,2023-11-02,,3.0,0,Live,#Tech,87132,1464.0,11145,4508915.0,2.2121,High
Instagram,viral_trends_dataset,2022-03-17,,3.0,0,Video,#Viral,416382,47488.0,88301,4397591.0,12.5562,Medium
YouTube,viral_trends_dataset,2022-09-13,,1.0,0,Image,#Education,471857,45781.0,28736,3601578.0,15.1704,Medium
Twitter,viral_trends_dataset,2022-07-05,,1.0,0,Video,#Viral,348089,14943.0,61193,3841456.0,11.0433,High
YouTube,viral_trends_dataset,2023-07-07,,4.0,0,Video,#Viral,195633,20583.0,15859,1034261.0,22.4387,Low
Instagram,viral_trends_dataset,2023-09-14,,3.0,0,Video,#Tech,281512,28963.0,29457,604410.0,56.242,Medium
YouTube,viral_trends_dataset,2023-07-14,,4.0,0,Image,#Gaming,172803,18377.0,2213,2028335.0,9.5346,Medium
Instagram,viral_trends_dataset,2022-03-25,,4.0,0,Video,#Fashion,282262,16684.0,66844,4771704.0,7.6658,Low
YouTube,viral_trends_dataset,2022-12-27,,1.0,0,Video,#Dance,218368,4186.0,44457,3411739.0,7.8262,High
TikTok,viral_trends_dataset,2022-04-05,,1.0,0,Video,#Gaming,432821,39288.0,9865,4076916.0,11.822,Low
YouTube,viral_trends_dataset,2023-03-28,,1.0,0,Image,#Education,432567,35843.0,21030,2758264.0,17.7445,Medium
TikTok,viral_trends_dataset,2023-05-29,,0.0,0,Video,#Fashion,388913,9024.0,45669,3998415.0,11.0945,Medium
Twitter,viral_trends_dataset,2023-07-27,,3.0,0,Text,#Comedy,488595,45019.0,87749,1042784.0,59.5869,High
Instagram,viral_trends_dataset,2023-10-09,,0.0,0,Image,#Education,97181,23324.0,19120,4873492.0,2.865,High
YouTube,viral_trends_dataset,2023-05-08,,0.0,0,Image,#Tech,320442,44516.0,87429,975799.0,46.3607,Medium
Instagram,viral_trends_dataset,2022-01-25,,1.0,0,Video,#Music,90647,30875.0,96551,1227035.0,17.7724,Medium
Instagram,viral_trends_dataset,2022-05-11,,2.0,0,Live,#Challenge,417021,10445.0,8144,2940609.0,14.8136,Medium
Twitter,viral_trends_dataset,2023-08-05,,5.0,1,Live,#Fashion,409248,35140.0,48230,3088030.0,15.9525,Low
Twitter,viral_trends_dataset,2022-04-15,,4.0,0,Image,#Viral,280764,47050.0,84256,1459533.0,28.233,High
Instagram,viral_trends_dataset,2022-03-23,,2.0,0,Video,#Tech,376672,42986.0,46465,4501262.0,10.3554,High
YouTube,viral_trends_dataset,2023-06-28,,2.0,0,Text,#Fashion,101693,11498.0,79172,2946718.0,6.528,Medium
Twitter,viral_trends_dataset,2022-01-17,,0.0,0,Image,#Music,320317,36993.0,16914,925089.0,40.4528,High
Twitter,viral_trends_dataset,2023-07-30,,6.0,1,Image,#Fashion,337274,4315.0,36656,1912431.0,19.7782,Medium
Instagram,viral_trends_dataset,2022-07-25,,0.0,0,Video,#Fitness,336333,45633.0,92713,2023201.0,23.4618,Medium
Twitter,viral_trends_dataset,2022-10-09,,6.0,1,Video,#Tech,269272,4628.0,7945,1254731.0,22.4626,Low
Twitter,viral_trends_dataset,2023-11-03,,4.0,0,Live,#Viral,37887,5188.0,25829,4879682.0,1.4121,Low
Instagram,viral_trends_dataset,2023-05-26,,4.0,0,Video,#Comedy,5074,3832.0,20536,1316770.0,2.2359,Medium
YouTube,viral_trends_dataset,2022-09-26,,0.0,0,Video,#Dance,201072,18675.0,22798,2650048.0,9.1525,Medium
YouTube,viral_trends_dataset,2022-06-10,,4.0,0,Image,#Viral,433863,4475.0,96742,4624315.0,11.571,Low
TikTok,viral_trends_dataset,2022-11-03,,3.0,0,Video,#Music,10582,9733.0,34672,68419.0,80.368,High
Instagram,viral_trends_dataset,2022-06-08,,2.0,0,Image,#Education,246832,26490.0,39479,4326229.0,7.2303,High
Twitter,viral_trends_dataset,2023-09-06,,2.0,0,Text,#Education,55618,20734.0,13695,201981.0,44.5819,High
YouTube,viral_trends_dataset,2023-09-06,,2.0,0,Video,#Comedy,263896,34022.0,18776,3909577.0,8.1005,Low
YouTube,viral_trends_dataset,2022-08-08,,0.0,0,Video,#Education,342492,25920.0,97455,4708328.0,9.8945,High
Instagram,viral_trends_dataset,2022-10-29,,5.0,1,Video,#Music,74979,26615.0,9432,236875.0,46.8711,Low
Instagram,viral_trends_dataset,2023-06-14,,2.0,0,Video,#Education,141902,12914.0,86919,4566449.0,5.2937,Low
YouTube,viral_trends_dataset,2022-09-28,,2.0,0,Image,#Fitness,343733,23115.0,96061,3893488.0,11.8893,High
TikTok,viral_trends_dataset,2022-12-11,,6.0,1,Live,#Challenge,111600,19673.0,71519,1788144.0,11.3409,High
YouTube,viral_trends_dataset,2022-08-31,,2.0,0,Image,#Dance,200432,27975.0,97595,1573021.0,20.7246,Low
TikTok,viral_trends_dataset,2022-01-31,,0.0,0,Video,#Fashion,425285,30298.0,64520,4567357.0,11.3874,Medium
YouTube,viral_trends_dataset,2023-05-05,,4.0,0,Video,#Tech,227556,23089.0,13764,283090.0,93.401,Low
Instagram,viral_trends_dataset,2023-06-27,,1.0,0,Video,#Tech,409709,1705.0,41368,276749.0,163.6075,Medium
Instagram,viral_trends_dataset,2022-08-21,,6.0,1,Live,#Fitness,421936,15861.0,20418,2872146.0,15.9538,Medium
YouTube,viral_trends_dataset,2022-03-28,,0.0,0,Text,#Tech,223542,36938.0,59380,1113796.0,28.718,Low
YouTube,viral_trends_dataset,2023-05-03,,2.0,0,Text,#Comedy,268114,19572.0,34565,4769371.0,6.7567,Medium
Twitter,viral_trends_dataset,2023-11-19,,6.0,1,Video,#Dance,66428,21008.0,21959,3690550.0,2.9642,High
YouTube,viral_trends_dataset,2023-08-03,,3.0,0,Video,#Viral,218186,7059.0,94436,1841123.0,17.3634,Low
YouTube,viral_trends_dataset,2022-10-20,,3.0,0,Live,#Viral,430648,35805.0,37387,783895.0,64.2739,Low
Twitter,viral_trends_dataset,2022-02-03,,3.0,0,Video,#Challenge,438609,30472.0,12994,4139390.0,11.646,Low
Instagram,viral_trends_dataset,2023-11-30,,3.0,0,Live,#Gaming,304084,23126.0,26970,4616223.0,7.6725,Low
Twitter,viral_trends_dataset,2023-07-22,,5.0,1,Image,#Fitness,90120,39843.0,40959,997408.0,17.1366,High
TikTok,viral_trends_dataset,2022-04-02,,5.0,1,Video,#Gaming,167376,32126.0,4736,4784006.0,4.2692,Low
TikTok,viral_trends_dataset,2023-02-16,,3.0,0,Video,#Gaming,416802,45764.0,10726,3914797.0,12.0898,Medium
YouTube,viral_trends_dataset,2023-08-20,,6.0,1,Image,#Education,221150,11048.0,60273,2438078.0,11.996,Medium
TikTok,viral_trends_dataset,2023-05-29,,0.0,0,Video,#Challenge,478518,2125.0,92766,1499889.0,38.2301,High
Instagram,viral_trends_dataset,2023-11-07,,1.0,0,Video,#Fashion,217601,15725.0,92282,623920.0,52.1875,Low
TikTok,viral_trends_dataset,2022-06-25,,5.0,1,Live,#Dance,422027,8210.0,65465,1304376.0,38.003,Low
YouTube,viral_trends_dataset,2022-10-26,,2.0,0,Text,#Challenge,308745,41998.0,51775,3050118.0,13.1968,Low
Instagram,viral_trends_dataset,2022-09-28,,2.0,0,Image,#Tech,131704,882.0,17338,384054.0,39.0372,Low
YouTube,viral_trends_dataset,2023-06-25,,6.0,1,Video,#Education,87799,24975.0,92729,2852085.0,7.2054,Low
TikTok,viral_trends_dataset,2023-09-22,,4.0,0,Video,#Comedy,475485,20811.0,53156,2786558.0,19.7179,Low
Twitter,viral_trends_dataset,2022-03-30,,2.0,0,Image,#Comedy,167756,25540.0,43245,195578.0,120.9446,High
Twitter,viral_trends_dataset,2023-07-17,,0.0,0,Video,#Challenge,281554,45190.0,81408,1688397.0,24.1739,High
Instagram,viral_trends_dataset,2022-12-31,,5.0,1,Video,#Fitness,16738,43757.0,9695,2036540.0,3.4465,High
YouTube,viral_trends_dataset,2022-05-24,,1.0,0,Video,#Comedy,221429,13098.0,60644,4868393.0,6.063,High
Twitter,viral_trends_dataset,2022-06-04,,5.0,1,Image,#Dance,195399,14090.0,20484,2498626.0,9.204,High
Instagram,viral_trends_dataset,2022-02-06,,6.0,1,Image,#Education,433852,31850.0,77135,1020700.0,53.1828,High
TikTok,viral_trends_dataset,2023-01-24,,1.0,0,Live,#Tech,169488,4980.0,24750,3269635.0,6.093,Low
Instagram,viral_trends_dataset,2022-12-27,,1.0,0,Live,#Viral,423500,34819.0,50945,39781.0,1280.1689,Low
Instagram,viral_trends_dataset,2023-01-27,,4.0,0,Image,#Fashion,412823,11702.0,75641,97690.0,511.993,Low
Twitter,viral_trends_dataset,2022-06-03,,4.0,0,Image,#Viral,321584,14884.0,22363,4481616.0,8.0067,Low
Twitter,viral_trends_dataset,2022-07-24,,6.0,1,Video,#Education,104981,19365.0,20957,3689048.0,3.9388,Low
Instagram,viral_trends_dataset,2022-12-23,,4.0,0,Video,#Fashion,377017,49912.0,1123,56401.0,758.944,High
TikTok,viral_trends_dataset,2022-01-11,,1.0,0,Live,#Gaming,63857,10497.0,99902,2798360.0,6.2271,High
Instagram,viral_trends_dataset,2022-10-29,,5.0,1,Video,#Viral,327009,21361.0,18316,1748866.0,20.9671,Medium
Twitter,viral_trends_dataset,2023-09-20,,2.0,0,Video,#Dance,213237,48926.0,54881,787450.0,40.2621,Low
Instagram,viral_trends_dataset,2023-12-30,,5.0,1,Video,#Fitness,87676,26540.0,14621,4883378.0,2.6383,Medium
TikTok,viral_trends_dataset,2022-07-18,,0.0,0,Image,#Music,404947,26447.0,83594,1377083.0,37.397,Medium
Instagram,viral_trends_dataset,2022-07-10,,6.0,1,Video,#Music,458647,38590.0,29080,1059321.0,49.6844,High
Twitter,viral_trends_dataset,2022-04-01,,4.0,0,Text,#Gaming,347996,10689.0,28393,1304797.0,29.6658,Low
TikTok,viral_trends_dataset,2023-06-07,,2.0,0,Live,#Dance,231607,7906.0,32444,3129394.0,8.6904,Low
TikTok,viral_trends_dataset,2023-10-22,,6.0,1,Video,#Education,9101,10748.0,7300,769677.0,3.5273,High
TikTok,viral_trends_dataset,2023-10-02,,0.0,0,Video,#Dance,39272,41190.0,23630,1251162.0,8.3196,Low
Twitter,viral_trends_dataset,2022-07-07,,3.0,0,Video,#Music,111926,10310.0,37753,3585274.0,4.4624,Medium
TikTok,viral_trends_dataset,2022-06-06,,0.0,0,Video,#Challenge,238512,47856.0,36261,281292.0,114.6954,High
YouTube,viral_trends_dataset,2022-09-22,,3.0,0,Live,#Dance,306993,3899.0,7673,2805305.0,11.3558,Medium
Instagram,viral_trends_dataset,2022-02-15,,1.0,0,Video,#Challenge,205376,8313.0,88710,478538.0,63.1923,High
YouTube,viral_trends_dataset,2022-08-04,,3.0,0,Video,#Gaming,441786,42533.0,26015,3697282.0,13.803,Medium
Twitter,viral_trends_dataset,2023-08-30,,2.0,0,Video,#Dance,493845,920.0,69739,2051565.0,27.5158,Low
Instagram,viral_trends_dataset,2022-09-14,,2.0,0,Video,#Comedy,231529,6741.0,75728,3613144.0,8.6904,High
TikTok,viral_trends_dataset,2022-06-04,,5.0,1,Video,#Fashion,88443,45032.0,19996,1605981.0,9.5562,Low
TikTok,viral_trends_dataset,2022-03-02,,2.0,0,Live,#Gaming,274406,30406.0,31047,2850412.0,11.7828,Low
TikTok,viral_trends_dataset,2022-10-03,,0.0,0,Video,#Challenge,134984,42823.0,35106,1043395.0,20.4058,Medium
Instagram,viral_trends_dataset,2022-05-28,,5.0,1,Live,#Fitness,309626,19443.0,19111,1438981.0,24.1963,High
Instagram,viral_trends_dataset,2023-07-05,,2.0,0,Live,#Viral,134611,19291.0,34849,478152.0,39.4751,Low
Twitter,viral_trends_dataset,2022-05-15,,6.0,1,Video,#Tech,361649,29515.0,78420,1953776.0,24.0347,High
YouTube,viral_trends_dataset,2023-02-06,,0.0,0,Live,#Viral,455104,18693.0,37331,1635786.0,31.2466,High
TikTok,viral_trends_dataset,2022-11-27,,6.0,1,Video,#Viral,378209,40043.0,5033,3832572.0,11.0444,Medium
TikTok,viral_trends_dataset,2022-12-25,,6.0,1,Text,#Viral,406251,13908.0,21371,1331460.0,33.1613,High
Twitter,viral_trends_dataset,2023-01-10,,1.0,0,Video,#Tech,51239,48395.0,41476,3815471.0,3.6984,High
Twitter,viral_trends_dataset,2022-12-29,,3.0,0,Live,#Comedy,375163,27566.0,10621,2335176.0,17.701,High
Instagram,viral_trends_dataset,2023-10-16,,0.0,0,Video,#Education,499312,6281.0,94311,812354.0,73.8476,Low
YouTube,viral_trends_dataset,2023-12-02,,5.0,1,Video,#Challenge,241725,17323.0,85264,1826169.0,18.8543,Medium
Instagram,viral_trends_dataset,2023-11-12,,6.0,1,Image,#Music,119745,24671.0,44035,2537706.0,7.426,High
YouTube,viral_trends_dataset,2022-03-16,,2.0,0,Live,#Fitness,87418,40766.0,69326,3932748.0,5.0222,Low
YouTube,viral_trends_dataset,2022-06-28,,1.0,0,Image,#Fitness,260423,14245.0,7198,4542259.0,6.2054,Medium
TikTok,viral_trends_dataset,2022-12-14,,2.0,0,Text,#Tech,423159,983.0,10438,3546258.0,12.2546,Medium
YouTube,viral_trends_dataset,2023-05-20,,5.0,1,Video,#Music,349435,11363.0,15210,4070231.0,9.238,Medium
Instagram,viral_trends_dataset,2023-06-13,,1.0,0,Video,#Dance,499664,9299.0,49136,133501.0,418.0486,Low
YouTube,viral_trends_dataset,2023-11-17,,4.0,0,Text,#Challenge,73237,16499.0,48965,4322144.0,3.2091,High
Instagram,viral_trends_dataset,2022-03-23,,2.0,0,Image,#Education,91574,15922.0,67902,2470375.0,7.1001,Low
Twitter,viral_trends_dataset,2023-04-14,,4.0,0,Video,#Music,276752,37422.0,69452,142941.0,268.3807,Medium
YouTube,viral_trends_dataset,2022-01-10,,0.0,0,Live,#Challenge,129066,23221.0,16337,2041537.0,8.2597,Medium
TikTok,viral_trends_dataset,2023-05-07,,6.0,1,Video,#Tech,460471,19165.0,79903,1188268.0,47.0886,High
Instagram,viral_trends_dataset,2022-03-24,,3.0,0,Video,#Dance,447160,33907.0,13987,2994745.0,16.5308,Low
TikTok,viral_trends_dataset,2023-06-05,,0.0,0,Video,#Comedy,383162,19654.0,46613,3568414.0,12.5946,Medium
Twitter,viral_trends_dataset,2022-08-04,,3.0,0,Image,#Viral,4215,34938.0,40958,1693404.0,4.7308,Medium
Twitter,viral_trends_dataset,2023-06-17,,5.0,1,Live,#Fitness,160629,37369.0,19177,467867.0,46.4181,Medium
Instagram,viral_trends_dataset,2023-09-12,,1.0,0,Image,#Tech,19233,47447.0,44540,2875293.0,3.8681,Low
TikTok,viral_trends_dataset,2022-12-12,,0.0,0,Text,#Fitness,346257,19065.0,43800,2618940.0,15.6217,High
Twitter,viral_trends_dataset,2022-12-23,,4.0,0,Text,#Dance,256086,1031.0,82449,4768756.0,7.1206,High
Twitter,viral_trends_dataset,2023-10-29,,6.0,1,Text,#Fashion,71562,5899.0,5400,4410251.0,1.8788,Medium
TikTok,viral_trends_dataset,2022-03-07,,0.0,0,Video,#Fashion,381858,7705.0,20552,314380.0,130.452,High
Twitter,viral_trends_dataset,2023-05-21,,6.0,1,Text,#Gaming,156812,38728.0,98830,2386028.0,12.3372,Low
TikTok,viral_trends_dataset,2022-05-23,,0.0,0,Live,#Dance,491842,45190.0,23554,3321611.0,16.8769,Low
YouTube,viral_trends_dataset,2022-07-22,,4.0,0,Video,#Fashion,476260,40176.0,92683,3494450.0,17.431,Low
Twitter,viral_trends_dataset,2023-10-09,,0.0,0,Image,#Gaming,339897,46662.0,81012,3503879.0,13.3444,Medium
TikTok,viral_trends_dataset,2023-02-02,,3.0,0,Live,#Music,62946,853.0,46878,4335992.0,2.5525,Low
TikTok,viral_trends_dataset,2022-04-18,,0.0,0,Text,#Comedy,343953,6385.0,14008,1159220.0,31.4303,Medium
TikTok,viral_trends_dataset,2023-07-25,,1.0,0,Image,#Fitness,414830,11743.0,64316,2830681.0,17.3417,Low
TikTok,viral_trends_dataset,2022-01-29,,5.0,1,Text,#Comedy,222648,14286.0,81518,891861.0,35.7065,High
Instagram,viral_trends_dataset,2023-12-09,,5.0,1,Video,#Music,223788,14001.0,28338,2229517.0,11.9365,High
Instagram,viral_trends_dataset,2023-12-11,,0.0,0,Text,#Challenge,55437,10261.0,78284,4454713.0,3.2321,Low
YouTube,viral_trends_dataset,2023-10-19,,3.0,0,Image,#Challenge,442021,17053.0,75721,3517027.0,15.2059,Medium
YouTube,viral_trends_dataset,2022-03-22,,1.0,0,Video,#Fashion,22683,731.0,19211,2555232.0,1.6681,Medium
Instagram,viral_trends_dataset,2022-05-13,,4.0,0,Video,#Viral,75633,12416.0,52102,2607404.0,5.3751,High
TikTok,viral_trends_dataset,2022-03-24,,3.0,0,Live,#Comedy,240559,4022.0,15013,387046.0,67.0706,Medium
Instagram,viral_trends_dataset,2023-05-22,,0.0,0,Text,#Challenge,94613,47524.0,21873,3561125.0,4.6056,Medium
Twitter,viral_trends_dataset,2022-05-30,,0.0,0,Image,#Gaming,99877,46295.0,37503,1915575.0,9.5885,High
Instagram,viral_trends_dataset,2022-10-24,,0.0,0,Video,#Music,349303,21451.0,22384,3725186.0,10.5535,Low
YouTube,viral_trends_dataset,2022-09-01,,3.0,0,Video,#Music,163309,48057.0,99334,3586750.0,8.6624,Medium
YouTube,viral_trends_dataset,2023-02-12,,6.0,1,Video,#Fitness,456820,5984.0,93107,1757464.0,31.6314,Medium
YouTube,viral_trends_dataset,2023-06-03,,5.0,1,Video,#Comedy,439425,31690.0,16142,3725746.0,13.0781,Low
Twitter,viral_trends_dataset,2023-12-30,,5.0,1,Video,#Comedy,422339,4809.0,726,2179942.0,19.6278,Medium
TikTok,viral_trends_dataset,2022-12-18,,6.0,1,Video,#Dance,354703,15832.0,79037,2454286.0,18.3178,High
Instagram,viral_trends_dataset,2023-04-17,,0.0,0,Image,#Comedy,236274,40757.0,45770,1722355.0,18.7418,Low
YouTube,viral_trends_dataset,2022-09-24,,5.0,1,Video,#Fitness,159864,17527.0,50509,1886158.0,12.0828,Medium
Instagram,viral_trends_dataset,2023-09-19,,1.0,0,Video,#Music,294331,41720.0,39137,2411833.0,15.5561,High
Instagram,viral_trends_dataset,2022-08-18,,3.0,0,Video,#Tech,357050,1365.0,25187,528143.0,72.6322,Medium
TikTok,viral_trends_dataset,2022-11-28,,0.0,0,Video,#Gaming,308802,24236.0,18650,1606741.0,21.8883,High
Instagram,viral_trends_dataset,2023-05-09,,1.0,0,Image,#Gaming,38532,12777.0,98666,1252622.0,11.9729,Low
YouTube,viral_trends_dataset,2023-05-17,,2.0,0,Text,#Challenge,183527,10565.0,74350,3033929.0,8.848,Low
TikTok,viral_trends_dataset,2022-09-30,,4.0,0,Text,#Fitness,114130,17982.0,35159,2801491.0,5.9708,Low
YouTube,viral_trends_dataset,2023-04-27,,3.0,0,Image,#Tech,207836,4400.0,53641,2337854.0,11.3727,High
Instagram,viral_trends_dataset,2023-09-17,,6.0,1,Video,#Music,376444,49230.0,44939,1405761.0,33.4775,Low
TikTok,viral_trends_dataset,2022-06-22,,2.0,0,Video,#Tech,269878,42348.0,29285,1042317.0,32.7646,Medium
YouTube,viral_trends_dataset,2023-07-10,,0.0,0,Image,#Viral,465489,24827.0,41804,4807013.0,11.0697,Low
Twitter,viral_trends_dataset,2023-06-15,,3.0,0,Live,#Fitness,450601,10111.0,77964,2367995.0,22.7482,Low
Instagram,viral_trends_dataset,2022-06-15,,2.0,0,Live,#Viral,315687,46526.0,77050,955722.0,45.9614,Medium
Instagram,viral_trends_dataset,2023-03-29,,2.0,0,Live,#Fitness,362887,46622.0,45894,153498.0,296.6833,High
TikTok,viral_trends_dataset,2022-03-10,,3.0,0,Video,#Music,144977,7093.0,90468,4931757.0,4.9179,Medium
Instagram,viral_trends_dataset,2023-07-26,,2.0,0,Video,#Music,12871,47224.0,32688,2184869.0,4.2466,Medium
YouTube,viral_trends_dataset,2023-04-08,,5.0,1,Live,#Viral,121903,33945.0,24944,2339949.0,7.7263,Low
TikTok,viral_trends_dataset,2023-11-30,,3.0,0,Image,#Education,137101,37449.0,16256,3166440.0,6.0259,High
TikTok,viral_trends_dataset,2023-11-24,,4.0,0,Video,#Fashion,277525,43645.0,1448,4398635.0,7.3345,Medium
Twitter,viral_trends_dataset,2022-09-04,,6.0,1,Video,#Comedy,265975,28078.0,87534,3945023.0,9.6726,Medium
Twitter,viral_trends_dataset,2023-12-19,,1.0,0,Live,#Education,76579,18605.0,48878,1077987.0,13.364,Medium
Instagram,viral_trends_dataset,2022-05-08,,6.0,1,Live,#Viral,389654,49862.0,63439,3661315.0,13.737,Medium
Instagram,viral_trends_dataset,2023-03-31,,4.0,0,Image,#Comedy,471900,24601.0,960,1663117.0,29.9114,Low
Instagram,viral_trends_dataset,2022-04-03,,6.0,1,Text,#Fitness,185370,19908.0,26878,1322682.0,17.5519,Medium
YouTube,viral_trends_dataset,2022-07-08,,4.0,0,Image,#Gaming,277064,31902.0,78365,4927642.0,7.8604,Medium
YouTube,viral_trends_dataset,2023-02-27,,0.0,0,Live,#Viral,407452,49399.0,53872,1902123.0,26.8502,High
Twitter,viral_trends_dataset,2023-03-26,,6.0,1,Text,#Gaming,61573,16464.0,84514,108003.0,150.506,Medium
Instagram,viral_trends_dataset,2022-04-24,,6.0,1,Text,#Challenge,110536,12779.0,55270,1890827.0,9.4448,Medium
YouTube,viral_trends_dataset,2022-12-03,,5.0,1,Live,#Education,246709,18537.0,68731,4748216.0,7.0337,Medium
YouTube,viral_trends_dataset,2023-06-24,,5.0,1,Image,#Tech,399549,22800.0,44531,1145812.0,40.7466,Low
TikTok,viral_trends_dataset,2023-12-09,,5.0,1,Text,#Dance,175590,11738.0,67235,4621186.0,5.5086,High
TikTok,viral_trends_dataset,2023-05-20,,5.0,1,Video,#Fashion,436646,46844.0,82483,4197429.0,13.4838,High
TikTok,viral_trends_dataset,2022-09-04,,6.0,1,Video,#Fashion,342839,6066.0,82420,4577755.0,9.4222,Low
Instagram,viral_trends_dataset,2023-01-30,,0.0,0,Live,#Tech,221994,5057.0,56470,4053392.0,6.9947,Low
YouTube,viral_trends_dataset,2022-09-25,,6.0,1,Video,#Fitness,222736,26124.0,58242,968000.0,31.7254,Medium
Instagram,viral_trends_dataset,2023-05-06,,5.0,1,Live,#Gaming,129661,42840.0,92531,4530813.0,5.8495,Medium
TikTok,viral_trends_dataset,2023-03-11,,5.0,1,Video,#Fashion,32736,23569.0,66718,995769.0,12.3546,Low
TikTok,viral_trends_dataset,2023-07-01,,5.0,1,Video,#Viral,61971,44195.0,67431,705147.0,24.6186,High
TikTok,viral_trends_dataset,2023-02-10,,4.0,0,Video,#Education,186031,20184.0,94098,783731.0,38.3184,High
Instagram,viral_trends_dataset,2022-11-09,,2.0,0,Text,#Tech,420187,34025.0,28350,2822791.0,17.0952,Medium
Twitter,viral_trends_dataset,2022-11-20,,6.0,1,Video,#Tech,297792,16868.0,47612,2810102.0,12.8918,High
Instagram,viral_trends_dataset,2022-02-04,,4.0,0,Text,#Challenge,195846,10966.0,61196,1707151.0,15.6991,High
Twitter,viral_trends_dataset,2022-10-03,,0.0,0,Video,#Viral,115191,14750.0,51741,1376840.0,13.1956,Low
Instagram,viral_trends_dataset,2022-01-09,,6.0,1,Video,#Viral,176050,12843.0,52562,4627367.0,5.218,Low
YouTube,viral_trends_dataset,2022-04-10,,6.0,1,Image,#Tech,71052,40956.0,317,2775989.0,4.0463,High
Twitter,viral_trends_dataset,2022-11-18,,4.0,0,Video,#Viral,317436,31110.0,3432,2138052.0,16.4626,Medium
TikTok,viral_trends_dataset,2022-06-03,,4.0,0,Video,#Fashion,286055,41716.0,58240,1550135.0,24.9018,Medium
Twitter,viral_trends_dataset,2022-02-07,,0.0,0,Video,#Music,73738,37956.0,6675,3655004.0,3.2385,High
Twitter,viral_trends_dataset,2022-01-29,,5.0,1,Video,#Education,265447,32516.0,3749,3322882.0,9.0798,High
Instagram,viral_trends_dataset,2023-08-15,,1.0,0,Video,#Challenge,104553,30245.0,44545,1498441.0,11.9686,High
Twitter,viral_trends_dataset,2022-12-01,,3.0,0,Video,#Music,179475,5403.0,72838,4412239.0,5.8409,High
TikTok,viral_trends_dataset,2022-02-28,,0.0,0,Video,#Education,35620,42697.0,88979,1849829.0,9.0439,High
Twitter,viral_trends_dataset,2022-07-13,,2.0,0,Video,#Tech,222286,23341.0,2629,2855352.0,8.6944,Medium
YouTube,viral_trends_dataset,2023-08-10,,3.0,0,Live,#Education,191788,23322.0,33946,4901555.0,5.0812,Medium
YouTube,viral_trends_dataset,2023-03-09,,3.0,0,Live,#Dance,63502,39729.0,18314,4208579.0,2.888,Low
YouTube,viral_trends_dataset,2023-09-22,,4.0,0,Text,#Music,218049,29878.0,93137,1550211.0,22.0011,Medium
YouTube,viral_trends_dataset,2023-01-03,,1.0,0,Video,#Fashion,326282,46111.0,46429,1816906.0,23.0514,Low
TikTok,viral_trends_dataset,2022-08-19,,4.0,0,Video,#Tech,112697,37377.0,33231,4680407.0,3.9164,High
Instagram,viral_trends_dataset,2023-12-24,,6.0,1,Video,#Tech,69051,38231.0,12083,285407.0,41.8227,Low
Instagram,viral_trends_dataset,2022-09-29,,3.0,0,Live,#Viral,316555,2987.0,60967,2018387.0,18.8521,High
YouTube,viral_trends_dataset,2023-04-24,,0.0,0,Text,#Education,23454,28155.0,67011,441218.0,26.8847,Medium
YouTube,viral_trends_dataset,2022-07-21,,3.0,0,Text,#Fashion,53750,10736.0,52102,1312354.0,8.8839,High
TikTok,viral_trends_dataset,2022-10-17,,0.0,0,Live,#Music,186594,5540.0,81646,4710683.0,5.8119,Low
TikTok,viral_trends_dataset,2022-02-19,,5.0,1,Live,#Tech,202584,42222.0,40628,4565376.0,6.2521,Low
Instagram,viral_trends_dataset,2023-02-01,,2.0,0,Image,#Gaming,108243,33958.0,73742,2460263.0,8.7772,High
TikTok,viral_trends_dataset,2023-08-12,,5.0,1,Video,#Dance,486676,33083.0,75401,4673736.0,12.7341,Low
YouTube,viral_trends_dataset,2022-08-10,,2.0,0,Live,#Fitness,78361,20204.0,96864,4217451.0,4.6338,Low
Instagram,viral_trends_dataset,2023-08-30,,2.0,0,Image,#Gaming,296994,33525.0,31652,4503859.0,8.0413,Low
Instagram,viral_trends_dataset,2022-07-03,,6.0,1,Video,#Gaming,455793,29388.0,97926,513332.0,113.5926,Medium
TikTok,viral_trends_dataset,2022-05-04,,2.0,0,Image,#Viral,89948,32539.0,85169,1606939.0,12.9225,Medium
YouTube,viral_trends_dataset,2023-10-30,,0.0,0,Text,#Fitness,217585,45339.0,40079,2706714.0,11.1945,Low
YouTube,viral_trends_dataset,2023-09-08,,4.0,0,Video,#Fitness,362435,20119.0,12610,3463687.0,11.4088,Low
Instagram,viral_trends_dataset,2022-09-13,,1.0,0,Video,#Challenge,118006,32402.0,19060,2732791.0,6.2013,High
YouTube,viral_trends_dataset,2023-04-13,,3.0,0,Video,#Dance,371293,26058.0,96714,1689280.0,29.2471,High
YouTube,viral_trends_dataset,2023-10-31,,1.0,0,Live,#Gaming,53307,37220.0,32466,2898290.0,4.2436,Low
TikTok,viral_trends_dataset,2023-12-02,,5.0,1,Video,#Viral,485528,21395.0,56352,199708.0,282.0493,Low
TikTok,viral_trends_dataset,2022-07-21,,3.0,0,Video,#Fashion,189948,47931.0,84123,4343078.0,7.4141,High
TikTok,viral_trends_dataset,2023-07-10,,0.0,0,Video,#Tech,224187,1019.0,49865,3155890.0,8.7161,Medium
TikTok,viral_trends_dataset,2022-08-13,,5.0,1,Video,#Challenge,393119,15354.0,20044,4126753.0,10.3839,High
TikTok,viral_trends_dataset,2022-06-18,,5.0,1,Video,#Education,482311,24052.0,27608,4956515.0,10.7731,High
YouTube,viral_trends_dataset,2023-04-18,,1.0,0,Video,#Music,431289,11337.0,89241,4194212.0,12.681,Medium
YouTube,viral_trends_dataset,2022-02-13,,6.0,1,Text,#Tech,330937,41934.0,83911,4701545.0,9.7156,High
YouTube,viral_trends_dataset,2023-03-16,,3.0,0,Text,#Viral,398166,14705.0,7891,2933029.0,14.3456,High
Instagram,viral_trends_dataset,2023-06-28,,2.0,0,Live,#Education,424010,40154.0,3881,926712.0,50.506,Low
TikTok,viral_trends_dataset,2022-04-26,,1.0,0,Video,#Tech,368117,35313.0,23060,2053356.0,20.7704,High
Twitter,viral_trends_dataset,2022-05-27,,4.0,0,Video,#Comedy,203603,40192.0,83604,1454570.0,22.5083,Medium
TikTok,viral_trends_dataset,2022-02-15,,1.0,0,Video,#Dance,290041,14249.0,33134,2676023.0,12.6092,Low
Twitter,viral_trends_dataset,2022-08-21,,6.0,1,Video,#Viral,326965,39720.0,84031,3839871.0,11.7378,High
TikTok,viral_trends_dataset,2022-07-02,,5.0,1,Video,#Tech,37438,42965.0,49845,3437467.0,3.7891,Low
TikTok,viral_trends_dataset,2022-01-26,,2.0,0,Video,#Tech,103726,30215.0,76576,42222.0,498.5955,Medium
Instagram,viral_trends_dataset,2022-10-09,,6.0,1,Image,#Fashion,50694,8402.0,92406,4048901.0,3.7418,High
TikTok,viral_trends_dataset,2023-01-13,,4.0,0,Live,#Viral,126785,35860.0,67006,705135.0,32.5684,Low
Instagram,viral_trends_dataset,2023-07-15,,5.0,1,Image,#Challenge,65643,14353.0,21278,3253451.0,3.1128,Low
Instagram,viral_trends_dataset,2023-04-30,,6.0,1,Text,#Fitness,309679,2957.0,88484,52567.0,763.0643,Low
YouTube,viral_trends_dataset,2022-01-18,,1.0,0,Video,#Education,155733,23283.0,30200,3989382.0,5.2443,High
YouTube,viral_trends_dataset,2023-06-20,,1.0,0,Text,#Education,349119,17093.0,19350,768503.0,50.1705,High
Instagram,viral_trends_dataset,2022-08-18,,3.0,0,Image,#Tech,40339,23618.0,80645,127793.0,113.1533,Low
YouTube,viral_trends_dataset,2022-11-04,,4.0,0,Image,#Comedy,274462,15759.0,64773,4967107.0,7.1469,Medium
YouTube,viral_trends_dataset,2023-09-30,,5.0,1,Video,#Music,417433,25422.0,84158,3425790.0,15.3837,Medium
TikTok,viral_trends_dataset,2023-10-12,,3.0,0,Image,#Music,232983,42693.0,69639,4443859.0,7.7706,Medium
Twitter,viral_trends_dataset,2023-10-15,,6.0,1,Video,#Dance,236038,22848.0,32101,3360585.0,8.6588,Low
Instagram,viral_trends_dataset,2022-04-08,,4.0,0,Video,#Comedy,313554,29462.0,35669,186228.0,203.3448,Medium
TikTok,viral_trends_dataset,2023-12-04,,0.0,0,Live,#Challenge,111049,692.0,54953,912265.0,18.2725,Medium
Instagram,viral_trends_dataset,2022-12-29,,3.0,0,Text,#Fashion,216701,24597.0,96557,1566853.0,21.5626,High
TikTok,viral_trends_dataset,2022-02-27,,6.0,1,Image,#Dance,381320,27650.0,60666,702173.0,66.8832,High
YouTube,viral_trends_dataset,2022-12-01,,3.0,0,Video,#Gaming,140342,45114.0,85613,3445802.0,7.8666,Low
Instagram,viral_trends_dataset,2023-06-21,,2.0,0,Video,#Comedy,303395,43483.0,28692,1788764.0,20.9961,Low
Twitter,viral_trends_dataset,2022-06-05,,6.0,1,Video,#Viral,295952,30831.0,77148,4743356.0,8.5157,High
TikTok,viral_trends_dataset,2023-02-15,,2.0,0,Live,#Education,319764,32150.0,11677,3692645.0,9.8464,Medium
YouTube,viral_trends_dataset,2023-10-26,,3.0,0,Text,#Comedy,414472,25953.0,74687,2530285.0,20.3579,Medium
Twitter,viral_trends_dataset,2022-11-19,,5.0,1,Image,#Viral,17837,22737.0,54028,2846932.0,3.3229,High
YouTube,viral_trends_dataset,2022-09-21,,2.0,0,Video,#Viral,193072,36723.0,70245,3242568.0,9.2532,High
YouTube,viral_trends_dataset,2023-11-29,,2.0,0,Live,#Gaming,124089,29003.0,14148,589546.0,28.3676,Low
YouTube,viral_trends_dataset,2023-03-10,,4.0,0,Video,#Challenge,54058,17363.0,39176,2285068.0,4.84,Medium
YouTube,viral_trends_dataset,2023-03-16,,3.0,0,Video,#Fashion,345250,21081.0,56296,2079129.0,20.3271,Medium
TikTok,viral_trends_dataset,2023-02-21,,1.0,0,Video,#Music,433352,31302.0,88133,311403.0,177.515,High
YouTube,viral_trends_dataset,2022-06-10,,4.0,0,Video,#Fashion,41517,44490.0,69258,4365393.0,3.5567,Low
Instagram,viral_trends_dataset,2022-06-09,,3.0,0,Image,#Tech,453691,1846.0,25559,3402750.0,14.1384,High
TikTok,viral_trends_dataset,2022-10-06,,3.0,0,Live,#Fitness,141958,24332.0,6106,1998816.0,8.6249,Medium
Twitter,viral_trends_dataset,2023-06-22,,3.0,0,Live,#Music,54052,9934.0,89084,4406111.0,3.474,High
TikTok,viral_trends_dataset,2022-02-18,,4.0,0,Video,#Music,370294,43612.0,79847,3289439.0,15.0102,Low
Instagram,viral_trends_dataset,2023-05-15,,0.0,0,Video,#Tech,279450,28397.0,19021,948205.0,34.4723,Low
Instagram,viral_trends_dataset,2022-05-18,,2.0,0,Image,#Viral,481273,25707.0,53976,2043510.0,27.4506,Medium
Instagram,viral_trends_dataset,2022-07-05,,1.0,0,Video,#Fitness,213362,28984.0,16662,1650691.0,15.6909,Medium
Twitter,viral_trends_dataset,2022-07-06,,2.0,0,Image,#Music,263032,47258.0,69667,4520801.0,8.4046,Medium
YouTube,viral_trends_dataset,2022-05-11,,2.0,0,Video,#Dance,302547,34952.0,40563,3311639.0,11.4162,High
TikTok,viral_trends_dataset,2023-09-04,,0.0,0,Text,#Fitness,193819,26692.0,40082,714670.0,36.4634,High
TikTok,viral_trends_dataset,2022-07-14,,3.0,0,Live,#Dance,263206,43856.0,35586,3490507.0,9.8166,High
Twitter,viral_trends_dataset,2023-06-09,,4.0,0,Video,#Dance,63977,17859.0,71876,3212719.0,4.7845,Low
Twitter,viral_trends_dataset,2023-11-08,,2.0,0,Video,#Tech,439842,10668.0,98469,2130392.0,25.7689,Medium
Instagram,viral_trends_dataset,2022-01-18,,1.0,0,Video,#Viral,226624,17306.0,320,3179227.0,7.6827,Low
TikTok,viral_trends_dataset,2023-09-17,,6.0,1,Video,#Fashion,279828,7656.0,27924,3926596.0,8.0326,High
YouTube,viral_trends_dataset,2022-01-05,,2.0,0,Text,#Tech,330560,17612.0,24640,713253.0,52.2693,Medium
Instagram,viral_trends_dataset,2023-12-25,,0.0,0,Video,#Viral,219741,38676.0,55360,1783139.0,17.5969,Medium
TikTok,viral_trends_dataset,2023-01-30,,0.0,0,Image,#Comedy,98838,824.0,37086,4103661.0,3.3323,Low
YouTube,viral_trends_dataset,2022-07-17,,6.0,1,Video,#Dance,382351,1024.0,73554,983233.0,46.4721,High
Instagram,viral_trends_dataset,2023-06-25,,6.0,1,Video,#Challenge,477588,23246.0,64375,4559245.0,12.397,High
TikTok,viral_trends_dataset,2022-10-30,,6.0,1,Text,#Dance,228465,47526.0,70,4069828.0,6.7831,Low
TikTok,viral_trends_dataset,2022-05-13,,4.0,0,Image,#Gaming,338938,2001.0,99638,4085716.0,10.7833,High
TikTok,viral_trends_dataset,2023-02-09,,3.0,0,Video,#Viral,129506,34769.0,46745,3952374.0,5.3391,Medium
TikTok,viral_trends_dataset,2023-11-17,,4.0,0,Video,#Fitness,334245,45940.0,59555,3408919.0,12.8997,Low
Twitter,viral_trends_dataset,2023-10-22,,6.0,1,Video,#Fashion,199151,23450.0,98676,3323882.0,9.6657,Low
Twitter,viral_trends_dataset,2023-10-08,,6.0,1,Text,#Tech,355889,41379.0,45483,4194567.0,10.5553,High
Instagram,viral_trends_dataset,2023-03-05,,6.0,1,Live,#Music,47868,23438.0,69676,3211977.0,4.3893,High
Twitter,viral_trends_dataset,2023-09-06,,2.0,0,Video,#Music,251061,8417.0,54282,2091593.0,15.001,Medium
TikTok,viral_trends_dataset,2023-04-03,,0.0,0,Video,#Viral,15752,16505.0,12172,434715.0,10.2203,Medium
TikTok,viral_trends_dataset,2023-05-22,,0.0,0,Video,#Gaming,444094,4729.0,84880,1463427.0,36.4694,Medium
TikTok,viral_trends_dataset,2023-11-15,,2.0,0,Video,#Viral,201598,39789.0,407,3339745.0,7.2399,Medium
Instagram,viral_trends_dataset,2023-12-07,,3.0,0,Text,#Fashion,386330,9032.0,81443,884253.0,53.9218,Low
Instagram,viral_trends_dataset,2022-07-30,,5.0,1,Video,#Gaming,230844,12565.0,11370,2956646.0,8.6172,High
YouTube,viral_trends_dataset,2022-06-01,,2.0,0,Text,#Tech,387109,38086.0,61595,4171682.0,11.6689,Low
Twitter,viral_trends_dataset,2022-09-13,,1.0,0,Image,#Music,121462,8361.0,29214,3646810.0,4.361,Medium
YouTube,viral_trends_dataset,2022-05-21,,5.0,1,Image,#Gaming,408063,9933.0,70371,4954174.0,9.8577,Medium
Instagram,viral_trends_dataset,2023-01-22,,6.0,1,Live,#Viral,290104,23702.0,57393,1110655.0,33.4216,High
YouTube,viral_trends_dataset,2022-10-11,,1.0,0,Live,#Fashion,232194,48442.0,56314,4699828.0,7.1694,Medium
Twitter,viral_trends_dataset,2023-12-23,,5.0,1,Text,#Dance,75036,4287.0,34142,4291403.0,2.644,Low
Twitter,viral_trends_dataset,2022-04-14,,3.0,0,Text,#Music,317765,25739.0,72441,1788507.0,23.2565,High
Twitter,viral_trends_dataset,2023-05-18,,3.0,0,Live,#Education,233252,31189.0,25560,2322799.0,12.485,Low
Twitter,viral_trends_dataset,2022-01-25,,1.0,0,Text,#Gaming,191543,25760.0,60305,2047224.0,13.5602,Medium
YouTube,viral_trends_dataset,2023-06-24,,5.0,1,Video,#Music,375523,7812.0,7624,2777888.0,14.074,Low
Twitter,viral_trends_dataset,2023-02-24,,4.0,0,Live,#Dance,210072,40108.0,48263,2121093.0,14.0702,Medium
Twitter,viral_trends_dataset,2023-05-06,,5.0,1,Video,#Fitness,439851,1363.0,73024,3184543.0,16.1479,Low
Twitter,viral_trends_dataset,2022-12-19,,0.0,0,Video,#Tech,205897,24056.0,11621,3253298.0,7.4255,Medium
TikTok,viral_trends_dataset,2022-11-07,,0.0,0,Video,#Challenge,462458,38081.0,90944,588026.0,100.5879,Medium
Instagram,viral_trends_dataset,2022-03-12,,5.0,1,Text,#Fitness,227648,23301.0,29351,1264685.0,22.1636,High
Instagram,viral_trends_dataset,2023-09-11,,0.0,0,Video,#Challenge,236845,19742.0,44426,1473168.0,20.433,Low
Twitter,viral_trends_dataset,2022-02-11,,4.0,0,Video,#Education,31908,39499.0,32258,1688470.0,6.1396,High
Instagram,viral_trends_dataset,2022-04-19,,1.0,0,Video,#Comedy,38015,7309.0,8131,1140110.0,4.6886,High
Instagram,viral_trends_dataset,2023-05-22,,0.0,0,Image,#Viral,474886,17147.0,32537,1460320.0,35.9216,Medium
TikTok,viral_trends_dataset,2023-11-17,,4.0,0,Video,#Fitness,488060,47146.0,56578,821880.0,72.0037,Low
TikTok,viral_trends_dataset,2022-09-07,,2.0,0,Video,#Viral,305113,653.0,81654,3940590.0,9.8315,Medium
Instagram,viral_trends_dataset,2023-06-29,,3.0,0,Image,#Fashion,464130,5534.0,22228,4852257.0,10.1374,High
Twitter,viral_trends_dataset,2022-11-03,,3.0,0,Text,#Music,140507,44969.0,3318,358699.0,52.633,Low
Twitter,viral_trends_dataset,2023-11-11,,5.0,1,Video,#Viral,181331,40805.0,86148,3427187.0,8.9952,Low
TikTok,viral_trends_dataset,2022-09-16,,4.0,0,Image,#Fashion,6578,33598.0,52,1583843.0,2.5399,High
TikTok,viral_trends_dataset,2023-02-11,,5.0,1,Video,#Dance,327020,19856.0,56605,2918054.0,13.8271,Low
Twitter,viral_trends_dataset,2022-06-05,,6.0,1,Image,#Dance,223766,17889.0,81282,2482008.0,13.0111,Low
Instagram,viral_trends_dataset,2023-05-01,,0.0,0,Image,#Fitness,288198,29093.0,97504,2899386.0,14.3063,Low
TikTok,viral_trends_dataset,2022-12-12,,0.0,0,Image,#Music,207435,32288.0,62661,4070537.0,7.4286,High
Instagram,viral_trends_dataset,2023-06-10,,5.0,1,Live,#Fitness,201579,34502.0,92106,4037427.0,8.1286,Medium
Twitter,viral_trends_dataset,2022-07-14,,3.0,0,Image,#Viral,229413,31448.0,30991,1102775.0,26.4652,Low
YouTube,viral_trends_dataset,2023-02-12,,6.0,1,Live,#Gaming,371565,651.0,68385,4823989.0,9.1335,Low
Twitter,viral_trends_dataset,2023-10-24,,1.0,0,Video,#Viral,387423,24140.0,15647,1821754.0,23.4505,High
Twitter,viral_trends_dataset,2022-05-04,,2.0,0,Text,#Gaming,255155,13603.0,82101,2486494.0,14.1106,High
Instagram,viral_trends_dataset,2023-11-30,,3.0,0,Image,#Tech,483418,6041.0,35675,2709554.0,19.3808,High
Instagram,viral_trends_dataset,2023-06-22,,3.0,0,Live,#Music,22752,37939.0,36095,1757386.0,5.5074,Low
YouTube,viral_trends_dataset,2022-03-05,,5.0,1,Video,#Fashion,459271,46026.0,74779,3824879.0,15.1659,High
TikTok,viral_trends_dataset,2022-01-04,,1.0,0,Live,#Dance,148190,12385.0,86796,4418286.0,5.5988,Low
YouTube,viral_trends_dataset,2023-11-21,,1.0,0,Text,#Fashion,56106,35386.0,85197,1122589.0,15.7394,Medium
Twitter,viral_trends_dataset,2022-10-02,,6.0,1,Text,#Fashion,440011,15221.0,54101,949285.0,53.6544,Medium
Instagram,viral_trends_dataset,2023-05-17,,2.0,0,Live,#Fitness,335201,47165.0,89190,2355608.0,20.0184,High
TikTok,viral_trends_dataset,2023-06-28,,2.0,0,Video,#Education,233872,8155.0,97880,4876804.0,6.9699,Medium
TikTok,viral_trends_dataset,2022-01-06,,3.0,0,Text,#Fitness,284181,14433.0,38342,4714948.0,7.1465,High
Twitter,viral_trends_dataset,2023-02-06,,0.0,0,Live,#Fashion,330277,13235.0,30868,1062530.0,35.2348,Low
TikTok,viral_trends_dataset,2022-06-26,,6.0,1,Video,#Comedy,218230,34203.0,85351,2508707.0,13.4645,Low
TikTok,viral_trends_dataset,2022-10-24,,0.0,0,Text,#Challenge,487075,592.0,83447,1903756.0,29.9993,Low
TikTok,viral_trends_dataset,2022-07-05,,1.0,0,Text,#Comedy,313992,35874.0,9138,4293616.0,8.3613,Medium
TikTok,viral_trends_dataset,2022-09-10,,5.0,1,Image,#Gaming,204286,31543.0,5334,4296893.0,5.6125,Low
Twitter,viral_trends_dataset,2022-12-17,,5.0,1,Video,#Challenge,76283,42153.0,39653,2200449.0,7.1844,Low
YouTube,viral_trends_dataset,2022-05-14,,5.0,1,Text,#Education,349977,12976.0,40540,1307144.0,30.8683,High
Twitter,viral_trends_dataset,2023-06-19,,0.0,0,Video,#Education,299888,38955.0,25505,1646042.0,22.1348,Medium
TikTok,viral_trends_dataset,2023-08-26,,5.0,1,Live,#Viral,491045,46053.0,32527,416025.0,136.9209,Medium
TikTok,viral_trends_dataset,2022-11-02,,2.0,0,Text,#Tech,177276,27085.0,29744,4938028.0,4.7409,Low
Instagram,viral_trends_dataset,2023-01-02,,0.0,0,Video,#Tech,379417,46208.0,26812,898472.0,50.3563,Medium
TikTok,viral_trends_dataset,2022-12-10,,5.0,1,Live,#Education,384890,29355.0,74662,2634629.0,18.557,Low
Twitter,viral_trends_dataset,2022-02-20,,6.0,1,Live,#Dance,113243,44881.0,97423,4898223.0,5.2171,Low
Twitter,viral_trends_dataset,2022-03-08,,1.0,0,Video,#Education,235178,28903.0,77863,3225376.0,10.6017,Medium
TikTok,viral_trends_dataset,2022-06-24,,4.0,0,Video,#Challenge,81091,40690.0,51842,884647.0,19.6262,High
Instagram,viral_trends_dataset,2022-01-23,,6.0,1,Image,#Viral,296181,9812.0,64879,4007626.0,9.2542,Medium
YouTube,viral_trends_dataset,2023-05-07,,6.0,1,Text,#Music,64664,7310.0,40573,4090480.0,2.7514,Medium
Twitter,viral_trends_dataset,2023-09-05,,1.0,0,Video,#Dance,314082,18643.0,99787,2658305.0,16.2702,Medium
TikTok,viral_trends_dataset,2023-11-27,,0.0,0,Video,#Fitness,294623,44987.0,67461,311340.0,130.7481,Low
YouTube,viral_trends_dataset,2023-10-10,,1.0,0,Video,#Comedy,41660,902.0,91229,2289845.0,5.8428,High
YouTube,viral_trends_dataset,2022-07-13,,2.0,0,Video,#Tech,495678,35019.0,1511,1868860.0,28.4777,High
TikTok,viral_trends_dataset,2022-04-19,,1.0,0,Image,#Comedy,278661,12188.0,35710,2792979.0,11.6921,High
Twitter,viral_trends_dataset,2022-09-19,,0.0,0,Live,#Challenge,123510,16690.0,46368,1080797.0,17.2621,Low
Twitter,viral_trends_dataset,2022-05-20,,4.0,0,Video,#Tech,55185,34839.0,14532,1777426.0,5.8824,Medium
Instagram,viral_trends_dataset,2022-05-07,,5.0,1,Video,#Education,440739,20486.0,70043,2367228.0,22.4426,High
YouTube,viral_trends_dataset,2023-05-14,,6.0,1,Video,#Fitness,30996,10029.0,42925,3227162.0,2.6014,High
YouTube,viral_trends_dataset,2023-10-16,,0.0,0,Video,#Viral,186108,48333.0,49424,1458457.0,19.4634,High
Instagram,viral_trends_dataset,2023-01-05,,3.0,0,Live,#Fitness,23756,36485.0,95096,1294997.0,11.9952,Medium
TikTok,viral_trends_dataset,2022-05-29,,6.0,1,Text,#Challenge,107229,44927.0,29142,4813536.0,3.7664,Low
Twitter,viral_trends_dataset,2023-01-18,,2.0,0,Video,#Fashion,162633,49400.0,40717,1277909.0,19.7784,Medium
Twitter,viral_trends_dataset,2023-03-14,,1.0,0,Live,#Comedy,154122,26931.0,16767,2621835.0,7.5451,Medium
Twitter,viral_trends_dataset,2022-10-16,,6.0,1,Live,#Tech,167667,20909.0,47881,677450.0,34.904,High
Twitter,viral_trends_dataset,2023-08-06,,6.0,1,Video,#Gaming,115238,24296.0,99475,1654984.0,14.4418,Low
Twitter,viral_trends_dataset,2023-11-23,,3.0,0,Video,#Challenge,235851,25476.0,32368,1062762.0,27.6351,Low
TikTok,viral_trends_dataset,2022-03-27,,6.0,1,Video,#Dance,349433,3385.0,43192,4097950.0,9.6636,Medium
Instagram,viral_trends_dataset,2023-09-12,,1.0,0,Image,#Dance,41257,9813.0,39244,2647054.0,3.4119,Medium
TikTok,viral_trends_dataset,2023-05-05,,4.0,0,Video,#Gaming,53034,4457.0,26202,3141556.0,2.6641,High
Twitter,viral_trends_dataset,2022-08-29,,0.0,0,Video,#Challenge,77768,13493.0,80093,3345099.0,5.1225,Medium
Instagram,viral_trends_dataset,2023-06-22,,3.0,0,Video,#Music,125724,33044.0,1278,4557029.0,3.5121,Low
TikTok,viral_trends_dataset,2022-10-18,,1.0,0,Live,#Dance,200131,45583.0,76077,1939306.0,16.5931,High
YouTube,viral_trends_dataset,2023-09-29,,4.0,0,Video,#Dance,331895,1865.0,20122,1850528.0,19.1233,Medium
Instagram,viral_trends_dataset,2023-05-25,,3.0,0,Video,#Education,376435,15701.0,42008,3570669.0,12.1586,Medium
YouTube,viral_trends_dataset,2023-10-05,,3.0,0,Image,#Tech,431835,47031.0,16198,1554895.0,31.8391,Low
Instagram,viral_trends_dataset,2023-08-11,,4.0,0,Video,#Fashion,272014,5140.0,92390,1761578.0,20.978,Low
TikTok,viral_trends_dataset,2022-07-13,,2.0,0,Video,#Gaming,89109,31184.0,91336,3284516.0,6.4432,Medium
YouTube,viral_trends_dataset,2023-01-26,,3.0,0,Video,#Dance,158855,10217.0,55805,691916.0,32.5006,High
Instagram,viral_trends_dataset,2022-02-18,,4.0,0,Video,#Education,93339,2828.0,72820,2535862.0,6.6639,Low
Instagram,viral_trends_dataset,2023-09-05,,1.0,0,Image,#Gaming,311453,6412.0,91334,2408561.0,16.9894,Medium
TikTok,viral_trends_dataset,2023-03-19,,6.0,1,Video,#Dance,394892,17338.0,60213,4997284.0,9.454,Medium
Instagram,viral_trends_dataset,2022-05-29,,6.0,1,Live,#Challenge,81658,33991.0,81466,1700132.0,11.5941,High
TikTok,viral_trends_dataset,2023-06-07,,2.0,0,Text,#Viral,285646,41867.0,51693,2137772.0,17.7384,Low
Instagram,viral_trends_dataset,2022-08-28,,6.0,1,Text,#Dance,449995,33134.0,79996,1406784.0,40.0292,Medium
Twitter,viral_trends_dataset,2023-12-19,,1.0,0,Video,#Tech,444255,27659.0,53647,4752278.0,11.0591,Low
YouTube,viral_trends_dataset,2023-05-16,,1.0,0,Live,#Fashion,125773,35173.0,37449,2279824.0,8.7022,Low
TikTok,viral_trends_dataset,2022-07-19,,1.0,0,Image,#Viral,326090,49588.0,52180,655655.0,65.2566,High
TikTok,viral_trends_dataset,2023-03-11,,5.0,1,Text,#Comedy,337898,29041.0,71459,1175841.0,37.2838,Low
Instagram,viral_trends_dataset,2023-01-30,,0.0,0,Image,#Fitness,25740,35407.0,72776,2940522.0,4.5544,Low
Instagram,viral_trends_dataset,2022-07-12,,1.0,0,Video,#Music,225017,12290.0,46803,2100416.0,13.5264,High
YouTube,viral_trends_dataset,2022-08-13,,5.0,1,Image,#Music,4248,28435.0,66185,2226088.0,4.4413,Medium
YouTube,viral_trends_dataset,2022-08-17,,2.0,0,Video,#Comedy,487866,28508.0,78898,2351866.0,25.3106,High
TikTok,viral_trends_dataset,2022-02-07,,0.0,0,Video,#Gaming,130766,24168.0,40070,710098.0,27.4616,Low
Instagram,viral_trends_dataset,2023-09-26,,1.0,0,Text,#Education,68377,30898.0,67937,4651459.0,3.5948,Low
Twitter,viral_trends_dataset,2023-10-01,,6.0,1,Video,#Fitness,347150,42026.0,33144,1145112.0,36.8802,High
Instagram,viral_trends_dataset,2023-05-28,,6.0,1,Video,#Music,354830,7596.0,17598,4277027.0,8.8852,Low
YouTube,viral_trends_dataset,2023-09-15,,4.0,0,Video,#Dance,496848,49391.0,84583,3371356.0,18.7112,Medium
Instagram,viral_trends_dataset,2023-04-06,,3.0,0,Video,#Comedy,200502,9187.0,92287,3794993.0,7.9572,Medium
TikTok,viral_trends_dataset,2023-09-11,,0.0,0,Text,#Challenge,7728,46537.0,2040,4618412.0,1.2191,Low
Twitter,viral_trends_dataset,2022-11-10,,3.0,0,Video,#Education,483312,30485.0,1975,2902674.0,17.7689,High
Instagram,viral_trends_dataset,2023-05-16,,1.0,0,Video,#Fashion,395880,10189.0,60863,1671868.0,27.9288,Medium
YouTube,viral_trends_dataset,2023-11-11,,5.0,1,Video,#Music,365576,43572.0,82001,3010484.0,16.3146,Low
Instagram,viral_trends_dataset,2023-01-12,,3.0,0,Text,#Tech,417221,43836.0,33890,3620053.0,13.6724,Low
Twitter,viral_trends_dataset,2023-09-18,,0.0,0,Video,#Music,267995,39895.0,11019,1161029.0,27.4678,Medium
Instagram,viral_trends_dataset,2022-04-19,,1.0,0,Text,#Music,344755,31222.0,20540,2716374.0,14.5973,Low
Twitter,viral_trends_dataset,2022-08-07,,6.0,1,Image,#Fitness,238629,21836.0,57390,2451233.0,12.9671,Medium
YouTube,viral_trends_dataset,2023-09-22,,4.0,0,Live,#Education,237558,28918.0,81164,3494576.0,9.948,Low
YouTube,viral_trends_dataset,2022-03-10,,3.0,0,Video,#Challenge,250794,5802.0,24677,71395.0,393.9674,Medium
Instagram,viral_trends_dataset,2022-06-17,,4.0,0,Live,#Music,195676,18591.0,96044,2714339.0,11.4323,High
Instagram,viral_trends_dataset,2022-01-26,,2.0,0,Video,#Education,96042,30562.0,96828,4625228.0,4.8307,High
YouTube,viral_trends_dataset,2023-05-27,,5.0,1,Text,#Tech,262114,49507.0,82589,1485296.0,26.5408,High
Instagram,viral_trends_dataset,2022-09-04,,6.0,1,Image,#Education,289340,10245.0,34851,2093646.0,15.9739,Medium
YouTube,viral_trends_dataset,2022-01-24,,0.0,0,Text,#Fitness,147410,46376.0,83963,636960.0,43.6054,Low
Twitter,viral_trends_dataset,2023-03-25,,5.0,1,Live,#Dance,290889,35927.0,6798,3984830.0,8.3721,Medium
YouTube,viral_trends_dataset,2022-04-26,,1.0,0,Video,#Dance,201881,47196.0,18714,4959895.0,5.3991,Low
TikTok,viral_trends_dataset,2022-08-14,,6.0,1,Video,#Viral,50877,36438.0,74015,1647779.0,9.7908,Low
TikTok,viral_trends_dataset,2022-08-06,,5.0,1,Video,#Music,190310,39466.0,21357,1003490.0,25.026,High
YouTube,viral_trends_dataset,2023-11-15,,2.0,0,Live,#Gaming,226583,17539.0,1936,4180692.0,5.8856,High
YouTube,viral_trends_dataset,2022-10-11,,1.0,0,Video,#Challenge,49865,15731.0,60619,2841183.0,4.4423,Medium
TikTok,viral_trends_dataset,2023-02-25,,5.0,1,Video,#Dance,420595,27954.0,51812,4081405.0,12.2595,Low
TikTok,viral_trends_dataset,2023-08-27,,6.0,1,Image,#Challenge,460922,46234.0,58039,757286.0,74.6343,High
Twitter,viral_trends_dataset,2022-08-07,,6.0,1,Video,#Fitness,50807,37638.0,32965,1637344.0,7.4151,Medium
Instagram,viral_trends_dataset,2022-11-10,,3.0,0,Video,#Challenge,398167,25022.0,70875,2903014.0,17.019,Medium
TikTok,viral_trends_dataset,2022-04-08,,4.0,0,Live,#Gaming,440705,48430.0,40948,2383029.0,22.2441,High
Instagram,viral_trends_dataset,2022-01-21,,4.0,0,Text,#Gaming,5418,6114.0,9160,665115.0,3.111,Medium
TikTok,viral_trends_dataset,2022-12-15,,3.0,0,Live,#Tech,346163,17309.0,53670,150156.0,277.8057,Low
YouTube,viral_trends_dataset,2022-05-14,,5.0,1,Video,#Comedy,27234,1445.0,44956,1027279.0,7.168,Medium
YouTube,viral_trends_dataset,2022-09-03,,5.0,1,Text,#Tech,260620,14661.0,26643,2444681.0,12.3502,Low
Instagram,viral_trends_dataset,2022-03-13,,6.0,1,Image,#Challenge,30223,2447.0,88394,2446014.0,4.9494,Medium
Instagram,viral_trends_dataset,2023-12-12,,1.0,0,Video,#Comedy,213072,34755.0,16388,3699879.0,7.1412,Medium
YouTube,viral_trends_dataset,2022-01-09,,6.0,1,Video,#Fashion,69910,39710.0,4470,1853103.0,6.1567,Low
TikTok,viral_trends_dataset,2022-07-09,,5.0,1,Text,#Dance,222488,5536.0,80865,4171587.0,7.4046,Low
Instagram,viral_trends_dataset,2023-12-07,,3.0,0,Video,#Challenge,36572,42772.0,67108,2314668.0,6.3271,Low
YouTube,viral_trends_dataset,2023-02-26,,6.0,1,Video,#Viral,461003,25274.0,72910,2574515.0,21.7201,High
Instagram,viral_trends_dataset,2022-04-05,,1.0,0,Live,#Fitness,361715,5422.0,51528,1058506.0,39.5524,Medium
YouTube,viral_trends_dataset,2023-10-01,,6.0,1,Image,#Tech,237213,17410.0,82161,272791.0,123.4586,High
YouTube,viral_trends_dataset,2022-12-14,,2.0,0,Video,#Challenge,140624,11837.0,70092,4147649.0,5.3658,High
Instagram,viral_trends_dataset,2022-07-13,,2.0,0,Live,#Comedy,458079,48609.0,9417,1724155.0,29.9338,Low
TikTok,viral_trends_dataset,2023-06-23,,4.0,0,Live,#Fashion,11735,2473.0,2475,560795.0,2.9749,High
Twitter,viral_trends_dataset,2022-08-24,,2.0,0,Video,#Tech,151211,10143.0,4453,3684146.0,4.5006,Medium
TikTok,viral_trends_dataset,2023-08-09,,2.0,0,Video,#Viral,253328,43838.0,67715,3852694.0,9.4708,High
Instagram,viral_trends_dataset,2022-02-23,,2.0,0,Live,#Fashion,265912,38575.0,65039,2103231.0,17.5694,Low
Instagram,viral_trends_dataset,2022-12-01,,3.0,0,Text,#Music,193543,36208.0,50186,4335301.0,6.4572,Low
TikTok,viral_trends_dataset,2022-12-06,,1.0,0,Image,#Music,417108,15708.0,2814,2320627.0,18.7721,Medium
TikTok,viral_trends_dataset,2023-09-30,,5.0,1,Video,#Comedy,6608,1492.0,6514,4869354.0,0.3001,Low
YouTube,viral_trends_dataset,2023-02-12,,6.0,1,Video,#Viral,22677,22023.0,53104,4774185.0,2.0486,Low
Instagram,viral_trends_dataset,2022-04-12,,1.0,0,Image,#Education,407471,7518.0,29168,1147497.0,38.7066,Medium
Instagram,viral_trends_dataset,2022-05-12,,3.0,0,Image,#Fashion,131318,28352.0,92253,231868.0,108.6493,High
YouTube,viral_trends_dataset,2023-03-02,,3.0,0,Image,#Education,149682,47514.0,27039,725454.0,30.9096,High
TikTok,viral_trends_dataset,2023-10-23,,0.0,0,Text,#Comedy,27472,21421.0,18187,3232841.0,2.075,Medium
TikTok,viral_trends_dataset,2022-08-22,,0.0,0,Video,#Fashion,176811,712.0,47917,1566752.0,14.389,Medium
Twitter,viral_trends_dataset,2023-03-30,,3.0,0,Text,#Fitness,362837,25765.0,17128,4309390.0,9.415,High
Twitter,viral_trends_dataset,2023-10-14,,5.0,1,Image,#Fashion,13467,8742.0,49239,659821.0,10.8284,Low
TikTok,viral_trends_dataset,2022-09-27,,1.0,0,Video,#Comedy,376256,3708.0,1871,3960518.0,9.641,Low
YouTube,viral_trends_dataset,2023-05-18,,3.0,0,Text,#Viral,284824,41718.0,64052,2985117.0,13.0847,Low
Instagram,viral_trends_dataset,2022-03-25,,4.0,0,Video,#Comedy,115422,48115.0,32844,2148989.0,9.1383,Low
YouTube,viral_trends_dataset,2023-07-05,,2.0,0,Video,#Challenge,125302,21850.0,62306,1463457.0,14.3125,High
Instagram,viral_trends_dataset,2022-01-09,,6.0,1,Image,#Dance,351332,36031.0,76680,3989657.0,11.6312,High
Twitter,viral_trends_dataset,2022-07-12,,1.0,0,Image,#Education,45882,27585.0,60806,474838.0,28.2776,Low
Twitter,viral_trends_dataset,2022-03-05,,5.0,1,Text,#Challenge,94417,44245.0,20561,4654777.0,3.4206,Medium
Instagram,viral_trends_dataset,2023-10-30,,0.0,0,Text,#Fashion,422057,34407.0,94191,1390945.0,39.5886,Low
Instagram,viral_trends_dataset,2022-12-07,,2.0,0,Live,#Fashion,99936,3006.0,80353,4375990.0,4.1887,Low
Twitter,viral_trends_dataset,2022-02-12,,5.0,1,Video,#Dance,249922,46886.0,29934,1884862.0,17.3351,Low
YouTube,viral_trends_dataset,2023-06-27,,1.0,0,Live,#Tech,337597,33748.0,79716,5467.0,8250.6128,High
Instagram,viral_trends_dataset,2022-12-02,,4.0,0,Image,#Fashion,22674,11763.0,17632,2241319.0,2.3231,High
TikTok,viral_trends_dataset,2022-03-06,,6.0,1,Video,#Dance,185414,35212.0,40492,2248823.0,11.6113,High
TikTok,viral_trends_dataset,2023-07-17,,0.0,0,Live,#Tech,426213,12284.0,6952,702805.0,63.3816,High
Twitter,viral_trends_dataset,2023-12-12,,1.0,0,Live,#Dance,196850,45746.0,15677,4076095.0,6.3363,Medium
Instagram,viral_trends_dataset,2023-10-08,,6.0,1,Text,#Fashion,5898,6431.0,89,2926591.0,0.4243,Low
YouTube,viral_trends_dataset,2023-02-26,,6.0,1,Text,#Education,15894,37035.0,55304,3135532.0,3.4518,Low
YouTube,viral_trends_dataset,2022-06-29,,2.0,0,Image,#Challenge,39413,36427.0,57043,461899.0,28.7688,High
Twitter,viral_trends_dataset,2022-10-26,,2.0,0,Video,#Tech,157733,34374.0,80500,457477.0,59.5892,Low
Twitter,viral_trends_dataset,2023-07-24,,0.0,0,Video,#Tech,88078,27044.0,98083,651638.0,32.7183,Medium
YouTube,viral_trends_dataset,2023-08-20,,6.0,1,Text,#Tech,377505,26086.0,16732,4571746.0,9.1939,High
TikTok,viral_trends_dataset,2022-09-17,,5.0,1,Text,#Challenge,22478,3637.0,94199,2573700.0,4.6747,Low
Twitter,viral_trends_dataset,2022-07-30,,5.0,1,Video,#Music,337203,4682.0,25042,713028.0,51.4604,High
TikTok,viral_trends_dataset,2022-12-15,,3.0,0,Video,#Tech,160878,11012.0,41722,2711553.0,7.8778,Medium
YouTube,viral_trends_dataset,2023-03-17,,4.0,0,Text,#Music,188355,36292.0,91094,1066125.0,29.6158,Low
YouTube,viral_trends_dataset,2023-01-04,,2.0,0,Video,#Education,380580,13206.0,69495,1198497.0,38.6552,Medium
Instagram,viral_trends_dataset,2022-04-09,,5.0,1,Video,#Fitness,230451,22070.0,95429,3358197.0,10.3612,High
TikTok,viral_trends_dataset,2023-05-24,,2.0,0,Live,#Dance,207862,34639.0,37985,487342.0,57.5542,Low
Twitter,viral_trends_dataset,2022-03-07,,0.0,0,Image,#Viral,362386,8407.0,42588,2563082.0,16.1283,Low
Instagram,viral_trends_dataset,2023-08-24,,3.0,0,Video,#Viral,165023,31987.0,94433,3779546.0,7.7111,Low
Twitter,viral_trends_dataset,2023-11-10,,4.0,0,Video,#Dance,165042,13883.0,49187,3721811.0,6.1291,Medium
TikTok,viral_trends_dataset,2023-05-18,,3.0,0,Video,#Fashion,145324,26919.0,49725,1832938.0,12.11,High
Instagram,viral_trends_dataset,2023-11-12,,6.0,1,Video,#Music,247785,4772.0,75690,4513361.0,7.2728,Low
YouTube,viral_trends_dataset,2022-09-20,,1.0,0,Text,#Fitness,361088,8735.0,80015,1955706.0,23.0013,High
Twitter,viral_trends_dataset,2022-05-29,,6.0,1,Image,#Comedy,69446,12359.0,99612,128846.0,140.8014,High
TikTok,viral_trends_dataset,2022-11-26,,5.0,1,Image,#Comedy,322337,44086.0,98094,704114.0,65.9718,Medium
YouTube,viral_trends_dataset,2023-12-02,,5.0,1,Video,#Tech,117226,30080.0,18306,4056382.0,4.0828,High
YouTube,viral_trends_dataset,2022-02-20,,6.0,1,Image,#Challenge,301526,33905.0,19765,475805.0,74.6516,Low
Twitter,viral_trends_dataset,2022-05-16,,0.0,0,Live,#Gaming,127508,49827.0,32493,4086861.0,5.1342,Low
Twitter,viral_trends_dataset,2023-01-25,,2.0,0,Image,#Fashion,385207,46378.0,77152,3315249.0,15.3454,Medium
TikTok,viral_trends_dataset,2022-11-18,,4.0,0,Text,#Dance,204532,26135.0,89445,1685730.0,18.9895,High
YouTube,viral_trends_dataset,2023-08-13,,6.0,1,Text,#Dance,399795,35968.0,93583,393968.0,134.3627,High
Instagram,viral_trends_dataset,2023-06-22,,3.0,0,Video,#Education,12648,13884.0,44721,1794640.0,3.9703,Low
Instagram,viral_trends_dataset,2023-07-16,,6.0,1,Image,#Education,185039,48453.0,69942,3179233.0,9.5443,Low
Twitter,viral_trends_dataset,2023-09-05,,1.0,0,Video,#Fashion,123124,21339.0,70698,2112062.0,10.1872,High
YouTube,viral_trends_dataset,2023-10-01,,6.0,1,Live,#Education,247450,8264.0,19950,4010273.0,6.8739,High
YouTube,viral_trends_dataset,2022-09-03,,5.0,1,Video,#Fitness,437895,22267.0,11878,4172550.0,11.313,Low
YouTube,viral_trends_dataset,2023-08-29,,1.0,0,Video,#Fitness,46562,24905.0,36026,2400911.0,4.4772,Low
YouTube,viral_trends_dataset,2023-02-18,,5.0,1,Video,#Gaming,415576,6931.0,79914,2694418.0,18.6467,High
TikTok,viral_trends_dataset,2022-01-08,,5.0,1,Image,#Challenge,402282,49243.0,61942,664480.0,77.2735,High
Instagram,viral_trends_dataset,2022-01-18,,1.0,0,Text,#Tech,34145,48750.0,78128,4165773.0,3.8654,Medium
Instagram,viral_trends_dataset,2023-05-05,,4.0,0,Video,#Education,238589,15318.0,20953,211233.0,130.1217,Low
Twitter,viral_trends_dataset,2023-01-18,,2.0,0,Video,#Gaming,402033,28799.0,81295,180512.0,283.708,Low
TikTok,viral_trends_dataset,2023-10-06,,4.0,0,Video,#Gaming,249834,16599.0,80882,105048.0,330.625,Medium
Twitter,viral_trends_dataset,2023-08-23,,2.0,0,Text,#Education,462611,11223.0,63427,3207258.0,16.7514,Medium
YouTube,viral_trends_dataset,2023-04-29,,5.0,1,Text,#Viral,207516,12674.0,90406,348955.0,89.0075,High
TikTok,viral_trends_dataset,2022-05-17,,1.0,0,Text,#Fitness,395122,20122.0,48100,4975716.0,9.3121,Low
YouTube,viral_trends_dataset,2023-06-05,,0.0,0,Text,#Fitness,121131,5334.0,69437,4335309.0,4.5188,Medium
Instagram,viral_trends_dataset,2023-03-29,,2.0,0,Image,#Comedy,421644,46373.0,22322,2260606.0,21.6906,High
Twitter,viral_trends_dataset,2023-10-01,,6.0,1,Live,#Music,222774,6548.0,54533,3971657.0,7.147,Low
YouTube,viral_trends_dataset,2023-12-11,,0.0,0,Live,#Fitness,221432,44357.0,27097,4221129.0,6.9386,Medium
Twitter,viral_trends_dataset,2023-12-10,,6.0,1,Text,#Gaming,16756,44092.0,88760,2891867.0,5.1734,Medium
Instagram,viral_trends_dataset,2023-01-30,,0.0,0,Image,#Education,297965,47576.0,12405,3387989.0,10.5651,Medium
TikTok,viral_trends_dataset,2023-02-05,,6.0,1,Video,#Viral,99060,37247.0,7438,2280646.0,6.3028,High
Twitter,viral_trends_dataset,2022-05-17,,1.0,0,Video,#Tech,257996,42160.0,5989,1038000.0,29.4937,Low
Twitter,viral_trends_dataset,2023-12-27,,2.0,0,Video,#Viral,471777,47750.0,18090,4551527.0,11.8118,Medium
Twitter,viral_trends_dataset,2022-05-05,,3.0,0,Image,#Fashion,361247,5021.0,47396,2207974.0,18.735,Medium
YouTube,viral_trends_dataset,2023-06-13,,1.0,0,Live,#Viral,395218,43978.0,70016,654308.0,77.8245,Low
TikTok,viral_trends_dataset,2023-02-25,,5.0,1,Video,#Gaming,127535,43870.0,53968,1032891.0,21.8196,High
Instagram,viral_trends_dataset,2022-10-01,,5.0,1,Image,#Comedy,151587,5219.0,84813,2703906.0,8.9359,High
TikTok,viral_trends_dataset,2022-11-25,,4.0,0,Video,#Dance,253576,15923.0,512,23356.0,1156.067,Medium
Instagram,viral_trends_dataset,2022-10-06,,3.0,0,Video,#Tech,39961,650.0,57731,3608286.0,2.7254,High
YouTube,viral_trends_dataset,2023-05-21,,6.0,1,Video,#Viral,96400,40818.0,33904,2917081.0,5.8662,Low
TikTok,viral_trends_dataset,2022-09-24,,5.0,1,Image,#Dance,74646,25002.0,76271,4634207.0,3.7961,Medium
Instagram,viral_trends_dataset,2023-10-25,,2.0,0,Video,#Comedy,321819,43610.0,85915,2834616.0,15.9226,Low
TikTok,viral_trends_dataset,2022-01-22,,5.0,1,Video,#Dance,316772,49951.0,85104,3927986.0,11.5028,High
Twitter,viral_trends_dataset,2022-10-08,,5.0,1,Live,#Dance,20586,37403.0,37695,2438573.0,3.9238,High
YouTube,viral_trends_dataset,2022-04-16,,5.0,1,Video,#Tech,140978,15958.0,27325,1039646.0,17.7234,High
Twitter,viral_trends_dataset,2023-04-08,,5.0,1,Video,#Music,455700,43242.0,85611,572204.0,102.1581,High
TikTok,viral_trends_dataset,2022-11-07,,0.0,0,Video,#Comedy,477781,12295.0,59040,2055988.0,26.7081,Low
TikTok,viral_trends_dataset,2022-10-09,,6.0,1,Image,#Music,103117,38390.0,42087,1811481.0,10.135,Medium
Instagram,viral_trends_dataset,2023-11-10,,4.0,0,Video,#Viral,429333,42269.0,72079,3519149.0,15.4492,High
Twitter,viral_trends_dataset,2022-08-08,,0.0,0,Live,#Gaming,96271,22623.0,28894,4772651.0,3.0966,Medium
YouTube,viral_trends_dataset,2023-01-12,,3.0,0,Text,#Fitness,493550,12395.0,65769,4837174.0,11.8192,High
Instagram,viral_trends_dataset,2022-07-06,,2.0,0,Video,#Comedy,360339,26248.0,90144,4337899.0,10.9899,Medium
Twitter,viral_trends_dataset,2022-01-11,,1.0,0,Video,#Dance,38772,2247.0,59724,1982470.0,5.0817,Low
TikTok,viral_trends_dataset,2023-06-21,,2.0,0,Text,#Gaming,247328,17278.0,36608,2430582.0,12.3927,High
Instagram,viral_trends_dataset,2023-02-11,,5.0,1,Live,#Tech,372038,33493.0,50812,3215735.0,14.1909,Low
Twitter,viral_trends_dataset,2023-03-01,,2.0,0,Image,#Gaming,67640,2976.0,77088,4476274.0,3.2997,Medium
TikTok,viral_trends_dataset,2022-05-21,,5.0,1,Text,#Gaming,250763,26482.0,83080,298203.0,120.8321,Low
Instagram,viral_trends_dataset,2023-10-02,,0.0,0,Live,#Viral,174642,820.0,70414,1405081.0,17.4991,Low
TikTok,viral_trends_dataset,2022-05-01,,6.0,1,Image,#Challenge,314068,24653.0,81740,513589.0,81.8672,Low
Instagram,viral_trends_dataset,2023-08-25,,4.0,0,Video,#Comedy,358058,25327.0,65689,637282.0,70.4671,Medium
Twitter,viral_trends_dataset,2023-03-05,,6.0,1,Image,#Gaming,196250,25527.0,8655,1744531.0,13.2088,High
YouTube,viral_trends_dataset,2023-05-15,,0.0,0,Video,#Dance,422456,47807.0,36459,2355782.0,21.5097,Medium
TikTok,viral_trends_dataset,2022-08-16,,1.0,0,Video,#Gaming,128909,24994.0,63956,4955899.0,4.396,High
YouTube,viral_trends_dataset,2022-12-30,,4.0,0,Video,#Dance,286756,44285.0,98722,2388341.0,17.9942,Low
YouTube,viral_trends_dataset,2023-04-18,,1.0,0,Live,#Fitness,395901,11180.0,43291,2662468.0,16.9156,High
YouTube,viral_trends_dataset,2022-08-29,,0.0,0,Text,#Viral,323246,23780.0,92331,4335697.0,10.1335,Medium
Twitter,viral_trends_dataset,2022-11-29,,1.0,0,Text,#Fashion,230467,7925.0,79259,1758597.0,18.0628,Medium
Twitter,viral_trends_dataset,2023-06-13,,1.0,0,Video,#Comedy,306980,19162.0,66142,72447.0,541.4772,High
TikTok,viral_trends_dataset,2023-04-30,,6.0,1,Video,#Viral,333622,25313.0,27754,796782.0,48.5313,High
TikTok,viral_trends_dataset,2022-04-18,,0.0,0,Live,#Fashion,98519,23794.0,13450,3922765.0,3.4609,Medium
TikTok,viral_trends_dataset,2022-12-01,,3.0,0,Video,#Comedy,227500,8757.0,22953,2534406.0,10.2276,High
Twitter,viral_trends_dataset,2023-07-13,,3.0,0,Video,#Viral,103339,6292.0,72555,1066350.0,17.085,High
TikTok,viral_trends_dataset,2023-11-16,,3.0,0,Text,#Comedy,24702,20910.0,14264,2162864.0,2.7684,Low
TikTok,viral_trends_dataset,2022-11-24,,3.0,0,Video,#Comedy,124652,1319.0,27640,964406.0,15.928,Low
Twitter,viral_trends_dataset,2022-12-23,,4.0,0,Video,#Gaming,277908,34206.0,26528,4988828.0,6.788,Low
Twitter,viral_trends_dataset,2023-12-24,,6.0,1,Text,#Challenge,390506,5293.0,15516,4956068.0,8.2992,Low
Twitter,viral_trends_dataset,2023-07-25,,1.0,0,Image,#Music,483426,44836.0,49747,4646211.0,12.4404,High
TikTok,viral_trends_dataset,2022-03-18,,4.0,0,Video,#Viral,403999,4787.0,11069,3837633.0,10.9405,Medium
Instagram,viral_trends_dataset,2022-07-10,,6.0,1,Live,#Comedy,219055,33612.0,32009,1831366.0,15.5445,High
Twitter,viral_trends_dataset,2023-08-14,,0.0,0,Video,#Gaming,60397,49228.0,71412,3880037.0,4.6659,Low
Instagram,viral_trends_dataset,2022-08-29,,0.0,0,Image,#Dance,199918,5823.0,60118,4002076.0,6.643,Low
Instagram,viral_trends_dataset,2022-12-17,,5.0,1,Video,#Education,318112,1220.0,7994,1532579.0,21.3579,Medium
Twitter,viral_trends_dataset,2023-03-29,,2.0,0,Text,#Viral,10641,41367.0,12421,3747143.0,1.7194,High
Twitter,viral_trends_dataset,2023-06-24,,5.0,1,Image,#Challenge,130858,11076.0,66782,4044625.0,5.1603,High
Instagram,viral_trends_dataset,2022-05-20,,4.0,0,Video,#Education,274766,9010.0,45283,4410645.0,7.4606,Low
Twitter,viral_trends_dataset,2023-10-19,,3.0,0,Video,#Education,54434,16714.0,41385,2570250.0,4.3783,Medium
TikTok,viral_trends_dataset,2023-04-03,,0.0,0,Text,#Fitness,40473,25286.0,28558,3447314.0,2.736,High
TikTok,viral_trends_dataset,2023-03-04,,5.0,1,Video,#Music,248284,24725.0,83794,4645704.0,7.6803,High
TikTok,viral_trends_dataset,2022-12-04,,6.0,1,Video,#Viral,448970,18865.0,59849,4770390.0,11.0617,Medium
Twitter,viral_trends_dataset,2022-08-09,,1.0,0,Video,#Fashion,434667,22379.0,32954,4894106.0,10.012,High
YouTube,viral_trends_dataset,2022-11-09,,2.0,0,Video,#Gaming,444651,24516.0,70531,1632604.0,33.0575,Low
YouTube,viral_trends_dataset,2022-06-05,,6.0,1,Image,#Challenge,168189,20562.0,47117,180597.0,130.6046,Medium
TikTok,viral_trends_dataset,2022-10-12,,2.0,0,Video,#Comedy,80341,14047.0,79803,419884.0,41.4855,Low
TikTok,viral_trends_dataset,2022-06-10,,4.0,0,Video,#Fitness,292555,12189.0,76539,1529342.0,24.9312,Low
Instagram,viral_trends_dataset,2023-02-27,,0.0,0,Text,#Dance,374018,27438.0,84000,948825.0,51.1639,High
Instagram,viral_trends_dataset,2022-03-09,,2.0,0,Image,#Dance,173815,30679.0,46684,3596292.0,6.9844,Low
TikTok,viral_trends_dataset,2022-07-13,,2.0,0,Video,#Music,341056,40502.0,63956,2316075.0,19.2357,Medium
Instagram,viral_trends_dataset,2022-05-17,,1.0,0,Video,#Fashion,34382,22498.0,13782,3609099.0,1.9579,Low
Instagram,viral_trends_dataset,2023-08-09,,2.0,0,Video,#Music,11441,17355.0,74391,4430382.0,2.3291,High
Twitter,viral_trends_dataset,2023-03-20,,0.0,0,Video,#Education,453533,4664.0,95846,4822339.0,11.4891,Low
YouTube,viral_trends_dataset,2023-07-28,,4.0,0,Live,#Tech,379408,19445.0,236,2795713.0,14.275,Low
Instagram,viral_trends_dataset,2022-06-05,,6.0,1,Video,#Fitness,108813,23634.0,83246,1143058.0,18.8698,Low
TikTok,viral_trends_dataset,2023-07-22,,5.0,1,Video,#Gaming,50377,360.0,71290,547143.0,22.3026,High
Instagram,viral_trends_dataset,2023-10-27,,4.0,0,Video,#Dance,41968,12902.0,72450,103062.0,123.5373,High
YouTube,viral_trends_dataset,2023-05-01,,0.0,0,Video,#Fitness,434656,40771.0,76960,54266.0,1017.9247,Low
YouTube,viral_trends_dataset,2023-01-07,,5.0,1,Text,#Fashion,485521,7055.0,27501,3606764.0,14.4195,Low
Instagram,viral_trends_dataset,2023-09-01,,4.0,0,Video,#Challenge,3111,30478.0,70197,2842780.0,3.6509,Low
Twitter,viral_trends_dataset,2022-12-21,,2.0,0,Live,#Education,259118,27898.0,35274,396861.0,81.2098,Medium
TikTok,viral_trends_dataset,2023-04-28,,4.0,0,Video,#Fitness,213599,24440.0,81261,4112444.0,7.7642,Low
TikTok,viral_trends_dataset,2022-03-07,,0.0,0,Text,#Music,91347,38362.0,82700,3328630.0,6.3813,Medium
Twitter,viral_trends_dataset,2022-10-10,,0.0,0,Live,#Viral,18378,2034.0,96218,780850.0,14.9363,Low
YouTube,viral_trends_dataset,2022-08-06,,5.0,1,Video,#Dance,169838,37051.0,42819,631007.0,39.5729,Low
Instagram,viral_trends_dataset,2022-07-06,,2.0,0,Live,#Challenge,477638,13683.0,19503,3734090.0,13.68,High
TikTok,viral_trends_dataset,2022-05-06,,4.0,0,Video,#Fashion,290718,48722.0,88697,4057482.0,10.5518,Medium
YouTube,viral_trends_dataset,2022-04-02,,5.0,1,Text,#Challenge,151082,30849.0,35275,2422046.0,8.9679,Low
Twitter,viral_trends_dataset,2023-04-27,,3.0,0,Text,#Gaming,438663,36359.0,38040,2444116.0,20.9917,Low
TikTok,viral_trends_dataset,2023-07-27,,3.0,0,Video,#Viral,369252,5491.0,59222,2386255.0,18.186,Medium
Twitter,viral_trends_dataset,2022-01-29,,5.0,1,Live,#Dance,34713,39360.0,41353,794531.0,14.5276,Medium
TikTok,viral_trends_dataset,2022-05-03,,1.0,0,Video,#Viral,350482,8582.0,73302,2649565.0,16.3184,Low
TikTok,viral_trends_dataset,2023-01-07,,5.0,1,Video,#Fitness,224904,39726.0,9554,564507.0,48.5705,Low
YouTube,viral_trends_dataset,2022-10-06,,3.0,0,Video,#Tech,8196,20741.0,67615,1123373.0,8.5948,High
TikTok,viral_trends_dataset,2023-03-28,,1.0,0,Text,#Fashion,414825,14664.0,82640,3130478.0,16.3595,High
Instagram,viral_trends_dataset,2023-05-11,,3.0,0,Video,#Fitness,324725,46365.0,63572,1521329.0,28.5712,Low
Twitter,viral_trends_dataset,2023-03-05,,6.0,1,Image,#Fitness,262727,7455.0,22334,4801627.0,6.092,Medium
Instagram,viral_trends_dataset,2022-06-16,,3.0,0,Image,#Fashion,9304,2329.0,91696,1952016.0,5.2935,High
YouTube,viral_trends_dataset,2022-05-26,,3.0,0,Video,#Challenge,133861,19775.0,42619,902552.0,21.7445,Medium
TikTok,viral_trends_dataset,2022-11-01,,1.0,0,Live,#Fashion,439022,28761.0,12270,2407138.0,19.9429,Medium
Twitter,viral_trends_dataset,2022-11-26,,5.0,1,Live,#Viral,78187,3625.0,39581,3062000.0,3.9645,Medium
Instagram,viral_trends_dataset,2023-04-07,,4.0,0,Text,#Fashion,307784,49898.0,15477,1100509.0,33.9079,Low
TikTok,viral_trends_dataset,2022-12-19,,0.0,0,Live,#Fashion,109351,20601.0,36430,2076350.0,8.0132,High
Instagram,viral_trends_dataset,2023-08-20,,6.0,1,Image,#Dance,78852,1843.0,19916,1699359.0,5.9205,High
Instagram,viral_trends_dataset,2022-07-09,,5.0,1,Video,#Viral,244744,48466.0,90943,3821272.0,10.053,Low
TikTok,viral_trends_dataset,2022-01-22,,5.0,1,Video,#Tech,104899,38042.0,35468,112432.0,158.6817,High
Twitter,viral_trends_dataset,2022-05-07,,5.0,1,Video,#Viral,433292,43106.0,77815,2392297.0,23.1666,Low
Instagram,viral_trends_dataset,2023-12-27,,2.0,0,Video,#Viral,64432,15662.0,8488,3510259.0,2.5235,High
Instagram,viral_trends_dataset,2022-10-01,,5.0,1,Video,#Challenge,57416,31691.0,10271,1050906.0,9.4564,Low
TikTok,viral_trends_dataset,2022-10-04,,1.0,0,Video,#Dance,351092,10999.0,91775,4613461.0,9.8379,Low
Instagram,viral_trends_dataset,2023-04-14,,4.0,0,Video,#Dance,226370,32571.0,15714,691653.0,39.7099,High
Twitter,viral_trends_dataset,2023-05-14,,6.0,1,Text,#Comedy,490312,26934.0,30079,1126747.0,48.5757,High
Instagram,viral_trends_dataset,2023-03-18,,5.0,1,Video,#Music,152059,16834.0,8360,3198087.0,5.5425,Low
Instagram,viral_trends_dataset,2022-04-25,,0.0,0,Video,#Fashion,271304,28623.0,50757,4165262.0,8.4193,Low
Instagram,viral_trends_dataset,2022-05-05,,3.0,0,Image,#Tech,135115,43702.0,16789,1563039.0,12.5145,High
Instagram,viral_trends_dataset,2023-08-30,,2.0,0,Text,#Gaming,415846,28563.0,4621,400678.0,112.0675,High
TikTok,viral_trends_dataset,2022-09-21,,2.0,0,Video,#Tech,457067,14331.0,39849,4447357.0,11.4955,Low
Instagram,viral_trends_dataset,2023-05-12,,4.0,0,Video,#Music,423823,9162.0,33666,531906.0,87.7319,Low
YouTube,viral_trends_dataset,2022-05-07,,5.0,1,Image,#Challenge,9345,29304.0,48427,1277967.0,6.8136,High
Twitter,viral_trends_dataset,2022-08-25,,3.0,0,Text,#Tech,154491,15216.0,70768,3182568.0,7.556,Low
Twitter,viral_trends_dataset,2023-07-07,,4.0,0,Video,#Viral,21164,32307.0,35101,4663539.0,1.8992,High
Twitter,viral_trends_dataset,2023-07-31,,0.0,0,Text,#Fitness,364519,20924.0,55324,4694072.0,9.3899,Medium
Twitter,viral_trends_dataset,2023-06-19,,0.0,0,Video,#Fashion,290040,1638.0,25559,1802668.0,17.5982,Medium
YouTube,viral_trends_dataset,2022-07-31,,6.0,1,Live,#Fashion,155660,37832.0,55476,2888639.0,8.6189,High
TikTok,viral_trends_dataset,2023-10-29,,6.0,1,Text,#Tech,108676,16376.0,86682,4316751.0,4.9049,Low
Twitter,viral_trends_dataset,2023-09-09,,5.0,1,Video,#Comedy,303723,3736.0,803,295470.0,104.3294,Low
Twitter,viral_trends_dataset,2022-06-09,,3.0,0,Video,#Music,494784,5601.0,86920,452311.0,129.8454,Low
YouTube,viral_trends_dataset,2022-02-14,,0.0,0,Video,#Fashion,123172,19286.0,32997,4672087.0,3.7554,Low
Instagram,viral_trends_dataset,2023-10-09,,0.0,0,Video,#Education,178678,18646.0,24440,3158238.0,7.0218,High
Twitter,viral_trends_dataset,2023-02-17,,4.0,0,Image,#Tech,87132,3953.0,81048,399911.0,43.0428,High
TikTok,viral_trends_dataset,2023-07-07,,4.0,0,Text,#Comedy,344718,41695.0,40922,4584196.0,9.3219,Low
Instagram,viral_trends_dataset,2022-02-25,,4.0,0,Video,#Tech,328582,26119.0,45403,4726748.0,8.4647,Low
YouTube,viral_trends_dataset,2023-05-21,,6.0,1,Live,#Viral,8922,2819.0,11495,3036543.0,0.7652,High
TikTok,viral_trends_dataset,2023-08-08,,1.0,0,Video,#Gaming,46772,45318.0,34624,4145988.0,3.0563,High
TikTok,viral_trends_dataset,2023-09-20,,2.0,0,Video,#Tech,414331,34159.0,77016,4261094.0,12.3327,Low
Instagram,viral_trends_dataset,2022-04-04,,0.0,0,Image,#Fashion,96203,21178.0,65181,2317238.0,7.8784,Medium
Twitter,viral_trends_dataset,2023-05-03,,2.0,0,Image,#Music,85583,39360.0,99889,3933642.0,5.7156,Medium
Twitter,viral_trends_dataset,2023-12-10,,6.0,1,Video,#Tech,222023,48284.0,44351,2413376.0,13.0381,Low
Twitter,viral_trends_dataset,2022-01-13,,3.0,0,Video,#Music,324630,9030.0,37308,1632421.0,22.725,High
TikTok,viral_trends_dataset,2023-04-09,,6.0,1,Image,#Fashion,110460,31496.0,75602,2199227.0,9.8925,Medium
YouTube,viral_trends_dataset,2022-11-29,,1.0,0,Live,#Comedy,464704,38696.0,79303,4238088.0,13.7492,Medium
Twitter,viral_trends_dataset,2023-03-16,,3.0,0,Video,#Comedy,175383,38208.0,78519,3302311.0,8.8456,Medium
TikTok,viral_trends_dataset,2023-11-18,,5.0,1,Video,#Education,9712,41997.0,90375,3106785.0,4.5733,High
TikTok,viral_trends_dataset,2023-06-17,,5.0,1,Image,#Tech,368792,35614.0,77220,3494484.0,13.7825,Medium
TikTok,viral_trends_dataset,2023-03-10,,4.0,0,Image,#Fashion,99891,36540.0,65709,3513595.0,5.7531,Low
Instagram,viral_trends_dataset,2022-11-25,,4.0,0,Text,#Fashion,26530,28986.0,39753,3209804.0,2.9681,Medium
YouTube,viral_trends_dataset,2023-10-19,,3.0,0,Live,#Fashion,445354,37796.0,53037,3641903.0,14.7227,Medium
Twitter,viral_trends_dataset,2023-03-22,,2.0,0,Text,#Fashion,471014,31710.0,75767,3397817.0,17.0254,High
TikTok,viral_trends_dataset,2022-02-14,,0.0,0,Video,#Dance,167012,49887.0,47179,2045438.0,12.9106,Low
Instagram,viral_trends_dataset,2022-10-01,,5.0,1,Live,#Dance,259640,24249.0,31561,1489412.0,21.1795,High
TikTok,viral_trends_dataset,2022-12-23,,4.0,0,Video,#Viral,324551,33713.0,94759,2107990.0,21.4908,High
Instagram,viral_trends_dataset,2023-07-30,,6.0,1,Image,#Gaming,23381,20823.0,72573,4540208.0,2.5721,High
Twitter,viral_trends_dataset,2023-06-16,,4.0,0,Image,#Music,135147,8807.0,28659,3722456.0,4.6371,Medium
YouTube,viral_trends_dataset,2023-09-22,,4.0,0,Video,#Gaming,19851,14304.0,77127,4820075.0,2.3087,Low
Instagram,viral_trends_dataset,2022-12-23,,4.0,0,Image,#Challenge,201268,4275.0,17759,2727232.0,8.1879,High
YouTube,viral_trends_dataset,2022-06-20,,0.0,0,Video,#Fashion,139816,3867.0,95490,1749243.0,13.6729,Low
Twitter,viral_trends_dataset,2022-11-29,,1.0,0,Video,#Fitness,370590,23433.0,32965,3578755.0,11.9312,High
Twitter,viral_trends_dataset,2022-12-04,,6.0,1,Text,#Comedy,335370,42264.0,7455,4542486.0,8.4775,Low
Twitter,viral_trends_dataset,2023-05-10,,2.0,0,Text,#Tech,162950,26115.0,22102,349955.0,60.3412,High
YouTube,viral_trends_dataset,2023-03-08,,2.0,0,Video,#Fitness,326354,20155.0,13905,1863453.0,19.3412,Low
Twitter,viral_trends_dataset,2023-03-22,,2.0,0,Text,#Dance,388100,38951.0,89052,759536.0,67.9498,Low
Instagram,viral_trends_dataset,2023-11-26,,6.0,1,Image,#Education,38904,942.0,71532,870453.0,12.7954,Medium
TikTok,viral_trends_dataset,2022-12-15,,3.0,0,Live,#Dance,341230,1801.0,50413,3217287.0,12.2291,Low
YouTube,viral_trends_dataset,2023-06-15,,3.0,0,Image,#Viral,51816,22598.0,2532,2433851.0,3.1615,Low
Instagram,viral_trends_dataset,2022-05-12,,3.0,0,Video,#Fitness,362820,2604.0,34300,2271759.0,17.5954,Medium
Twitter,viral_trends_dataset,2022-08-03,,2.0,0,Live,#Dance,199325,41321.0,98891,4027776.0,8.4299,Low
Instagram,viral_trends_dataset,2022-06-09,,3.0,0,Video,#Tech,297655,29062.0,26196,3407877.0,10.3558,High
YouTube,viral_trends_dataset,2023-12-04,,0.0,0,Image,#Viral,91832,23975.0,54213,1368185.0,12.4267,High
Instagram,viral_trends_dataset,2023-08-11,,4.0,0,Text,#Tech,484650,44560.0,10588,4671326.0,11.5556,Medium
Twitter,viral_trends_dataset,2023-01-18,,2.0,0,Image,#Challenge,45851,8691.0,21486,2413147.0,3.1506,Low
Twitter,viral_trends_dataset,2023-02-12,,6.0,1,Live,#Gaming,205361,13930.0,74326,971147.0,30.234,Low
TikTok,viral_trends_dataset,2022-09-10,,5.0,1,Video,#Fitness,92831,5160.0,33257,287898.0,45.5884,Low
Twitter,viral_trends_dataset,2022-12-08,,3.0,0,Live,#Comedy,206179,3682.0,15623,2245957.0,10.0396,Medium
YouTube,viral_trends_dataset,2022-05-04,,2.0,0,Video,#Gaming,207035,14662.0,62609,1741714.0,16.3233,High
Twitter,viral_trends_dataset,2022-06-05,,6.0,1,Live,#Comedy,146469,49402.0,64229,2607877.0,9.9736,Low
Twitter,viral_trends_dataset,2023-03-13,,0.0,0,Text,#Fitness,166788,22734.0,9163,2064375.0,9.6245,Low
YouTube,viral_trends_dataset,2022-12-19,,0.0,0,Image,#Viral,453782,10934.0,45771,2225947.0,22.9335,Medium
Instagram,viral_trends_dataset,2022-05-15,,6.0,1,Live,#Challenge,35680,33046.0,95504,1482758.0,11.076,Low
Instagram,viral_trends_dataset,2022-11-05,,5.0,1,Text,#Education,380409,17760.0,92056,4228374.0,11.5937,Medium
Instagram,viral_trends_dataset,2023-05-23,,1.0,0,Text,#Viral,267634,47518.0,48829,297878.0,122.1913,Medium
Instagram,viral_trends_dataset,2022-11-29,,1.0,0,Image,#Music,484304,4295.0,78146,2397124.0,23.6427,Low
TikTok,viral_trends_dataset,2023-11-26,,6.0,1,Video,#Fashion,394246,31454.0,86809,2784227.0,18.4076,Medium
Instagram,viral_trends_dataset,2023-04-02,,6.0,1,Live,#Comedy,445929,7451.0,16257,3335191.0,14.0813,Low
TikTok,viral_trends_dataset,2022-01-20,,3.0,0,Image,#Viral,20781,49216.0,5849,4582912.0,1.655,Low
TikTok,viral_trends_dataset,2023-11-03,,4.0,0,Live,#Music,86602,3257.0,90843,1210794.0,14.9243,Low
TikTok,viral_trends_dataset,2022-02-14,,0.0,0,Text,#Education,103502,22948.0,74019,2599368.0,7.7122,High
Twitter,viral_trends_dataset,2022-04-10,,6.0,1,Live,#Dance,308133,27297.0,52155,4707489.0,8.2334,Low
YouTube,viral_trends_dataset,2023-10-28,,5.0,1,Video,#Music,105510,11195.0,61565,2793980.0,6.3805,Medium
Twitter,viral_trends_dataset,2023-06-30,,4.0,0,Video,#Fitness,307198,6193.0,71219,2624711.0,14.6534,Medium
YouTube,viral_trends_dataset,2023-04-23,,6.0,1,Video,#Comedy,300506,1905.0,49105,4381970.0,8.0219,High
Instagram,viral_trends_dataset,2022-06-22,,2.0,0,Live,#Fitness,71007,46694.0,41600,39409.0,404.2249,High
Instagram,viral_trends_dataset,2023-02-19,,6.0,1,Image,#Fitness,84192,40619.0,50937,3499748.0,5.0217,Low
Instagram,viral_trends_dataset,2023-10-08,,6.0,1,Video,#Gaming,499249,28123.0,11833,2030644.0,26.5534,High
Twitter,viral_trends_dataset,2023-02-02,,3.0,0,Video,#Fitness,496947,6829.0,98292,4021988.0,14.9694,Low
Instagram,viral_trends_dataset,2023-09-01,,4.0,0,Video,#Dance,351819,20387.0,3829,4255189.0,8.8371,Low
TikTok,viral_trends_dataset,2023-04-17,,0.0,0,Text,#Challenge,272628,31504.0,22588,1401182.0,23.3175,Low
TikTok,viral_trends_dataset,2023-06-09,,4.0,0,Video,#Viral,115614,37181.0,39890,3984874.0,4.8354,Medium
TikTok,viral_trends_dataset,2022-06-21,,1.0,0,Video,#Comedy,263783,40556.0,3049,631935.0,48.6423,High
YouTube,viral_trends_dataset,2022-01-11,,1.0,0,Image,#Gaming,355446,18325.0,61987,3577981.0,12.1789,High
TikTok,viral_trends_dataset,2023-03-23,,3.0,0,Live,#Dance,48452,2749.0,12647,4661813.0,1.3696,High
YouTube,viral_trends_dataset,2023-07-03,,0.0,0,Live,#Music,162185,26355.0,6853,4153771.0,4.704,Medium
Instagram,viral_trends_dataset,2023-11-22,,2.0,0,Video,#Comedy,272930,47190.0,96467,3523284.0,11.8238,Low
YouTube,viral_trends_dataset,2022-04-15,,4.0,0,Video,#Music,325404,41320.0,4011,141033.0,262.8711,High
YouTube,viral_trends_dataset,2023-01-15,,6.0,1,Video,#Fitness,486037,4660.0,47060,1058655.0,50.7962,Medium
Instagram,viral_trends_dataset,2023-08-14,,0.0,0,Live,#Dance,466132,46110.0,51434,2030560.0,27.7596,Low
Instagram,viral_trends_dataset,2022-07-09,,5.0,1,Image,#Tech,251440,22111.0,28477,234535.0,128.7774,High
TikTok,viral_trends_dataset,2022-04-18,,0.0,0,Video,#Fitness,363451,30644.0,40906,3959483.0,10.9863,Low
Instagram,viral_trends_dataset,2022-04-03,,6.0,1,Live,#Viral,352894,45066.0,54154,2476219.0,18.2582,Low
YouTube,viral_trends_dataset,2022-04-24,,6.0,1,Image,#Music,320872,49058.0,49073,3857161.0,10.863,High
Twitter,viral_trends_dataset,2023-05-07,,6.0,1,Video,#Fashion,41967,1045.0,76316,4171762.0,2.8604,Medium
Instagram,viral_trends_dataset,2023-07-19,,2.0,0,Video,#Music,113463,19511.0,87529,3356648.0,6.5691,High
YouTube,viral_trends_dataset,2022-07-24,,6.0,1,Live,#Tech,337967,37272.0,30773,3857226.0,10.526,High
Twitter,viral_trends_dataset,2022-06-25,,5.0,1,Live,#Education,454319,15888.0,10944,3147293.0,15.2878,High
YouTube,viral_trends_dataset,2022-12-08,,3.0,0,Live,#Comedy,208583,40027.0,6013,975369.0,26.1053,Low
YouTube,viral_trends_dataset,2023-03-16,,3.0,0,Text,#Viral,496554,8078.0,67838,4604015.0,12.4341,High
Twitter,viral_trends_dataset,2022-03-11,,4.0,0,Live,#Fashion,186319,2331.0,64408,279023.0,90.6943,Low
TikTok,viral_trends_dataset,2022-02-13,,6.0,1,Video,#Viral,267244,15083.0,25145,4887642.0,6.2908,Low
TikTok,viral_trends_dataset,2022-10-22,,5.0,1,Image,#Viral,208085,2112.0,65223,2513082.0,10.9595,Low
Twitter,viral_trends_dataset,2023-10-06,,4.0,0,Video,#Fitness,190157,1268.0,12005,2832427.0,7.1822,Medium
YouTube,viral_trends_dataset,2022-05-12,,3.0,0,Video,#Tech,177389,373.0,26953,780047.0,26.2439,Medium
YouTube,viral_trends_dataset,2022-12-15,,3.0,0,Video,#Education,230790,2669.0,78827,2810890.0,11.1099,Low
Instagram,viral_trends_dataset,2023-07-29,,5.0,1,Image,#Dance,366987,48128.0,95517,26531.0,1924.6617,Low
Twitter,viral_trends_dataset,2023-04-30,,6.0,1,Video,#Fitness,289592,34304.0,51598,3868670.0,9.706,Medium
TikTok,viral_trends_dataset,2022-05-16,,0.0,0,Text,#Music,392724,31603.0,47050,4875320.0,9.6686,Low
Twitter,viral_trends_dataset,2023-05-18,,3.0,0,Video,#Gaming,191195,46882.0,76245,4890733.0,6.4269,Low
YouTube,viral_trends_dataset,2022-05-02,,0.0,0,Video,#Fitness,460881,98.0,87021,2980877.0,18.3839,Medium
TikTok,viral_trends_dataset,2022-10-01,,5.0,1,Video,#Challenge,73347,10627.0,34856,2429444.0,4.8912,High
Instagram,viral_trends_dataset,2022-12-02,,4.0,0,Video,#Viral,417783,23063.0,857,2561592.0,17.2433,Medium
Twitter,viral_trends_dataset,2023-10-29,,6.0,1,Image,#Gaming,253501,42801.0,29122,2139489.0,15.2104,Medium
Twitter,viral_trends_dataset,2022-07-03,,6.0,1,Video,#Viral,79964,16151.0,91333,3304797.0,5.672,High
YouTube,viral_trends_dataset,2023-01-01,,6.0,1,Live,#Challenge,281099,35394.0,74034,831664.0,46.9573,High
TikTok,viral_trends_dataset,2022-03-31,,3.0,0,Video,#Comedy,325635,42579.0,90256,1896555.0,24.1738,Medium
YouTube,viral_trends_dataset,2023-04-08,,5.0,1,Video,#Music,224208,29486.0,89599,2926180.0,11.7318,Low
Instagram,viral_trends_dataset,2022-05-15,,6.0,1,Text,#Fitness,191570,21918.0,71507,3337724.0,8.5386,Medium
Instagram,viral_trends_dataset,2023-01-29,,6.0,1,Text,#Viral,159813,10720.0,39987,1767518.0,11.9105,Low
YouTube,viral_trends_dataset,2022-08-15,,0.0,0,Live,#Music,92749,20625.0,71374,1296974.0,14.2445,Medium
Twitter,viral_trends_dataset,2023-11-19,,6.0,1,Image,#Viral,356699,21198.0,58539,3708594.0,11.7682,Medium
Twitter,viral_trends_dataset,2023-09-12,,1.0,0,Image,#Education,475173,31898.0,74585,2599117.0,22.379,High
TikTok,viral_trends_dataset,2022-09-10,,5.0,1,Text,#Challenge,494324,40077.0,85923,1823238.0,34.0232,Medium
TikTok,viral_trends_dataset,2022-08-26,,4.0,0,Video,#Tech,129716,14896.0,2790,1600077.0,9.2122,Low
Twitter,viral_trends_dataset,2022-09-15,,3.0,0,Text,#Gaming,36025,4213.0,67055,4518205.0,2.3747,Medium
TikTok,viral_trends_dataset,2023-06-06,,1.0,0,Video,#Tech,424882,47233.0,5868,3675898.0,13.0032,Medium
YouTube,viral_trends_dataset,2022-06-14,,1.0,0,Image,#Education,46838,46321.0,16010,1693131.0,6.4478,Medium
Twitter,viral_trends_dataset,2023-07-02,,6.0,1,Text,#Music,161015,37265.0,16528,440358.0,48.7803,Medium
Twitter,viral_trends_dataset,2022-04-08,,4.0,0,Video,#Challenge,174493,4174.0,80245,4332749.0,5.9757,Low
Twitter,viral_trends_dataset,2022-12-22,,3.0,0,Image,#Music,72352,20563.0,86364,1776924.0,10.0893,Low
Instagram,viral_trends_dataset,2022-04-28,,3.0,0,Live,#Viral,330555,35648.0,48407,4388298.0,9.4481,High
TikTok,viral_trends_dataset,2022-06-07,,1.0,0,Image,#Music,185167,24019.0,90764,2882534.0,10.4058,Low
YouTube,viral_trends_dataset,2022-11-27,,6.0,1,Video,#Music,455400,46703.0,49741,2412512.0,22.8742,High
YouTube,viral_trends_dataset,2023-11-13,,0.0,0,Live,#Music,472372,11599.0,85121,1550445.0,36.7051,Medium
YouTube,viral_trends_dataset,2023-09-12,,1.0,0,Image,#Comedy,968,3471.0,67956,3985203.0,1.8166,Medium
YouTube,viral_trends_dataset,2023-04-30,,6.0,1,Text,#Music,212115,32728.0,8663,3906230.0,6.4898,Low
Twitter,viral_trends_dataset,2023-06-27,,1.0,0,Video,#Fashion,66807,37103.0,22816,1945337.0,6.5143,High
TikTok,viral_trends_dataset,2022-08-02,,1.0,0,Image,#Music,13461,12119.0,7839,2238529.0,1.4929,Low
YouTube,viral_trends_dataset,2022-01-14,,4.0,0,Video,#Fashion,77172,21826.0,70940,1185769.0,14.3315,Low
TikTok,viral_trends_dataset,2022-06-09,,3.0,0,Image,#Education,216531,21529.0,53482,273295.0,106.6767,Low
Twitter,viral_trends_dataset,2022-01-28,,4.0,0,Image,#Fitness,127067,5413.0,2495,1671364.0,8.0757,Low
Twitter,viral_trends_dataset,2022-05-31,,1.0,0,Video,#Music,356481,5159.0,92576,722275.0,62.8869,Low
TikTok,viral_trends_dataset,2023-05-10,,2.0,0,Image,#Music,98208,48777.0,65819,3529332.0,6.0296,High
Twitter,viral_trends_dataset,2022-07-17,,6.0,1,Live,#Fashion,244871,1231.0,89297,2061542.0,16.2693,Low
YouTube,viral_trends_dataset,2023-03-06,,0.0,0,Video,#Music,120211,42534.0,76162,1158625.0,20.6199,Low
Instagram,viral_trends_dataset,2022-06-22,,2.0,0,Video,#Fitness,249139,17298.0,23677,819360.0,35.4074,High
YouTube,viral_trends_dataset,2022-09-26,,0.0,0,Video,#Fashion,414208,26070.0,96075,4045897.0,13.2567,High
YouTube,viral_trends_dataset,2022-02-11,,4.0,0,Video,#Comedy,279007,43588.0,74786,491577.0,80.838,High
Instagram,viral_trends_dataset,2023-05-01,,0.0,0,Video,#Fashion,454927,4792.0,20602,37868.0,1268.4087,High
Instagram,viral_trends_dataset,2023-11-21,,1.0,0,Live,#Comedy,55663,31454.0,86769,4239953.0,4.1011,Low
YouTube,viral_trends_dataset,2022-12-03,,5.0,1,Text,#Viral,114456,32194.0,95705,1532152.0,15.8179,Medium
Instagram,viral_trends_dataset,2023-06-09,,4.0,0,Video,#Fitness,233668,20588.0,86886,309913.0,110.0767,High
Instagram,viral_trends_dataset,2022-11-30,,2.0,0,Video,#Music,44981,35705.0,24326,818780.0,12.8254,High
YouTube,viral_trends_dataset,2023-08-27,,6.0,1,Video,#Music,185347,17036.0,55971,4756488.0,5.4316,Medium
TikTok,viral_trends_dataset,2023-09-24,,6.0,1,Video,#Viral,220254,21734.0,90996,1424172.0,23.3809,High
Twitter,viral_trends_dataset,2023-11-16,,3.0,0,Video,#Gaming,242144,7945.0,27139,2759298.0,10.047,High
YouTube,viral_trends_dataset,2022-01-01,,5.0,1,Image,#Comedy,449162,10392.0,91563,721858.0,76.347,High
Twitter,viral_trends_dataset,2023-12-08,,4.0,0,Text,#Comedy,311058,38106.0,69740,1202451.0,34.8375,High
TikTok,viral_trends_dataset,2022-08-14,,6.0,1,Image,#Fashion,194082,39446.0,70643,3531840.0,8.6123,Medium
YouTube,viral_trends_dataset,2022-11-04,,4.0,0,Video,#Comedy,438727,16032.0,59697,2253765.0,22.8265,High
YouTube,viral_trends_dataset,2023-01-04,,2.0,0,Video,#Dance,200223,15045.0,76908,4489207.0,6.5084,High
Twitter,viral_trends_dataset,2022-09-09,,4.0,0,Video,#Challenge,378173,9605.0,24558,1507283.0,27.3562,Low
TikTok,viral_trends_dataset,2023-08-19,,5.0,1,Video,#Viral,105620,8168.0,55893,4428383.0,3.8317,Medium
YouTube,viral_trends_dataset,2023-07-22,,5.0,1,Image,#Dance,197063,11363.0,39052,3762530.0,6.5774,High
TikTok,viral_trends_dataset,2022-08-15,,0.0,0,Text,#Challenge,398181,20163.0,9171,3646904.0,11.7227,High
TikTok,viral_trends_dataset,2023-03-12,,6.0,1,Video,#Fashion,424227,1792.0,44869,110071.0,427.8039,High
YouTube,viral_trends_dataset,2022-05-05,,3.0,0,Video,#Music,494378,21049.0,79405,4003544.0,14.8576,High
Twitter,viral_trends_dataset,2022-11-01,,1.0,0,Video,#Gaming,462966,28891.0,98217,3047152.0,19.3648,High
Instagram,viral_trends_dataset,2023-12-17,,6.0,1,Text,#Fashion,397430,5915.0,48054,3233160.0,13.9615,High
Instagram,viral_trends_dataset,2023-09-28,,3.0,0,Live,#Dance,449205,18209.0,79352,853710.0,64.0459,High
Instagram,viral_trends_dataset,2023-10-21,,5.0,1,Video,#Fitness,125751,15013.0,65533,1120916.0,18.4043,Low
TikTok,viral_trends_dataset,2023-04-20,,3.0,0,Text,#Gaming,424988,41987.0,14387,2067844.0,23.2784,High
YouTube,viral_trends_dataset,2023-07-19,,2.0,0,Live,#Tech,492070,14029.0,41239,3461714.0,15.8112,Low
YouTube,viral_trends_dataset,2022-04-08,,4.0,0,Video,#Fitness,343059,20919.0,44339,1752782.0,23.2954,High
YouTube,viral_trends_dataset,2023-05-14,,6.0,1,Video,#Fashion,353876,12793.0,55327,1655182.0,25.4954,Medium
YouTube,viral_trends_dataset,2022-07-30,,5.0,1,Video,#Fashion,304813,27390.0,25847,4855651.0,7.3739,Low
TikTok,viral_trends_dataset,2023-04-06,,3.0,0,Text,#Challenge,136831,37198.0,56756,1839502.0,12.5461,Low
Instagram,viral_trends_dataset,2022-03-30,,2.0,0,Image,#Gaming,338911,18226.0,99243,3428164.0,13.3127,Low
Twitter,viral_trends_dataset,2022-08-19,,4.0,0,Video,#Comedy,418379,35131.0,78834,2051301.0,25.9515,High
Instagram,viral_trends_dataset,2022-04-12,,1.0,0,Image,#Education,344964,19822.0,48344,2322338.0,17.7894,Low
YouTube,viral_trends_dataset,2023-01-03,,1.0,0,Video,#Challenge,462049,5720.0,10948,1546514.0,30.9546,Low
Instagram,viral_trends_dataset,2023-12-22,,4.0,0,Image,#Dance,354205,45380.0,98081,3236693.0,15.3758,Medium
TikTok,viral_trends_dataset,2023-11-13,,0.0,0,Image,#Comedy,64486,46480.0,7705,1733587.0,6.8454,High
Instagram,viral_trends_dataset,2023-06-28,,2.0,0,Video,#Viral,200500,4179.0,50312,2948068.0,8.6494,Medium
TikTok,viral_trends_dataset,2023-06-29,,3.0,0,Video,#Dance,148751,25141.0,17295,892935.0,21.4111,High
Twitter,viral_trends_dataset,2022-12-10,,5.0,1,Video,#Tech,260121,33715.0,42176,4274005.0,7.8618,High
Instagram,viral_trends_dataset,2022-11-28,,0.0,0,Video,#Music,228388,10107.0,4628,1405829.0,17.2939,Low
YouTube,viral_trends_dataset,2022-03-08,,1.0,0,Live,#Music,435945,6051.0,79651,440801.0,118.3407,Low
Twitter,viral_trends_dataset,2022-04-08,,4.0,0,Text,#Tech,388944,22302.0,62108,1357441.0,34.8711,Low
Instagram,viral_trends_dataset,2022-09-17,,5.0,1,Image,#Fitness,340814,34558.0,15805,613581.0,63.7531,High
TikTok,viral_trends_dataset,2022-05-24,,1.0,0,Video,#Fitness,447547,7354.0,81762,4155659.0,12.914,High
YouTube,viral_trends_dataset,2023-11-24,,4.0,0,Video,#Education,128178,48139.0,52353,3146159.0,7.2682,High
TikTok,viral_trends_dataset,2022-08-16,,1.0,0,Live,#Fitness,433892,41674.0,13968,4561998.0,10.7307,Medium
TikTok,viral_trends_dataset,2022-09-09,,4.0,0,Video,#Comedy,114548,5195.0,75062,1258147.0,15.4835,Low
YouTube,viral_trends_dataset,2023-07-23,,6.0,1,Live,#Fitness,289598,28354.0,90867,759304.0,53.8413,High
TikTok,viral_trends_dataset,2022-08-02,,1.0,0,Video,#Fitness,146142,46736.0,67286,4035840.0,6.4463,Low
TikTok,viral_trends_dataset,2022-05-03,,1.0,0,Live,#Viral,177746,10764.0,40508,473117.0,48.4062,Medium
YouTube,viral_trends_dataset,2023-01-18,,2.0,0,Video,#Tech,34026,48725.0,11671,3837701.0,2.4604,Low
YouTube,viral_trends_dataset,2022-10-24,,0.0,0,Text,#Dance,37059,26332.0,29642,3940029.0,2.3612,High
Instagram,viral_trends_dataset,2023-09-19,,1.0,0,Live,#Viral,448032,48874.0,36711,3442649.0,15.5002,Medium
Twitter,viral_trends_dataset,2022-07-17,,6.0,1,Live,#Challenge,50348,19648.0,92144,3922748.0,4.1333,Medium
TikTok,viral_trends_dataset,2023-09-26,,1.0,0,Video,#Education,253332,26317.0,19538,4326820.0,6.9147,Low
TikTok,viral_trends_dataset,2023-08-10,,3.0,0,Image,#Dance,161209,11783.0,47279,2075502.0,10.6129,Low
YouTube,viral_trends_dataset,2022-04-10,,6.0,1,Video,#Viral,180551,24102.0,28942,3709713.0,6.2968,High
YouTube,viral_trends_dataset,2022-08-29,,0.0,0,Live,#Fitness,139099,11688.0,36928,318153.0,59.0015,Low
YouTube,viral_trends_dataset,2023-05-21,,6.0,1,Text,#Fitness,13209,42595.0,44256,2662851.0,3.7576,Medium
YouTube,viral_trends_dataset,2023-11-30,,3.0,0,Video,#Gaming,76855,13400.0,3962,2035129.0,4.6295,High
Twitter,viral_trends_dataset,2022-03-19,,5.0,1,Text,#Music,260133,48301.0,32788,2722178.0,12.5349,Low
YouTube,viral_trends_dataset,2023-05-21,,6.0,1,Text,#Comedy,489296,6399.0,20200,4242550.0,12.16,Low
TikTok,viral_trends_dataset,2022-10-23,,6.0,1,Video,#Fashion,236358,43056.0,81105,4255337.0,8.4722,Medium
Twitter,viral_trends_dataset,2023-05-13,,5.0,1,Image,#Viral,125792,5263.0,35355,817713.0,20.3507,High
TikTok,viral_trends_dataset,2022-11-25,,4.0,0,Image,#Education,179238,23497.0,79039,4266731.0,6.604,High
YouTube,viral_trends_dataset,2023-10-16,,0.0,0,Video,#Viral,73596,22879.0,29486,605016.0,20.8194,High
Instagram,viral_trends_dataset,2022-10-29,,5.0,1,Image,#Fashion,143212,21258.0,81068,3344955.0,7.3405,Low
YouTube,viral_trends_dataset,2023-09-16,,5.0,1,Live,#Challenge,446587,12186.0,11396,2300705.0,20.4359,Medium
Twitter,viral_trends_dataset,2022-12-03,,5.0,1,Video,#Dance,139162,10579.0,18328,4408711.0,3.8122,Medium
TikTok,viral_trends_dataset,2023-12-08,,4.0,0,Video,#Comedy,23223,36225.0,33471,2477355.0,3.7507,High
TikTok,viral_trends_dataset,2022-10-25,,1.0,0,Live,#Music,238913,3568.0,3420,4096582.0,6.0026,Low
YouTube,viral_trends_dataset,2023-04-11,,1.0,0,Video,#Dance,476755,22930.0,54497,4565439.0,12.1386,Low
Twitter,viral_trends_dataset,2023-04-19,,2.0,0,Video,#Fashion,285823,11214.0,25043,1732712.0,18.5882,High
Instagram,viral_trends_dataset,2023-07-18,,1.0,0,Video,#Music,238397,48745.0,68324,1701847.0,20.8871,Low
YouTube,viral_trends_dataset,2023-03-07,,1.0,0,Video,#Tech,139885,16571.0,84439,2814866.0,8.558,High
TikTok,viral_trends_dataset,2022-11-08,,1.0,0,Text,#Comedy,125458,23713.0,61845,2686688.0,7.8541,Medium
Twitter,viral_trends_dataset,2023-10-31,,1.0,0,Video,#Gaming,332179,24661.0,99793,2008812.0,22.7315,High
YouTube,viral_trends_dataset,2023-08-30,,2.0,0,Live,#Music,352600,39257.0,91742,850783.0,56.8416,Medium
Twitter,viral_trends_dataset,2023-10-12,,3.0,0,Image,#Fitness,76757,6594.0,34856,4859286.0,2.4326,Medium
Twitter,viral_trends_dataset,2023-02-14,,1.0,0,Live,#Tech,195436,30276.0,5790,2208731.0,10.4812,Low
YouTube,viral_trends_dataset,2023-07-15,,5.0,1,Live,#Fashion,281026,24140.0,51194,3095698.0,11.5115,High
TikTok,viral_trends_dataset,2022-12-03,,5.0,1,Text,#Challenge,1798,13208.0,28963,3286984.0,1.3377,Medium
TikTok,viral_trends_dataset,2022-01-18,,1.0,0,Image,#Dance,3680,30497.0,33180,2733478.0,2.4642,Medium
Instagram,viral_trends_dataset,2022-04-18,,0.0,0,Image,#Tech,32587,33951.0,30482,4362872.0,2.2238,Medium
Twitter,viral_trends_dataset,2022-08-10,,2.0,0,Video,#Comedy,232341,4817.0,34519,3240506.0,8.3838,High
Instagram,viral_trends_dataset,2022-02-04,,4.0,0,Image,#Viral,478208,23179.0,99728,1836143.0,32.7379,High
TikTok,viral_trends_dataset,2023-03-27,,0.0,0,Image,#Gaming,461146,17039.0,10852,4946196.0,9.8871,Medium
Instagram,viral_trends_dataset,2022-05-25,,2.0,0,Video,#Fitness,73393,6671.0,93580,357877.0,48.5206,High
Twitter,viral_trends_dataset,2022-02-24,,3.0,0,Live,#Education,121908,6234.0,83869,3182419.0,6.6619,Medium
TikTok,viral_trends_dataset,2023-06-13,,1.0,0,Live,#Tech,444079,1596.0,97665,4102194.0,13.2451,Low
Instagram,viral_trends_dataset,2022-09-07,,2.0,0,Video,#Music,418876,29280.0,29054,363718.0,131.2033,Low
TikTok,viral_trends_dataset,2023-06-12,,0.0,0,Video,#Tech,32148,25453.0,99138,1319472.0,11.8789,Medium
TikTok,viral_trends_dataset,2023-03-09,,3.0,0,Video,#Tech,279869,25627.0,61693,525914.0,69.8192,High
YouTube,viral_trends_dataset,2022-11-27,,6.0,1,Video,#Gaming,178212,8833.0,62933,563236.0,44.3825,Medium
YouTube,viral_trends_dataset,2023-12-24,,6.0,1,Image,#Gaming,352809,43886.0,22951,1245756.0,33.6861,Low
Twitter,viral_trends_dataset,2022-02-08,,1.0,0,Live,#Comedy,347679,44137.0,53248,3943854.0,11.285,Medium
Instagram,viral_trends_dataset,2023-04-13,,3.0,0,Image,#Dance,401975,4445.0,20858,2146139.0,19.9091,High
Instagram,viral_trends_dataset,2022-12-20,,1.0,0,Video,#Fitness,109399,12420.0,75728,2073379.0,9.5278,High
Twitter,viral_trends_dataset,2022-08-17,,2.0,0,Live,#Viral,176986,41035.0,25746,144637.0,168.5371,Low
TikTok,viral_trends_dataset,2022-04-15,,4.0,0,Live,#Education,55352,41887.0,47464,3441323.0,4.2049,Low
TikTok,viral_trends_dataset,2023-12-13,,2.0,0,Text,#Tech,146904,15494.0,82138,4582065.0,5.3368,Low
YouTube,viral_trends_dataset,2022-07-11,,0.0,0,Video,#Challenge,495952,33480.0,58968,2578640.0,22.8182,Low
YouTube,viral_trends_dataset,2023-09-15,,4.0,0,Live,#Fitness,275820,19416.0,95119,1526385.0,25.5738,Medium
YouTube,viral_trends_dataset,2022-02-10,,3.0,0,Text,#Music,175643,15832.0,16858,4796425.0,4.3435,High
Twitter,viral_trends_dataset,2023-01-25,,2.0,0,Video,#Challenge,324782,4903.0,96016,1942922.0,21.9103,Low
Twitter,viral_trends_dataset,2022-02-13,,6.0,1,Live,#Education,97022,23879.0,53393,2440898.0,7.1406,High
YouTube,viral_trends_dataset,2023-05-08,,0.0,0,Video,#Dance,40168,37118.0,30404,2902169.0,3.7107,Low
Instagram,viral_trends_dataset,2023-07-05,,2.0,0,Video,#Fitness,454496,13256.0,1522,456751.0,102.7418,Low
Instagram,viral_trends_dataset,2022-10-19,,2.0,0,Live,#Tech,53845,49774.0,23471,3088456.0,4.115,High
YouTube,viral_trends_dataset,2023-07-04,,1.0,0,Video,#Fashion,255089,49268.0,39969,543029.0,63.4084,High
TikTok,viral_trends_dataset,2023-10-21,,5.0,1,Video,#Tech,44050,2830.0,5528,4712590.0,1.1121,High
YouTube,viral_trends_dataset,2023-10-25,,2.0,0,Image,#Education,307603,21856.0,61207,1948457.0,20.05,Low
YouTube,viral_trends_dataset,2022-04-22,,4.0,0,Video,#Comedy,496838,34236.0,46286,4175263.0,13.8281,High
YouTube,viral_trends_dataset,2023-06-18,,6.0,1,Video,#Dance,69692,38026.0,70459,505897.0,35.22,High
Instagram,viral_trends_dataset,2023-04-28,,4.0,0,Live,#Music,227819,10220.0,20776,3042134.0,8.5077,Low
YouTube,viral_trends_dataset,2022-04-10,,6.0,1,Live,#Comedy,32747,33723.0,4622,214707.0,33.1112,High
Twitter,viral_trends_dataset,2022-04-06,,2.0,0,Image,#Fitness,359846,23808.0,61977,4161514.0,10.7084,Low
TikTok,viral_trends_dataset,2022-10-14,,4.0,0,Video,#Fitness,305597,10251.0,53014,768809.0,47.9784,Medium
Twitter,viral_trends_dataset,2023-06-26,,0.0,0,Video,#Tech,213568,21596.0,32066,346243.0,77.1799,Medium
YouTube,viral_trends_dataset,2023-02-13,,0.0,0,Video,#Music,120548,41875.0,53748,4836757.0,4.4693,Low
YouTube,viral_trends_dataset,2022-06-10,,4.0,0,Video,#Fashion,305676,12665.0,67194,2808352.0,13.7282,Medium
Twitter,viral_trends_dataset,2023-09-21,,3.0,0,Video,#Music,441763,29781.0,94039,4234852.0,13.3554,Low
YouTube,viral_trends_dataset,2023-11-04,,5.0,1,Video,#Fitness,239815,35670.0,25258,4127405.0,7.2865,Medium
Twitter,viral_trends_dataset,2023-10-07,,5.0,1,Video,#Gaming,215326,19354.0,38685,1216902.0,22.464,Medium
YouTube,viral_trends_dataset,2022-07-26,,1.0,0,Image,#Education,26696,46190.0,32378,1770791.0,5.9445,High
Instagram,viral_trends_dataset,2022-11-12,,5.0,1,Video,#Fitness,138181,12087.0,13507,3353507.0,4.8837,Low
Twitter,viral_trends_dataset,2023-09-08,,4.0,0,Text,#Fashion,482032,49065.0,30952,2026275.0,27.738,High
YouTube,viral_trends_dataset,2022-08-28,,6.0,1,Video,#Music,379276,29025.0,56939,3097544.0,15.0196,Low
YouTube,viral_trends_dataset,2022-04-07,,3.0,0,Video,#Challenge,415554,4782.0,78181,2422829.0,20.5758,Medium
YouTube,viral_trends_dataset,2023-09-27,,2.0,0,Video,#Viral,126928,43338.0,58094,438427.0,52.0862,Medium
TikTok,viral_trends_dataset,2023-06-14,,2.0,0,Image,#Dance,497611,48381.0,39201,3605374.0,16.2311,High
TikTok,viral_trends_dataset,2023-07-12,,2.0,0,Video,#Fitness,361829,47559.0,86970,914192.0,54.2947,Low
Instagram,viral_trends_dataset,2023-05-28,,6.0,1,Image,#Dance,1264,23444.0,42106,361268.0,18.4943,High
YouTube,viral_trends_dataset,2023-10-30,,0.0,0,Text,#Dance,238287,3626.0,14975,2198773.0,11.6832,High
Instagram,viral_trends_dataset,2023-05-30,,1.0,0,Text,#Fitness,57916,37910.0,10858,2491489.0,4.2819,Low
Twitter,viral_trends_dataset,2023-05-08,,0.0,0,Video,#Music,265284,48485.0,24271,3285708.0,10.2882,Low
Twitter,viral_trends_dataset,2022-03-01,,1.0,0,Video,#Dance,391879,13064.0,39814,2259868.0,19.6807,High
YouTube,viral_trends_dataset,2022-05-15,,6.0,1,Video,#Fashion,288044,4668.0,68728,4450867.0,8.1207,High
Instagram,viral_trends_dataset,2022-12-18,,6.0,1,Text,#Comedy,485916,29109.0,39122,13578.0,4081.2123,High
Instagram,viral_trends_dataset,2023-09-04,,0.0,0,Text,#Education,424410,12399.0,46366,1879192.0,25.7118,Low
Instagram,viral_trends_dataset,2023-04-17,,0.0,0,Video,#Fitness,473992,33422.0,14768,3263236.0,16.002,Medium
YouTube,viral_trends_dataset,2022-04-10,,6.0,1,Image,#Tech,213853,5229.0,79215,3187431.0,9.3585,High
TikTok,viral_trends_dataset,2022-01-21,,4.0,0,Video,#Gaming,120883,39303.0,23532,602303.0,30.5026,Medium
YouTube,viral_trends_dataset,2022-03-12,,5.0,1,Video,#Tech,281987,9007.0,64590,4478244.0,7.9403,Low
Twitter,viral_trends_dataset,2023-05-10,,2.0,0,Live,#Education,482377,30779.0,62652,4452133.0,12.9333,Low
Instagram,viral_trends_dataset,2022-03-03,,3.0,0,Video,#Challenge,462818,16848.0,74567,378801.0,146.3124,High
Twitter,viral_trends_dataset,2023-06-29,,3.0,0,Live,#Tech,323731,15271.0,1254,3066410.0,11.0962,Low
Twitter,viral_trends_dataset,2023-03-13,,0.0,0,Live,#Education,161724,48891.0,81649,4863626.0,6.0092,Low
TikTok,viral_trends_dataset,2023-05-30,,1.0,0,Video,#Comedy,43080,14316.0,98064,979723.0,15.8678,Medium
TikTok,viral_trends_dataset,2022-04-06,,2.0,0,Text,#Dance,32506,32043.0,56465,3305011.0,3.6615,Low
YouTube,viral_trends_dataset,2023-12-01,,4.0,0,Video,#Challenge,6461,22112.0,96437,4856083.0,2.5743,Medium
TikTok,viral_trends_dataset,2023-11-20,,0.0,0,Live,#Comedy,38120,22430.0,22702,3512498.0,2.3702,Low
YouTube,viral_trends_dataset,2023-11-06,,0.0,0,Video,#Dance,213478,43355.0,90965,1807869.0,19.238,High
TikTok,viral_trends_dataset,2022-03-20,,6.0,1,Video,#Challenge,347981,26949.0,86598,427399.0,107.9853,Medium
YouTube,viral_trends_dataset,2022-11-06,,6.0,1,Video,#Tech,322036,7781.0,76714,4398694.0,9.2421,High
Instagram,viral_trends_dataset,2022-06-13,,0.0,0,Video,#Fashion,284958,25488.0,36811,935217.0,37.1312,Medium
YouTube,viral_trends_dataset,2022-04-12,,1.0,0,Live,#Tech,82270,17583.0,22120,116354.0,104.8292,Low
YouTube,viral_trends_dataset,2022-05-04,,2.0,0,Text,#Music,299852,24071.0,90557,551999.0,75.0871,Low
TikTok,viral_trends_dataset,2023-10-04,,2.0,0,Text,#Dance,472658,32332.0,7031,197493.0,259.2603,Low
YouTube,viral_trends_dataset,2022-11-17,,3.0,0,Video,#Dance,46704,34532.0,73226,2737428.0,5.6426,Low
Instagram,viral_trends_dataset,2022-08-04,,3.0,0,Video,#Dance,367535,10900.0,89909,4356395.0,10.7507,Medium
TikTok,viral_trends_dataset,2023-04-21,,4.0,0,Video,#Fitness,125541,38504.0,75795,4717790.0,5.0837,High
Instagram,viral_trends_dataset,2023-05-15,,0.0,0,Video,#Dance,461768,21753.0,60001,2561366.0,21.22,High
YouTube,viral_trends_dataset,2023-04-01,,5.0,1,Live,#Comedy,248744,6998.0,42345,1756972.0,16.966,Low
Twitter,viral_trends_dataset,2022-11-30,,2.0,0,Text,#Comedy,49033,13175.0,50170,4840021.0,2.3218,High
Instagram,viral_trends_dataset,2022-01-12,,2.0,0,Image,#Tech,381718,20046.0,62877,3346455.0,13.8846,Medium
Instagram,viral_trends_dataset,2022-12-08,,3.0,0,Video,#Gaming,59345,49878.0,84587,1067477.0,18.1559,High
YouTube,viral_trends_dataset,2022-08-17,,2.0,0,Video,#Challenge,216913,12302.0,25906,2877495.0,8.8661,High
TikTok,viral_trends_dataset,2023-01-29,,6.0,1,Video,#Fitness,491389,31069.0,73253,1792756.0,33.2288,Medium
Instagram,viral_trends_dataset,2023-09-20,,2.0,0,Live,#Comedy,134908,21283.0,19403,925974.0,18.9632,High
TikTok,viral_trends_dataset,2023-07-28,,4.0,0,Video,#Music,353316,19829.0,80680,2791639.0,16.2566,High
TikTok,viral_trends_dataset,2022-11-03,,3.0,0,Live,#Challenge,307582,25130.0,92983,4196347.0,10.1444,Low
YouTube,viral_trends_dataset,2022-09-08,,3.0,0,Video,#Challenge,93268,4422.0,63855,2038756.0,7.9237,Low
YouTube,viral_trends_dataset,2022-10-29,,5.0,1,Image,#Dance,267123,12391.0,41713,4032655.0,7.9656,Low
Twitter,viral_trends_dataset,2023-01-12,,3.0,0,Video,#Fitness,113834,49799.0,44375,4485980.0,4.6368,High
Twitter,viral_trends_dataset,2022-08-14,,6.0,1,Text,#Comedy,300804,11918.0,64405,4394517.0,8.5818,High
Instagram,viral_trends_dataset,2023-10-05,,3.0,0,Video,#Viral,135404,34379.0,43976,4422263.0,4.8337,Low
TikTok,viral_trends_dataset,2022-09-08,,3.0,0,Text,#Comedy,102895,16690.0,41927,4144620.0,3.8969,Medium
YouTube,viral_trends_dataset,2023-08-14,,0.0,0,Image,#Challenge,413403,32528.0,86209,3193985.0,16.6607,Low
Instagram,viral_trends_dataset,2023-12-17,,6.0,1,Text,#Viral,298194,32021.0,1467,1650594.0,20.0947,Medium
TikTok,viral_trends_dataset,2023-07-29,,5.0,1,Video,#Music,389017,13192.0,39161,1095673.0,40.283,High
YouTube,viral_trends_dataset,2022-12-17,,5.0,1,Image,#Gaming,453792,29613.0,99466,1476003.0,39.4898,High
Twitter,viral_trends_dataset,2023-08-03,,3.0,0,Image,#Fashion,315336,26947.0,29121,1237934.0,30.0019,Low
TikTok,viral_trends_dataset,2023-11-13,,0.0,0,Live,#Dance,145744,5579.0,42773,2259900.0,8.5887,Medium
Instagram,viral_trends_dataset,2022-07-28,,3.0,0,Image,#Viral,399252,10389.0,71009,3661779.0,13.1261,Medium
TikTok,viral_trends_dataset,2022-09-24,,5.0,1,Video,#Fashion,352162,19097.0,93570,3090316.0,15.0415,High
TikTok,viral_trends_dataset,2023-09-27,,2.0,0,Image,#Tech,343894,27094.0,69313,1154006.0,38.1541,High
TikTok,viral_trends_dataset,2023-06-15,,3.0,0,Live,#Dance,340140,40878.0,14516,2583561.0,15.3096,Medium
Twitter,viral_trends_dataset,2023-01-13,,4.0,0,Live,#Tech,259465,9244.0,26123,2638135.0,11.1758,Medium
Instagram,viral_trends_dataset,2023-08-11,,4.0,0,Text,#Education,436907,41517.0,80187,310249.0,180.0525,Medium
YouTube,viral_trends_dataset,2022-03-10,,3.0,0,Live,#Fitness,371769,14299.0,59628,4483252.0,9.9414,Medium
TikTok,viral_trends_dataset,2023-11-19,,6.0,1,Video,#Education,378635,7321.0,47524,2008379.0,21.5836,Low
Instagram,viral_trends_dataset,2023-04-19,,2.0,0,Video,#Viral,118797,1040.0,11271,3417577.0,3.8363,Medium
TikTok,viral_trends_dataset,2023-02-24,,4.0,0,Video,#Gaming,127248,29365.0,80732,3958536.0,5.9958,Low
YouTube,viral_trends_dataset,2023-08-21,,0.0,0,Video,#Fashion,266292,20402.0,32491,544588.0,58.6104,High
Instagram,viral_trends_dataset,2023-10-30,,0.0,0,Video,#Challenge,282373,43100.0,20662,3075050.0,11.2562,Low
Twitter,viral_trends_dataset,2023-06-16,,4.0,0,Live,#Tech,334418,24974.0,12614,2193675.0,16.9581,Medium
Twitter,viral_trends_dataset,2023-12-26,,1.0,0,Live,#Fitness,64478,7857.0,18103,1779047.0,5.0835,Low
TikTok,viral_trends_dataset,2023-05-29,,0.0,0,Live,#Viral,207163,1980.0,71548,4465594.0,6.2856,High
Twitter,viral_trends_dataset,2022-04-10,,6.0,1,Video,#Fitness,483237,21895.0,98936,2938655.0,20.5559,Low
Twitter,viral_trends_dataset,2022-08-02,,1.0,0,Video,#Fitness,330030,21347.0,12817,2121336.0,17.1681,High
Twitter,viral_trends_dataset,2022-02-18,,4.0,0,Video,#Tech,158336,41529.0,67298,4426725.0,6.0352,Low
YouTube,viral_trends_dataset,2023-08-21,,0.0,0,Live,#Education,440022,23204.0,76480,3001319.0,17.9823,High
Twitter,viral_trends_dataset,2023-10-30,,0.0,0,Image,#Music,183308,6813.0,11709,1623564.0,12.4313,Low
YouTube,viral_trends_dataset,2022-09-22,,3.0,0,Video,#Fitness,141964,1357.0,2748,98794.0,147.8521,Medium
Instagram,viral_trends_dataset,2022-12-17,,5.0,1,Live,#Viral,31613,31460.0,86715,897780.0,16.6843,Low
Twitter,viral_trends_dataset,2022-09-09,,4.0,0,Text,#Viral,10721,8235.0,9486,1470152.0,1.9346,High
Twitter,viral_trends_dataset,2022-07-16,,5.0,1,Video,#Viral,313560,9926.0,9096,3958044.0,8.4027,High
Instagram,viral_trends_dataset,2022-06-19,,6.0,1,Video,#Music,390643,484.0,65125,4327143.0,10.544,Low
Instagram,viral_trends_dataset,2022-05-13,,4.0,0,Live,#Dance,331114,8542.0,29029,2488071.0,14.8181,High
Twitter,viral_trends_dataset,2022-06-02,,3.0,0,Video,#Dance,381039,16920.0,15546,147450.0,280.4374,High
TikTok,viral_trends_dataset,2023-10-31,,1.0,0,Video,#Challenge,203055,21516.0,29290,653382.0,38.8534,Low
Twitter,viral_trends_dataset,2023-05-18,,3.0,0,Video,#Fitness,339219,49060.0,42119,2445074.0,17.6027,High
TikTok,viral_trends_dataset,2023-01-04,,2.0,0,Live,#Fitness,2630,44327.0,62256,3761056.0,2.9038,High
TikTok,viral_trends_dataset,2023-09-29,,4.0,0,Text,#Music,424443,29638.0,60005,4023508.0,12.7771,Medium
Twitter,viral_trends_dataset,2023-09-04,,0.0,0,Video,#Fitness,7098,1221.0,15097,1393642.0,1.6802,Low
TikTok,viral_trends_dataset,2023-06-13,,1.0,0,Video,#Viral,150323,19651.0,29577,935563.0,21.3295,High
Instagram,viral_trends_dataset,2023-05-28,,6.0,1,Live,#Comedy,429394,14640.0,68164,4546474.0,11.2658,Low
Instagram,viral_trends_dataset,2023-01-29,,6.0,1,Image,#Tech,435775,14555.0,48777,4498429.0,11.0951,Low
Twitter,viral_trends_dataset,2023-12-24,,6.0,1,Live,#Fashion,214887,17636.0,36187,380026.0,70.7083,High
TikTok,viral_trends_dataset,2022-12-15,,3.0,0,Video,#Tech,276967,27752.0,4261,3545322.0,8.7151,Low
TikTok,viral_trends_dataset,2022-08-11,,3.0,0,Video,#Comedy,421606,12960.0,4145,4228221.0,10.3758,Medium
YouTube,viral_trends_dataset,2023-09-06,,2.0,0,Live,#Music,255993,38037.0,48735,2421039.0,14.1578,Medium
Instagram,viral_trends_dataset,2023-11-16,,3.0,0,Text,#Challenge,102658,39631.0,57093,3278174.0,6.0821,Low
Instagram,viral_trends_dataset,2023-07-14,,4.0,0,Live,#Dance,139704,38146.0,19042,783572.0,25.1275,Medium
TikTok,viral_trends_dataset,2022-05-03,,1.0,0,Video,#Gaming,409163,44973.0,48642,305543.0,164.5523,High
Twitter,viral_trends_dataset,2023-12-05,,1.0,0,Video,#Fitness,147381,23817.0,42373,328897.0,64.9355,Medium
Twitter,viral_trends_dataset,2023-02-03,,4.0,0,Video,#Challenge,213421,48777.0,13563,4876711.0,5.6547,Low
Twitter,viral_trends_dataset,2023-03-17,,4.0,0,Text,#Viral,488570,33282.0,58252,1003601.0,57.8023,High
TikTok,viral_trends_dataset,2022-04-10,,6.0,1,Video,#Education,197367,48663.0,55292,4854055.0,6.2076,Low
YouTube,viral_trends_dataset,2023-07-08,,5.0,1,Video,#Fashion,101503,35256.0,91427,4413548.0,5.1701,High
TikTok,viral_trends_dataset,2022-04-16,,5.0,1,Video,#Music,170993,31600.0,43023,3019969.0,8.1331,Low
Instagram,viral_trends_dataset,2023-02-28,,1.0,0,Video,#Music,106848,28368.0,43977,1087231.0,16.4816,Low
TikTok,viral_trends_dataset,2023-09-07,,3.0,0,Video,#Fashion,463445,36800.0,48617,3901334.0,14.0686,Low
TikTok,viral_trends_dataset,2022-07-23,,5.0,1,Live,#Education,359024,12915.0,69682,851907.0,51.8391,Medium
Twitter,viral_trends_dataset,2022-07-03,,6.0,1,Video,#Comedy,149819,10228.0,3019,83320.0,195.7105,Low
YouTube,viral_trends_dataset,2023-07-06,,3.0,0,Video,#Fashion,148948,39332.0,73678,854031.0,30.6731,Low
Instagram,viral_trends_dataset,2023-02-11,,5.0,1,Video,#Dance,213794,33829.0,46740,1293217.0,22.7621,Medium
Twitter,viral_trends_dataset,2022-06-16,,3.0,0,Video,#Education,82545,25073.0,28397,1071793.0,12.6904,Low
Instagram,viral_trends_dataset,2023-10-14,,5.0,1,Video,#Viral,253050,35096.0,16141,1575723.0,19.3109,High
TikTok,viral_trends_dataset,2023-04-13,,3.0,0,Video,#Fitness,309686,42034.0,91035,4487202.0,9.8671,Low
YouTube,viral_trends_dataset,2023-09-05,,1.0,0,Video,#Dance,185311,1420.0,90723,398843.0,69.5647,Low
TikTok,viral_trends_dataset,2022-11-26,,5.0,1,Live,#Tech,232397,20748.0,49163,239750.0,126.093,High
Instagram,viral_trends_dataset,2023-02-09,,3.0,0,Text,#Gaming,150441,45827.0,58194,1027434.0,24.7667,Low
Twitter,viral_trends_dataset,2023-05-30,,1.0,0,Image,#Dance,356619,18081.0,50928,4602131.0,9.2485,Low
TikTok,viral_trends_dataset,2022-12-02,,4.0,0,Image,#Comedy,146546,28169.0,84429,620949.0,41.7335,Low
Instagram,viral_trends_dataset,2022-02-03,,3.0,0,Text,#Fitness,355651,32850.0,82868,852004.0,55.3247,Low
YouTube,viral_trends_dataset,2023-10-23,,0.0,0,Live,#Viral,428476,28273.0,2568,4278442.0,10.7356,High
Twitter,viral_trends_dataset,2022-03-31,,3.0,0,Text,#Education,301810,29762.0,6280,3848380.0,8.7791,Medium
TikTok,viral_trends_dataset,2023-10-08,,6.0,1,Image,#Education,125322,48545.0,94933,2574505.0,10.4408,Low
YouTube,viral_trends_dataset,2022-07-15,,4.0,0,Video,#Gaming,41122,37710.0,8713,3283134.0,2.6665,Medium
YouTube,viral_trends_dataset,2023-02-06,,0.0,0,Image,#Challenge,45821,15981.0,7638,746909.0,9.297,Low
Instagram,viral_trends_dataset,2023-09-10,,6.0,1,Live,#Fitness,445030,27310.0,93050,1925512.0,29.3631,Low
YouTube,viral_trends_dataset,2022-12-28,,2.0,0,Video,#Dance,340776,41680.0,13504,1705635.0,23.2148,High
Instagram,viral_trends_dataset,2023-07-01,,5.0,1,Text,#Gaming,154021,30829.0,17016,3931634.0,5.1344,High
Twitter,viral_trends_dataset,2023-12-12,,1.0,0,Video,#Dance,43962,30252.0,51838,3447523.0,3.6563,Low
TikTok,viral_trends_dataset,2022-03-08,,1.0,0,Video,#Fashion,63860,16462.0,82509,2783501.0,5.8499,High
TikTok,viral_trends_dataset,2022-11-10,,3.0,0,Text,#Gaming,329836,34972.0,14346,4497476.0,8.4304,Low
Twitter,viral_trends_dataset,2023-11-18,,5.0,1,Video,#Dance,161617,26669.0,68404,3984173.0,6.4427,Low
Twitter,viral_trends_dataset,2022-08-04,,3.0,0,Video,#Education,443708,22130.0,64826,3140471.0,16.8976,High
TikTok,viral_trends_dataset,2023-09-20,,2.0,0,Video,#Gaming,87518,18643.0,50945,2933626.0,5.3554,Low
Instagram,viral_trends_dataset,2023-08-14,,0.0,0,Live,#Fashion,169568,22352.0,875,1361580.0,14.1597,Medium
Twitter,viral_trends_dataset,2023-08-27,,6.0,1,Live,#Comedy,271397,19615.0,44550,4190571.0,8.0075,High
YouTube,viral_trends_dataset,2022-03-01,,1.0,0,Live,#Fitness,195911,13291.0,46850,3856845.0,6.6389,Low
TikTok,viral_trends_dataset,2022-11-13,,6.0,1,Live,#Gaming,290078,13785.0,20796,233459.0,139.0647,Low
TikTok,viral_trends_dataset,2022-10-14,,4.0,0,Live,#Education,253439,7836.0,67692,3961797.0,8.3035,Medium
Instagram,viral_trends_dataset,2022-03-14,,0.0,0,Live,#Gaming,264064,1032.0,91827,4926269.0,7.2453,High
Instagram,viral_trends_dataset,2023-08-28,,0.0,0,Text,#Dance,448223,40561.0,32943,3691701.0,14.1324,Low
Twitter,viral_trends_dataset,2023-01-21,,5.0,1,Video,#Music,131718,32883.0,60239,2970930.0,7.568,Low
Instagram,viral_trends_dataset,2022-10-15,,5.0,1,Video,#Fitness,388272,25311.0,6238,3247449.0,12.9277,Medium
Twitter,viral_trends_dataset,2023-06-16,,4.0,0,Live,#Dance,288982,33462.0,90384,3541294.0,11.6575,High
Twitter,viral_trends_dataset,2023-05-02,,1.0,0,Image,#Fitness,292726,40349.0,57503,304335.0,128.3382,Low
YouTube,viral_trends_dataset,2022-12-18,,6.0,1,Video,#Viral,131648,38051.0,19628,4014231.0,4.7164,High
YouTube,viral_trends_dataset,2023-01-02,,0.0,0,Live,#Fitness,313641,34036.0,41751,4067513.0,9.5741,High
Twitter,viral_trends_dataset,2023-07-21,,4.0,0,Video,#Challenge,43458,24287.0,72133,2668074.0,5.2427,High
Twitter,viral_trends_dataset,2022-11-18,,4.0,0,Text,#Challenge,172497,37879.0,50326,4589006.0,5.681,High
Instagram,viral_trends_dataset,2023-06-17,,5.0,1,Live,#Education,151415,29150.0,59753,635329.0,37.8258,Medium
TikTok,viral_trends_dataset,2023-12-09,,5.0,1,Video,#Fitness,235389,15711.0,7241,36859.0,700.8899,Medium
YouTube,viral_trends_dataset,2022-09-17,,5.0,1,Video,#Fitness,183228,33207.0,4734,1747564.0,12.6558,Medium
TikTok,viral_trends_dataset,2022-12-14,,2.0,0,Video,#Music,67072,23411.0,13299,28280.0,366.9802,Medium
YouTube,viral_trends_dataset,2022-01-31,,0.0,0,Image,#Dance,324840,1453.0,68424,566681.0,69.6542,Medium
TikTok,viral_trends_dataset,2023-12-18,,0.0,0,Text,#Music,34013,18076.0,38438,919348.0,9.8469,Low
TikTok,viral_trends_dataset,2023-08-31,,3.0,0,Video,#Education,81049,7747.0,47612,4461875.0,3.0572,High
TikTok,viral_trends_dataset,2023-01-05,,3.0,0,Image,#Fashion,103790,15286.0,7499,249167.0,50.7993,High
Instagram,viral_trends_dataset,2023-06-21,,2.0,0,Video,#Fitness,39109,34619.0,45106,782140.0,15.1934,Medium
YouTube,viral_trends_dataset,2023-10-13,,4.0,0,Live,#Gaming,277197,422.0,12486,7810.0,3714.5327,Low
TikTok,viral_trends_dataset,2022-08-21,,6.0,1,Video,#Viral,123912,45049.0,8189,3490701.0,5.0749,Low
Instagram,viral_trends_dataset,2023-10-12,,3.0,0,Text,#Fitness,219365,9017.0,32346,1701218.0,15.326,Medium
TikTok,viral_trends_dataset,2022-06-14,,1.0,0,Image,#Music,474624,42845.0,86948,664216.0,90.9971,Medium
Twitter,viral_trends_dataset,2023-12-23,,5.0,1,Video,#Education,112069,25802.0,76606,2699566.0,7.9449,Low
YouTube,viral_trends_dataset,2022-02-01,,1.0,0,Image,#Fitness,104947,32253.0,95399,468433.0,49.6547,High
YouTube,viral_trends_dataset,2022-05-30,,0.0,0,Video,#Challenge,90911,38941.0,32317,2243196.0,7.2294,Low
TikTok,viral_trends_dataset,2023-09-04,,0.0,0,Video,#Music,338919,36018.0,5571,50353.0,755.6809,Medium
TikTok,viral_trends_dataset,2023-01-29,,6.0,1,Image,#Gaming,17805,24917.0,57264,2829163.0,3.5341,Low
YouTube,viral_trends_dataset,2023-02-16,,3.0,0,Video,#Challenge,425853,7053.0,71495,1471005.0,34.2896,High
YouTube,viral_trends_dataset,2023-03-31,,4.0,0,Video,#Viral,441822,5885.0,99479,2443556.0,22.393,Medium
YouTube,viral_trends_dataset,2023-05-18,,3.0,0,Video,#Music,467441,13710.0,30230,1973792.0,25.9086,Medium
YouTube,viral_trends_dataset,2023-11-17,,4.0,0,Video,#Fitness,393579,9635.0,14318,4478176.0,9.3237,High
TikTok,viral_trends_dataset,2023-05-26,,4.0,0,Video,#Fitness,410366,8229.0,55392,3856234.0,12.2914,Low
Twitter,viral_trends_dataset,2023-05-24,,2.0,0,Video,#Comedy,492953,28083.0,25891,4491907.0,12.1758,High
YouTube,viral_trends_dataset,2022-07-07,,3.0,0,Live,#Dance,165615,19119.0,21803,4082125.0,5.0595,Medium
YouTube,viral_trends_dataset,2023-11-14,,1.0,0,Image,#Dance,174541,7342.0,44267,4895487.0,4.6196,High
TikTok,viral_trends_dataset,2023-05-24,,2.0,0,Video,#Viral,293495,19535.0,85955,1773094.0,22.5022,Low
YouTube,viral_trends_dataset,2022-10-25,,1.0,0,Video,#Fashion,63981,25445.0,7160,4798416.0,2.0129,Medium
Instagram,viral_trends_dataset,2023-04-18,,1.0,0,Video,#Comedy,29147,24735.0,73143,4642714.0,2.736,Low
YouTube,viral_trends_dataset,2022-02-25,,4.0,0,Video,#Fashion,498878,356.0,2231,4414650.0,11.3591,High
Twitter,viral_trends_dataset,2023-02-20,,0.0,0,Live,#Viral,187868,45556.0,62579,2135331.0,13.8622,High
YouTube,viral_trends_dataset,2022-06-24,,4.0,0,Video,#Fashion,289168,15645.0,47520,1447626.0,24.3387,Low
TikTok,viral_trends_dataset,2022-06-23,,3.0,0,Live,#Fitness,83787,49935.0,37879,4725553.0,3.6313,High
Instagram,viral_trends_dataset,2023-09-13,,2.0,0,Video,#Education,183965,24832.0,12276,419463.0,52.7038,High
YouTube,viral_trends_dataset,2022-07-30,,5.0,1,Video,#Education,13285,25566.0,75433,1066075.0,10.7201,Low
Instagram,viral_trends_dataset,2023-04-02,,6.0,1,Video,#Fitness,104030,17900.0,69496,1825709.0,10.485,High
TikTok,viral_trends_dataset,2022-12-06,,1.0,0,Video,#Gaming,324790,36114.0,37978,4115760.0,9.6916,Medium
YouTube,viral_trends_dataset,2022-07-19,,1.0,0,Video,#Music,223830,25133.0,55996,3685844.0,8.2738,Low
TikTok,viral_trends_dataset,2023-07-27,,3.0,0,Live,#Education,213360,32002.0,39553,4359955.0,6.5348,Low
Instagram,viral_trends_dataset,2022-04-20,,2.0,0,Image,#Challenge,159720,24901.0,86640,712323.0,38.0812,High
YouTube,viral_trends_dataset,2022-11-27,,6.0,1,Video,#Tech,87828,27573.0,55827,2932639.0,5.8387,Medium
Instagram,viral_trends_dataset,2023-12-09,,5.0,1,Video,#Tech,163409,20363.0,29625,2481313.0,8.6002,Medium
Instagram,viral_trends_dataset,2023-05-20,,5.0,1,Text,#Fitness,202595,16312.0,89767,4447344.0,6.9406,Medium
TikTok,viral_trends_dataset,2022-09-08,,3.0,0,Video,#Music,276382,10871.0,58474,4317598.0,8.0074,Low
TikTok,viral_trends_dataset,2023-02-15,,2.0,0,Live,#Gaming,3431,12110.0,54119,291464.0,23.9,Low
Instagram,viral_trends_dataset,2023-09-19,,1.0,0,Text,#Education,389739,30244.0,73465,3031467.0,16.2775,Medium
YouTube,viral_trends_dataset,2023-04-19,,2.0,0,Video,#Fitness,249768,5323.0,16084,3693552.0,7.3418,Medium
Twitter,viral_trends_dataset,2023-06-04,,6.0,1,Image,#Music,166440,7667.0,92571,2726954.0,9.7793,Medium
YouTube,viral_trends_dataset,2022-02-21,,0.0,0,Image,#Comedy,453828,21964.0,56158,2725186.0,19.5198,High
Instagram,viral_trends_dataset,2023-01-29,,6.0,1,Video,#Challenge,77304,5337.0,13067,886426.0,10.7971,Low
Instagram,viral_trends_dataset,2023-01-09,,0.0,0,Video,#Tech,61393,45741.0,87511,4821524.0,4.037,Low
YouTube,viral_trends_dataset,2022-06-11,,5.0,1,Video,#Music,115957,25689.0,28372,3738116.0,4.5482,Low
TikTok,viral_trends_dataset,2022-10-05,,2.0,0,Image,#Tech,34250,10244.0,79276,4594690.0,2.6938,High
Twitter,viral_trends_dataset,2023-12-21,,3.0,0,Text,#Gaming,28385,40148.0,91934,890622.0,18.0174,Medium
Twitter,viral_trends_dataset,2023-02-25,,5.0,1,Image,#Fitness,317233,20816.0,81454,1129787.0,37.1312,Low
YouTube,viral_trends_dataset,2022-09-16,,4.0,0,Video,#Gaming,137638,35610.0,45719,4730234.0,4.6291,High
YouTube,viral_trends_dataset,2023-03-21,,1.0,0,Text,#Gaming,277794,36236.0,58198,2224355.0,16.7342,High
YouTube,viral_trends_dataset,2023-04-03,,0.0,0,Text,#Challenge,486108,13023.0,68766,1055813.0,53.7876,Medium
Instagram,viral_trends_dataset,2023-09-16,,5.0,1,Text,#Fashion,328466,1143.0,50665,3084526.0,12.3284,Low
YouTube,viral_trends_dataset,2023-07-06,,3.0,0,Image,#Tech,272894,41670.0,5311,3049194.0,10.4905,High
Instagram,viral_trends_dataset,2022-08-03,,2.0,0,Video,#Fitness,196516,14802.0,93950,1976436.0,15.4454,High
TikTok,viral_trends_dataset,2022-12-28,,2.0,0,Video,#Gaming,200954,8808.0,87327,2897766.0,10.2523,Medium
Twitter,viral_trends_dataset,2023-08-01,,1.0,0,Video,#Challenge,16361,49516.0,52378,154645.0,76.4687,High
YouTube,viral_trends_dataset,2023-03-21,,1.0,0,Text,#Gaming,321802,367.0,23792,4703630.0,7.3552,Low
TikTok,viral_trends_dataset,2023-12-21,,3.0,0,Image,#Fitness,250776,24572.0,13446,1823643.0,15.8361,Medium
Instagram,viral_trends_dataset,2023-07-04,,1.0,0,Video,#Fitness,163123,21320.0,83423,3274826.0,8.1795,High
Instagram,viral_trends_dataset,2023-08-02,,2.0,0,Video,#Viral,298030,38997.0,9484,2896284.0,11.964,High
TikTok,viral_trends_dataset,2022-10-02,,6.0,1,Video,#Music,116194,7496.0,2028,3317729.0,3.7893,High
Instagram,viral_trends_dataset,2023-12-29,,4.0,0,Live,#Fitness,464720,32131.0,58373,4487563.0,12.3725,Low
Twitter,viral_trends_dataset,2022-09-21,,2.0,0,Image,#Comedy,261145,8805.0,22025,2329784.0,12.5323,High
TikTok,viral_trends_dataset,2023-09-07,,3.0,0,Video,#Viral,460974,36819.0,21878,3059064.0,16.9879,Medium
YouTube,viral_trends_dataset,2022-02-27,,6.0,1,Video,#Music,51007,7800.0,21168,3033270.0,2.6366,Medium
YouTube,viral_trends_dataset,2022-09-12,,0.0,0,Video,#Fashion,62403,42188.0,34856,82665.0,168.6893,Low
Twitter,viral_trends_dataset,2023-09-08,,4.0,0,Image,#Dance,79921,12692.0,53160,867101.0,16.8115,Medium
Instagram,viral_trends_dataset,2022-04-24,,6.0,1,Image,#Music,418310,33093.0,29119,196186.0,244.9319,High
TikTok,viral_trends_dataset,2023-11-14,,1.0,0,Video,#Comedy,8969,42308.0,75591,3318543.0,3.823,Low
YouTube,viral_trends_dataset,2022-08-17,,2.0,0,Image,#Comedy,373576,17147.0,11950,2245167.0,17.9351,Low
Instagram,viral_trends_dataset,2023-10-08,,6.0,1,Live,#Dance,77138,32235.0,95772,498614.0,41.143,Low
TikTok,viral_trends_dataset,2022-10-14,,4.0,0,Video,#Challenge,380765,29031.0,39970,847940.0,53.0422,High
Twitter,viral_trends_dataset,2023-07-16,,6.0,1,Video,#Viral,402810,42356.0,51138,1614171.0,30.7467,Medium
Instagram,viral_trends_dataset,2022-05-19,,3.0,0,Video,#Fashion,293744,10322.0,29872,4680679.0,7.1344,Low
TikTok,viral_trends_dataset,2023-08-19,,5.0,1,Video,#Music,228803,47221.0,45574,3771142.0,8.5279,Medium
YouTube,viral_trends_dataset,2023-01-02,,0.0,0,Video,#Tech,123496,39633.0,73616,3354640.0,7.0572,Low
YouTube,viral_trends_dataset,2023-11-01,,2.0,0,Live,#Fitness,458526,3589.0,74074,818282.0,65.5262,Low
Instagram,viral_trends_dataset,2023-07-03,,0.0,0,Video,#Music,216401,39385.0,26305,4309403.0,6.5459,Low
Instagram,viral_trends_dataset,2023-10-27,,4.0,0,Video,#Fitness,260682,15971.0,76842,3194403.0,11.0661,Medium
Instagram,viral_trends_dataset,2022-05-08,,6.0,1,Text,#Fashion,20790,21215.0,87638,1520447.0,8.5266,Medium
TikTok,viral_trends_dataset,2022-11-19,,5.0,1,Live,#Tech,181340,31111.0,98327,4012898.0,7.7445,Low
TikTok,viral_trends_dataset,2023-12-11,,0.0,0,Video,#Tech,411605,40613.0,87411,4738286.0,11.3887,Medium
Twitter,viral_trends_dataset,2022-05-02,,0.0,0,Video,#Tech,239084,20155.0,56082,3740619.0,8.4296,High
Twitter,viral_trends_dataset,2023-08-31,,3.0,0,Live,#Comedy,449377,19082.0,99953,947096.0,60.0163,Low
Instagram,viral_trends_dataset,2022-07-17,,6.0,1,Live,#Gaming,311741,34948.0,16886,1815108.0,20.0305,Medium
Instagram,viral_trends_dataset,2023-09-29,,4.0,0,Video,#Music,115962,43849.0,9701,2808130.0,6.0365,Medium
YouTube,viral_trends_dataset,2023-02-16,,3.0,0,Video,#Challenge,290789,34805.0,94929,903431.0,46.5473,Medium
Twitter,viral_trends_dataset,2023-09-03,,6.0,1,Live,#Fitness,257886,16547.0,33840,3338024.0,9.2352,Low
TikTok,viral_trends_dataset,2023-07-26,,2.0,0,Video,#Comedy,196880,3021.0,64509,939687.0,28.1381,Low
Twitter,viral_trends_dataset,2022-04-12,,1.0,0,Text,#Fashion,499309,29974.0,81979,1737194.0,35.1867,Low
YouTube,viral_trends_dataset,2022-11-09,,2.0,0,Live,#Tech,220530,40769.0,48240,387184.0,79.9462,Medium
Instagram,viral_trends_dataset,2023-04-30,,6.0,1,Text,#Dance,38469,1286.0,3444,3192456.0,1.3532,Medium
YouTube,viral_trends_dataset,2022-10-03,,0.0,0,Live,#Comedy,166290,12609.0,32114,2023845.0,10.4263,High
YouTube,viral_trends_dataset,2022-06-18,,5.0,1,Text,#Education,49685,21636.0,36336,1174209.0,9.1685,High
TikTok,viral_trends_dataset,2022-10-24,,0.0,0,Text,#Music,171523,46309.0,44524,4603856.0,5.6986,Low
TikTok,viral_trends_dataset,2022-09-15,,3.0,0,Live,#Comedy,238746,1193.0,87605,838530.0,39.0617,Medium
TikTok,viral_trends_dataset,2023-06-24,,5.0,1,Text,#Gaming,159221,28693.0,64720,3616888.0,6.9848,Low
TikTok,viral_trends_dataset,2023-05-01,,0.0,0,Live,#Dance,153509,48786.0,56520,746217.0,34.6836,Medium
Instagram,viral_trends_dataset,2023-07-25,,1.0,0,Live,#Fitness,412820,43729.0,10950,1176367.0,39.7409,Low
YouTube,viral_trends_dataset,2022-11-16,,2.0,0,Video,#Education,76129,23497.0,95385,2589570.0,7.5306,High
Twitter,viral_trends_dataset,2022-01-15,,5.0,1,Text,#Tech,282587,29152.0,23371,1200061.0,27.9244,Medium
Instagram,viral_trends_dataset,2023-03-05,,6.0,1,Video,#Tech,335278,47015.0,91228,3570089.0,13.2636,Low
TikTok,viral_trends_dataset,2022-02-26,,5.0,1,Text,#Fashion,348883,6709.0,38959,2252723.0,17.5144,Low
YouTube,viral_trends_dataset,2022-12-07,,2.0,0,Video,#Education,237587,40921.0,10380,4651762.0,6.2103,Low
TikTok,viral_trends_dataset,2023-03-17,,4.0,0,Text,#Fashion,213275,21239.0,81187,4906990.0,6.4337,Low
TikTok,viral_trends_dataset,2022-01-27,,3.0,0,Video,#Fashion,5201,17955.0,65853,4592642.0,1.9381,Medium
Twitter,viral_trends_dataset,2023-01-03,,1.0,0,Video,#Challenge,247776,29220.0,42724,3975840.0,8.0416,High
Twitter,viral_trends_dataset,2023-08-13,,6.0,1,Text,#Gaming,14445,9023.0,34663,230848.0,25.1815,Medium
Instagram,viral_trends_dataset,2022-02-12,,5.0,1,Video,#Fashion,417313,6414.0,58474,2750057.0,17.5342,Medium
Instagram,viral_trends_dataset,2022-09-23,,4.0,0,Video,#Fitness,83329,25349.0,8332,4608617.0,2.5389,Low
YouTube,viral_trends_dataset,2023-02-13,,0.0,0,Text,#Fashion,277310,4306.0,49504,2796853.0,11.839,High
YouTube,viral_trends_dataset,2023-03-04,,5.0,1,Video,#Challenge,316674,30606.0,22139,2907246.0,12.7068,Low
TikTok,viral_trends_dataset,2022-03-13,,6.0,1,Video,#Gaming,51266,35709.0,2269,2710476.0,3.2926,Low
YouTube,viral_trends_dataset,2023-09-26,,1.0,0,Video,#Comedy,399246,30494.0,42658,1373454.0,34.3949,High
TikTok,viral_trends_dataset,2023-11-26,,6.0,1,Text,#Fashion,200303,45395.0,2292,582999.0,42.537,High
Twitter,viral_trends_dataset,2022-06-28,,1.0,0,Video,#Fashion,99498,22408.0,92717,4921777.0,4.3607,High
Twitter,viral_trends_dataset,2022-04-01,,4.0,0,Video,#Dance,457261,8177.0,50869,537340.0,96.0857,Low
YouTube,viral_trends_dataset,2023-12-13,,2.0,0,Live,#Tech,453277,41269.0,82886,2841356.0,20.3224,High
Instagram,viral_trends_dataset,2023-06-23,,4.0,0,Image,#Dance,263342,10974.0,43263,4622736.0,6.8699,High
Twitter,viral_trends_dataset,2022-12-10,,5.0,1,Video,#Education,417123,32678.0,64193,3037201.0,16.9233,Low
Twitter,viral_trends_dataset,2022-08-21,,6.0,1,Live,#Gaming,173834,11190.0,81079,4775115.0,5.5727,Low
TikTok,viral_trends_dataset,2023-02-07,,1.0,0,Video,#Gaming,425865,22302.0,19999,3258029.0,14.3696,Low
TikTok,viral_trends_dataset,2023-05-10,,2.0,0,Video,#Challenge,155912,37551.0,86548,1856036.0,15.0865,High
TikTok,viral_trends_dataset,2023-10-28,,5.0,1,Image,#Gaming,449979,2597.0,95027,737720.0,74.2291,Medium
TikTok,viral_trends_dataset,2022-01-03,,0.0,0,Video,#Challenge,430185,20606.0,97021,3734868.0,14.6675,Low
Instagram,viral_trends_dataset,2022-02-27,,6.0,1,Image,#Fashion,425610,38250.0,63863,563991.0,93.5694,High
Twitter,viral_trends_dataset,2022-10-20,,3.0,0,Image,#Gaming,326018,21252.0,62192,1282138.0,31.9359,Low
YouTube,viral_trends_dataset,2022-02-12,,5.0,1,Video,#Comedy,114184,4679.0,22013,1599830.0,8.8057,High
Instagram,viral_trends_dataset,2022-12-08,,3.0,0,Video,#Gaming,397417,13251.0,72166,467214.0,103.3432,Low
YouTube,viral_trends_dataset,2022-12-23,,4.0,0,Text,#Tech,396009,23579.0,59393,2721832.0,17.5977,Low
Twitter,viral_trends_dataset,2022-09-09,,4.0,0,Image,#Fitness,150574,45183.0,60145,813436.0,31.4594,Low
Twitter,viral_trends_dataset,2022-08-15,,0.0,0,Text,#Fashion,321153,5540.0,79004,254930.0,159.1405,High
TikTok,viral_trends_dataset,2022-10-07,,4.0,0,Video,#Dance,92424,45430.0,67422,2976863.0,6.8957,Low
TikTok,viral_trends_dataset,2022-07-25,,0.0,0,Video,#Viral,157677,18293.0,52712,3544239.0,6.4522,Medium
YouTube,viral_trends_dataset,2022-12-02,,4.0,0,Live,#Tech,301463,41393.0,22012,3524926.0,10.3511,High
Instagram,viral_trends_dataset,2022-10-15,,5.0,1,Video,#Gaming,452058,10444.0,18608,2257240.0,21.3141,Low
Twitter,viral_trends_dataset,2022-06-15,,2.0,0,Video,#Comedy,329756,6187.0,47703,4358378.0,8.8025,High
Twitter,viral_trends_dataset,2023-08-30,,2.0,0,Video,#Fashion,370506,27458.0,57130,4848504.0,9.3863,Medium
TikTok,viral_trends_dataset,2022-06-28,,1.0,0,Video,#Gaming,423374,38085.0,28961,1595215.0,30.7432,Medium
Instagram,viral_trends_dataset,2022-11-20,,6.0,1,Video,#Viral,358950,25006.0,54558,267239.0,164.0906,Low
YouTube,viral_trends_dataset,2022-03-06,,6.0,1,Text,#Viral,421961,1842.0,52912,3012082.0,15.8268,Medium
Instagram,viral_trends_dataset,2023-03-22,,2.0,0,Text,#Gaming,60701,16296.0,68343,554142.0,26.2279,High
Twitter,viral_trends_dataset,2023-05-09,,1.0,0,Text,#Fitness,34057,6591.0,22585,751792.0,8.411,Low
YouTube,viral_trends_dataset,2022-11-20,,6.0,1,Video,#Dance,458100,26603.0,94550,719722.0,80.4829,Low
YouTube,viral_trends_dataset,2022-11-19,,5.0,1,Video,#Viral,256077,39186.0,71883,4983897.0,7.3666,Medium
TikTok,viral_trends_dataset,2022-03-05,,5.0,1,Text,#Tech,405655,43719.0,44565,4305709.0,11.4717,Low
Instagram,viral_trends_dataset,2023-11-17,,4.0,0,Image,#Challenge,123912,41902.0,24092,3147607.0,6.0333,High
Twitter,viral_trends_dataset,2022-08-05,,4.0,0,Live,#Tech,413255,17805.0,51747,3490352.0,13.8326,Medium
YouTube,viral_trends_dataset,2022-03-11,,4.0,0,Video,#Challenge,72455,473.0,68320,3478951.0,4.0601,Low
TikTok,viral_trends_dataset,2022-03-14,,0.0,0,Video,#Tech,454473,30682.0,51082,1587926.0,33.7696,Medium
YouTube,viral_trends_dataset,2023-03-02,,3.0,0,Image,#Gaming,119293,5224.0,22493,1195872.0,12.2931,Medium
Twitter,viral_trends_dataset,2022-02-12,,5.0,1,Live,#Tech,7855,12841.0,54958,516620.0,14.644,High
Twitter,viral_trends_dataset,2022-12-31,,5.0,1,Text,#Dance,3704,2199.0,99815,2877882.0,3.6735,Low
TikTok,viral_trends_dataset,2022-12-25,,6.0,1,Image,#Gaming,227267,19661.0,59710,1912258.0,16.0354,Medium
Instagram,viral_trends_dataset,2023-08-15,,1.0,0,Live,#Music,253098,47537.0,39009,466743.0,72.769,High
TikTok,viral_trends_dataset,2023-05-01,,0.0,0,Video,#Education,356767,5222.0,16497,1111633.0,34.0477,Medium
Twitter,viral_trends_dataset,2022-07-01,,4.0,0,Video,#Dance,191587,7710.0,55987,1248834.0,20.4418,High
TikTok,viral_trends_dataset,2022-03-11,,4.0,0,Text,#Music,171584,44817.0,8515,2289790.0,9.8226,Medium
TikTok,viral_trends_dataset,2022-07-10,,6.0,1,Video,#Fitness,261975,31510.0,66794,3072740.0,11.725,Medium
YouTube,viral_trends_dataset,2023-04-07,,4.0,0,Live,#Dance,219615,34691.0,14485,4316183.0,6.2275,Low
Twitter,viral_trends_dataset,2023-01-16,,0.0,0,Video,#Music,480539,24089.0,78070,1514380.0,38.4777,High
TikTok,viral_trends_dataset,2022-02-25,,4.0,0,Video,#Comedy,290198,8704.0,90587,3219097.0,12.0993,Medium
Twitter,viral_trends_dataset,2022-02-19,,5.0,1,Image,#Education,357109,27527.0,3830,56016.0,693.4911,Low
Instagram,viral_trends_dataset,2023-06-10,,5.0,1,Image,#Gaming,241923,44594.0,62036,637729.0,54.6553,High
TikTok,viral_trends_dataset,2023-10-19,,3.0,0,Text,#Dance,486131,40353.0,14674,1596726.0,33.8917,Low
YouTube,viral_trends_dataset,2023-02-19,,6.0,1,Video,#Dance,221418,42623.0,84473,1161484.0,30.0059,Low
Instagram,viral_trends_dataset,2022-05-10,,1.0,0,Video,#Gaming,48326,6408.0,42923,1081777.0,9.0275,High
Twitter,viral_trends_dataset,2022-02-06,,6.0,1,Video,#Fashion,227995,35208.0,2103,2803598.0,9.4631,Medium
YouTube,viral_trends_dataset,2023-09-15,,4.0,0,Video,#Viral,221874,22713.0,61744,2304844.0,13.2907,Medium
Instagram,viral_trends_dataset,2022-05-21,,5.0,1,Video,#Fitness,290804,15838.0,36541,1945496.0,17.6399,Low
TikTok,viral_trends_dataset,2022-12-17,,5.0,1,Text,#Gaming,320606,39465.0,1565,2506710.0,14.4267,Low
TikTok,viral_trends_dataset,2022-04-27,,2.0,0,Live,#Gaming,294121,12828.0,86843,2254522.0,17.4668,High
Instagram,viral_trends_dataset,2023-09-29,,4.0,0,Video,#Challenge,498261,11392.0,8499,3924268.0,13.2038,High
Instagram,viral_trends_dataset,2023-12-04,,0.0,0,Live,#Comedy,45982,44122.0,59886,568573.0,26.3801,High
Instagram,viral_trends_dataset,2022-11-06,,6.0,1,Image,#Gaming,171402,12925.0,51391,3111832.0,7.5749,Medium
Instagram,viral_trends_dataset,2023-07-29,,5.0,1,Video,#Fitness,355721,43193.0,54164,2304449.0,19.661,Low
Twitter,viral_trends_dataset,2023-10-22,,6.0,1,Video,#Comedy,333847,7909.0,7512,3404604.0,10.2587,Medium
Twitter,viral_trends_dataset,2022-09-20,,1.0,0,Video,#Viral,386659,26339.0,53867,1658784.0,28.145,High
YouTube,viral_trends_dataset,2023-07-08,,5.0,1,Video,#Dance,94202,13491.0,77172,1246083.0,14.8357,High
YouTube,viral_trends_dataset,2023-09-25,,0.0,0,Image,#Viral,134585,46525.0,24149,4131095.0,4.9686,Low
YouTube,viral_trends_dataset,2023-08-15,,1.0,0,Video,#Fashion,498276,29141.0,45486,3664947.0,15.632,Low
Twitter,viral_trends_dataset,2023-01-15,,6.0,1,Text,#Challenge,76079,31681.0,75922,3247592.0,5.6559,High
Instagram,viral_trends_dataset,2023-08-05,,5.0,1,Image,#Music,346002,21104.0,68200,3144724.0,13.8424,High
Instagram,viral_trends_dataset,2023-04-24,,0.0,0,Image,#Gaming,178506,14997.0,37026,3567170.0,6.4625,Low
Twitter,viral_trends_dataset,2023-08-13,,6.0,1,Live,#Music,456635,15827.0,19925,4966638.0,9.9139,High
Twitter,viral_trends_dataset,2023-02-16,,3.0,0,Live,#Fitness,166638,47901.0,40364,2381324.0,10.7043,Medium
Twitter,viral_trends_dataset,2023-04-24,,0.0,0,Text,#Fashion,316721,28125.0,59725,4678841.0,8.6468,High
Instagram,viral_trends_dataset,2023-08-23,,2.0,0,Video,#Music,331083,10256.0,5095,4781223.0,7.2457,Low
YouTube,viral_trends_dataset,2023-06-29,,3.0,0,Video,#Education,281704,40414.0,78827,3995394.0,10.0352,Low
Twitter,viral_trends_dataset,2022-06-06,,0.0,0,Video,#Education,279809,27001.0,38158,97529.0,353.7081,Medium
Instagram,viral_trends_dataset,2023-03-20,,0.0,0,Video,#Dance,212435,2303.0,51821,1035139.0,25.751,High
Instagram,viral_trends_dataset,2023-12-26,,1.0,0,Video,#Comedy,62611,17478.0,79389,46451.0,343.3252,Medium
TikTok,viral_trends_dataset,2022-03-17,,3.0,0,Image,#Dance,328597,9245.0,19358,765809.0,46.6435,Medium
YouTube,viral_trends_dataset,2023-04-14,,4.0,0,Video,#Fitness,420756,30893.0,75784,4412202.0,11.954,Medium
YouTube,viral_trends_dataset,2023-12-14,,3.0,0,Video,#Dance,33232,40691.0,26198,3605698.0,2.7767,Low
Twitter,viral_trends_dataset,2023-10-31,,1.0,0,Video,#Dance,9364,41663.0,19588,2858575.0,2.4703,High
Instagram,viral_trends_dataset,2022-02-11,,4.0,0,Video,#Fitness,477724,45777.0,90232,521996.0,117.5743,High
Instagram,viral_trends_dataset,2022-10-23,,6.0,1,Image,#Gaming,210288,5774.0,13695,2825457.0,8.1317,Medium
TikTok,viral_trends_dataset,2022-09-06,,1.0,0,Video,#Tech,227209,31889.0,72888,3284443.0,10.1078,Medium
YouTube,viral_trends_dataset,2022-05-20,,4.0,0,Live,#Viral,131700,32829.0,58431,4005023.0,5.567,High
Instagram,viral_trends_dataset,2022-07-11,,0.0,0,Image,#Education,332512,47146.0,86309,2160970.0,21.5629,High
TikTok,viral_trends_dataset,2023-06-16,,4.0,0,Text,#Dance,182788,18942.0,97632,292774.0,102.2502,High
Twitter,viral_trends_dataset,2022-07-04,,0.0,0,Video,#Gaming,258542,39468.0,74670,2077958.0,17.9349,Medium
Instagram,viral_trends_dataset,2023-08-27,,6.0,1,Live,#Fashion,393868,35311.0,81465,105441.0,484.2936,Low
Twitter,viral_trends_dataset,2023-05-13,,5.0,1,Live,#Dance,170103,46723.0,66262,4482313.0,6.3157,High
TikTok,viral_trends_dataset,2022-03-29,,1.0,0,Video,#Tech,340433,38076.0,58461,128356.0,340.436,Medium
Twitter,viral_trends_dataset,2022-12-15,,3.0,0,Live,#Education,72412,27972.0,61458,644845.0,25.0978,Medium
YouTube,viral_trends_dataset,2022-07-23,,5.0,1,Live,#Challenge,220260,39918.0,76228,1235026.0,27.2388,High
YouTube,viral_trends_dataset,2023-11-21,,1.0,0,Image,#Fashion,368977,33243.0,86498,2684761.0,18.2034,Low
TikTok,viral_trends_dataset,2023-04-08,,5.0,1,Video,#Tech,27813,46788.0,42268,4601011.0,2.5401,High
TikTok,viral_trends_dataset,2023-03-24,,4.0,0,Live,#Gaming,255004,24613.0,95891,3897648.0,9.6342,High
TikTok,viral_trends_dataset,2022-04-30,,5.0,1,Video,#Music,402011,29398.0,97806,1421637.0,37.2257,High
Instagram,viral_trends_dataset,2022-12-24,,5.0,1,Live,#Challenge,301119,19777.0,9161,255535.0,129.1631,Low
YouTube,viral_trends_dataset,2022-05-10,,1.0,0,Video,#Challenge,116995,26605.0,44116,434662.0,43.1867,Low
Twitter,viral_trends_dataset,2023-07-12,,2.0,0,Text,#Education,470719,853.0,7022,328051.0,145.8901,Low
TikTok,viral_trends_dataset,2022-11-27,,6.0,1,Live,#Challenge,113636,23762.0,38956,3187163.0,5.5333,High
TikTok,viral_trends_dataset,2022-06-30,,3.0,0,Video,#Tech,289582,18427.0,50984,4704584.0,7.6307,Low
Twitter,viral_trends_dataset,2022-10-29,,5.0,1,Video,#Tech,494375,39720.0,56331,1350154.0,43.7303,High
Instagram,viral_trends_dataset,2023-10-27,,4.0,0,Video,#Challenge,304745,38172.0,78986,997524.0,42.295,Low
TikTok,viral_trends_dataset,2023-08-17,,3.0,0,Video,#Challenge,288683,32872.0,39757,3123791.0,11.5665,Medium
Instagram,viral_trends_dataset,2022-12-17,,5.0,1,Video,#Dance,482528,40719.0,46641,399317.0,142.7157,Low
Twitter,viral_trends_dataset,2022-12-27,,1.0,0,Video,#Fashion,208934,1360.0,36260,3681653.0,6.6968,High
Twitter,viral_trends_dataset,2023-02-28,,1.0,0,Video,#Gaming,74704,27831.0,25139,178505.0,71.524,High
TikTok,viral_trends_dataset,2022-06-05,,6.0,1,Text,#Fashion,5327,46251.0,35256,3950220.0,2.1982,Low
TikTok,viral_trends_dataset,2022-10-05,,2.0,0,Video,#Fashion,332545,5870.0,67824,3625266.0,11.2058,Low
TikTok,viral_trends_dataset,2022-08-05,,4.0,0,Video,#Fashion,3266,33547.0,25861,42728.0,146.6813,Medium
Instagram,viral_trends_dataset,2023-02-15,,2.0,0,Video,#Fitness,133168,14351.0,45872,959411.0,20.1573,Medium
YouTube,viral_trends_dataset,2023-07-16,,6.0,1,Video,#Education,145891,37944.0,14293,1335449.0,14.8361,High
YouTube,viral_trends_dataset,2022-01-07,,4.0,0,Video,#Challenge,192860,1338.0,82823,2236066.0,12.3888,Low
Instagram,viral_trends_dataset,2022-10-22,,5.0,1,Video,#Education,443609,17351.0,15746,1148460.0,41.5083,Medium
YouTube,viral_trends_dataset,2023-05-24,,2.0,0,Video,#Comedy,346628,40956.0,61047,2049729.0,21.8873,Medium
Twitter,viral_trends_dataset,2022-12-15,,3.0,0,Video,#Gaming,354344,37406.0,53748,1139637.0,39.0912,Low
Twitter,viral_trends_dataset,2023-07-19,,2.0,0,Live,#Education,377998,40392.0,36961,4925732.0,9.2443,Low
Twitter,viral_trends_dataset,2023-01-07,,5.0,1,Text,#Dance,157829,33878.0,59099,2756350.0,9.0992,Low
Instagram,viral_trends_dataset,2023-09-08,,4.0,0,Image,#Education,10831,16461.0,8436,1102834.0,3.2397,Medium
YouTube,viral_trends_dataset,2023-10-24,,1.0,0,Video,#Fashion,179236,8842.0,69819,2760244.0,9.3433,Medium
TikTok,viral_trends_dataset,2023-05-22,,0.0,0,Live,#Education,326669,15318.0,20618,3583260.0,10.1194,Medium
Twitter,viral_trends_dataset,2023-08-26,,5.0,1,Video,#Dance,462124,1039.0,67230,1251963.0,42.3649,Low
Twitter,viral_trends_dataset,2022-06-27,,0.0,0,Image,#Education,484941,26030.0,20456,112559.0,472.1319,Medium
YouTube,viral_trends_dataset,2023-04-08,,5.0,1,Video,#Comedy,156420,44367.0,24420,4810035.0,4.682,Low
Twitter,viral_trends_dataset,2022-07-24,,6.0,1,Video,#Fitness,180754,6313.0,9532,3629617.0,5.4165,High
TikTok,viral_trends_dataset,2023-02-14,,1.0,0,Video,#Tech,298982,20996.0,59897,732664.0,51.8485,Medium
YouTube,viral_trends_dataset,2022-12-26,,0.0,0,Video,#Gaming,336390,1639.0,38124,4618258.0,8.1449,High
Twitter,viral_trends_dataset,2022-11-21,,0.0,0,Image,#Dance,211899,2567.0,96255,1418279.0,21.9083,Low
YouTube,viral_trends_dataset,2023-06-14,,2.0,0,Video,#Education,398432,12514.0,42356,1715615.0,26.4221,Low
Twitter,viral_trends_dataset,2022-09-10,,5.0,1,Video,#Education,91564,21963.0,66074,2000324.0,8.9786,Medium
TikTok,viral_trends_dataset,2022-11-19,,5.0,1,Video,#Dance,211378,30882.0,66396,2787078.0,11.0745,High
YouTube,viral_trends_dataset,2023-03-19,,6.0,1,Image,#Music,346013,23242.0,69432,2398278.0,18.2917,Low
Instagram,viral_trends_dataset,2023-02-16,,3.0,0,Video,#Gaming,362550,26557.0,15841,3073012.0,13.1776,Low
Twitter,viral_trends_dataset,2023-09-10,,6.0,1,Video,#Education,18294,2146.0,7725,1846215.0,1.5256,Medium
TikTok,viral_trends_dataset,2022-12-01,,3.0,0,Text,#Comedy,147334,20462.0,15048,1677328.0,10.9009,Low
Twitter,viral_trends_dataset,2023-01-01,,6.0,1,Video,#Education,416016,34233.0,56527,194265.0,260.8684,High
YouTube,viral_trends_dataset,2023-11-23,,3.0,0,Image,#Comedy,55761,36476.0,11552,1007963.0,10.2969,High
Twitter,viral_trends_dataset,2022-11-29,,1.0,0,Text,#Music,395015,1127.0,1527,1745217.0,22.7862,High
Instagram,viral_trends_dataset,2022-10-29,,5.0,1,Live,#Viral,417157,1610.0,69945,4569333.0,10.6955,Low
YouTube,viral_trends_dataset,2023-04-22,,5.0,1,Video,#Tech,132452,37835.0,45282,1590502.0,13.5535,Low
Twitter,viral_trends_dataset,2022-02-09,,2.0,0,Video,#Tech,153744,22830.0,3574,29712.0,606.3139,Low
TikTok,viral_trends_dataset,2022-05-20,,4.0,0,Text,#Comedy,307679,42890.0,89535,3053697.0,14.4122,High
Instagram,viral_trends_dataset,2022-11-11,,4.0,0,Text,#Gaming,171261,29778.0,93859,4635805.0,6.3613,Low
YouTube,viral_trends_dataset,2023-08-31,,3.0,0,Text,#Fitness,492042,10110.0,88337,369125.0,159.9699,Medium
Instagram,viral_trends_dataset,2022-06-15,,2.0,0,Video,#Viral,31018,35276.0,63255,74324.0,174.3031,Low
YouTube,viral_trends_dataset,2022-07-06,,2.0,0,Image,#Music,38709,42840.0,18178,2756021.0,3.6185,Low
Twitter,viral_trends_dataset,2023-03-24,,4.0,0,Video,#Comedy,150358,44168.0,60232,3660291.0,6.96,Low
YouTube,viral_trends_dataset,2022-09-27,,1.0,0,Live,#Challenge,480450,1828.0,83498,4035023.0,14.0216,High
YouTube,viral_trends_dataset,2022-02-05,,5.0,1,Text,#Fashion,183879,43534.0,97221,1437126.0,22.5891,Low
Instagram,viral_trends_dataset,2022-08-11,,3.0,0,Text,#Challenge,269736,6981.0,42711,50612.0,631.131,Low
YouTube,viral_trends_dataset,2023-07-04,,1.0,0,Video,#Fashion,41277,9127.0,67669,2361090.0,5.0008,High
YouTube,viral_trends_dataset,2022-06-11,,5.0,1,Text,#Fitness,206084,1310.0,162,3493327.0,5.9415,Low
TikTok,viral_trends_dataset,2022-09-24,,5.0,1,Live,#Tech,266199,11768.0,59910,4838253.0,6.9835,Low
Twitter,viral_trends_dataset,2023-07-03,,0.0,0,Image,#Education,120835,11318.0,10819,199923.0,71.5135,Medium
TikTok,viral_trends_dataset,2023-06-08,,3.0,0,Text,#Dance,233944,43814.0,90849,3650766.0,10.0967,Medium
TikTok,viral_trends_dataset,2022-03-15,,1.0,0,Video,#Challenge,366527,44114.0,58722,4573261.0,10.2632,Medium
Twitter,viral_trends_dataset,2022-09-30,,4.0,0,Video,#Viral,143980,38740.0,37304,1312128.0,16.7685,High
YouTube,viral_trends_dataset,2022-01-09,,6.0,1,Video,#Education,355832,9529.0,51514,338935.0,122.9956,High
Instagram,viral_trends_dataset,2023-06-08,,3.0,0,Video,#Dance,283585,42085.0,28197,808212.0,43.7839,Medium
YouTube,viral_trends_dataset,2022-01-06,,3.0,0,Live,#Viral,443197,23401.0,69420,2927977.0,18.3068,Medium
TikTok,viral_trends_dataset,2022-05-25,,2.0,0,Video,#Comedy,263367,20748.0,65801,3991596.0,8.7663,Low
YouTube,viral_trends_dataset,2022-01-05,,2.0,0,Live,#Tech,127973,1241.0,68499,4929171.0,4.0111,Medium
YouTube,viral_trends_dataset,2023-07-13,,3.0,0,Live,#Music,282274,41299.0,42011,2621315.0,13.9466,High
TikTok,viral_trends_dataset,2022-03-20,,6.0,1,Video,#Fitness,458518,19006.0,62036,2106161.0,25.6182,Medium
TikTok,viral_trends_dataset,2022-07-12,,1.0,0,Video,#Comedy,400151,31218.0,87336,1577238.0,32.8869,Medium
TikTok,viral_trends_dataset,2022-10-21,,4.0,0,Live,#Gaming,283478,49938.0,46690,2156983.0,17.6221,Low
Instagram,viral_trends_dataset,2023-05-27,,5.0,1,Video,#Dance,237289,5008.0,24803,2047644.0,13.0443,High
Twitter,viral_trends_dataset,2023-08-31,,3.0,0,Live,#Comedy,199061,21330.0,32859,752438.0,33.6573,High
Instagram,viral_trends_dataset,2023-01-30,,0.0,0,Video,#Fitness,337782,32967.0,88350,1011802.0,45.3744,Medium
Twitter,viral_trends_dataset,2023-12-01,,4.0,0,Video,#Music,48060,25881.0,58549,1122719.0,11.8008,High
TikTok,viral_trends_dataset,2022-08-03,,2.0,0,Video,#Education,260597,46775.0,64519,2813260.0,13.2192,High
TikTok,viral_trends_dataset,2022-11-05,,5.0,1,Video,#Gaming,19200,24372.0,44821,3978999.0,2.2215,Medium
Instagram,viral_trends_dataset,2022-06-20,,0.0,0,Video,#Education,369132,1581.0,72628,4755630.0,9.3224,Low
TikTok,viral_trends_dataset,2023-03-04,,5.0,1,Video,#Gaming,95171,40180.0,63079,5679.0,3494.1011,Medium
YouTube,viral_trends_dataset,2022-03-25,,4.0,0,Video,#Education,313064,10849.0,85802,354097.0,115.707,Low
YouTube,viral_trends_dataset,2022-02-05,,5.0,1,Live,#Dance,263829,8741.0,77015,4159829.0,8.4038,High
Instagram,viral_trends_dataset,2023-12-19,,1.0,0,Video,#Viral,161409,5457.0,1809,2936409.0,5.7443,Low
Instagram,viral_trends_dataset,2022-03-20,,6.0,1,Video,#Music,325417,11624.0,19117,2748383.0,12.9588,High
Instagram,viral_trends_dataset,2023-09-23,,5.0,1,Video,#Challenge,424976,13761.0,27036,2763379.0,16.8552,Low
YouTube,viral_trends_dataset,2023-10-24,,1.0,0,Video,#Education,339397,44880.0,81612,4749326.0,9.8096,High
Twitter,viral_trends_dataset,2023-04-11,,1.0,0,Video,#Gaming,95547,33090.0,23448,2992211.0,5.0827,Medium
TikTok,viral_trends_dataset,2022-09-02,,4.0,0,Live,#Dance,77485,39157.0,88805,4379134.0,4.6915,Medium
YouTube,viral_trends_dataset,2023-10-15,,6.0,1,Video,#Comedy,269782,2531.0,51923,4747855.0,6.8291,Medium
YouTube,viral_trends_dataset,2022-04-19,,1.0,0,Text,#Viral,113979,35128.0,8547,3261233.0,4.8342,Medium
TikTok,viral_trends_dataset,2023-07-13,,3.0,0,Image,#Challenge,412551,34686.0,11271,3508531.0,13.0684,Low
Instagram,viral_trends_dataset,2022-04-08,,4.0,0,Image,#Dance,440910,15939.0,55306,552118.0,92.7619,Medium
TikTok,viral_trends_dataset,2022-11-25,,4.0,0,Live,#Challenge,210072,35150.0,24960,2683552.0,10.0681,Medium
TikTok,viral_trends_dataset,2023-09-29,,4.0,0,Video,#Fitness,9695,2348.0,81909,4099779.0,2.2916,Low
Instagram,viral_trends_dataset,2023-06-22,,3.0,0,Video,#Tech,426637,41106.0,78236,4796690.0,11.3824,Medium
TikTok,viral_trends_dataset,2023-02-06,,0.0,0,Live,#Fitness,56812,7614.0,1813,4292584.0,1.5431,Low
Instagram,viral_trends_dataset,2022-12-25,,6.0,1,Video,#Gaming,441518,10867.0,38281,27994.0,1752.7542,High
YouTube,viral_trends_dataset,2023-08-03,,3.0,0,Video,#Education,164649,15435.0,80863,4907437.0,5.3174,Low
YouTube,viral_trends_dataset,2023-03-08,,2.0,0,Text,#Challenge,374420,2020.0,82214,3285959.0,13.958,Low
Twitter,viral_trends_dataset,2022-08-12,,4.0,0,Video,#Gaming,16246,3964.0,88253,4839425.0,2.2412,Low
YouTube,viral_trends_dataset,2023-08-12,,5.0,1,Live,#Music,429712,42454.0,74676,2438444.0,22.4259,Low
YouTube,viral_trends_dataset,2022-10-19,,2.0,0,Image,#Music,210681,2339.0,58049,1186804.0,22.8402,High
YouTube,viral_trends_dataset,2023-12-20,,2.0,0,Live,#Fashion,495538,49846.0,73212,1333176.0,46.4002,Low
Twitter,viral_trends_dataset,2023-02-27,,0.0,0,Video,#Challenge,42569,7834.0,52242,4631125.0,2.2164,Low
Instagram,viral_trends_dataset,2022-12-21,,2.0,0,Image,#Fashion,119950,35630.0,87148,3291531.0,7.3743,Low
Twitter,viral_trends_dataset,2022-06-08,,2.0,0,Text,#Tech,263811,13708.0,70589,3628910.0,9.5926,Low
YouTube,viral_trends_dataset,2022-02-23,,2.0,0,Image,#Education,217743,21632.0,99857,839571.0,40.4054,High
YouTube,viral_trends_dataset,2022-02-09,,2.0,0,Video,#Dance,121852,40201.0,83407,2921498.0,8.4019,Low
YouTube,viral_trends_dataset,2022-07-21,,3.0,0,Live,#Fashion,440661,5980.0,91268,2295646.0,23.4317,High
Instagram,viral_trends_dataset,2022-10-20,,3.0,0,Video,#Fashion,32889,12821.0,49069,4885418.0,1.94,Low
Twitter,viral_trends_dataset,2022-10-11,,1.0,0,Text,#Gaming,202276,41913.0,35884,3777754.0,7.4137,High
YouTube,viral_trends_dataset,2022-07-15,,4.0,0,Image,#Music,234407,27278.0,36601,2618635.0,11.3909,High
YouTube,viral_trends_dataset,2023-08-25,,4.0,0,Live,#Fitness,477287,13330.0,87839,3635998.0,15.9091,Low
Instagram,viral_trends_dataset,2023-04-11,,1.0,0,Image,#Education,37888,41134.0,31285,4538803.0,2.4303,Low
Instagram,viral_trends_dataset,2023-10-23,,0.0,0,Video,#Gaming,42905,20024.0,98581,1175078.0,13.7446,Medium
TikTok,viral_trends_dataset,2023-11-01,,2.0,0,Live,#Challenge,452942,9904.0,67692,2317796.0,22.8898,High
TikTok,viral_trends_dataset,2022-02-23,,2.0,0,Image,#Dance,398034,6493.0,18988,2344865.0,18.0614,High
Instagram,viral_trends_dataset,2022-09-20,,1.0,0,Video,#Fashion,65933,11908.0,20908,788460.0,12.5243,Low
TikTok,viral_trends_dataset,2023-06-22,,3.0,0,Text,#Education,101699,9268.0,448,705892.0,15.7836,High
YouTube,viral_trends_dataset,2022-05-06,,4.0,0,Live,#Viral,419849,35123.0,21229,2676709.0,17.7905,Medium
TikTok,viral_trends_dataset,2023-11-18,,5.0,1,Image,#Challenge,134618,2299.0,68044,2045200.0,10.0216,Low
YouTube,viral_trends_dataset,2023-11-10,,4.0,0,Live,#Challenge,74005,9589.0,74174,4311581.0,3.6592,High
YouTube,viral_trends_dataset,2022-09-02,,4.0,0,Text,#Fashion,125535,32458.0,79606,811324.0,29.2853,Low
TikTok,viral_trends_dataset,2022-12-28,,2.0,0,Live,#Music,466145,38723.0,84706,2365962.0,24.919,Low
Twitter,viral_trends_dataset,2023-08-16,,2.0,0,Text,#Viral,431040,8471.0,84174,4585788.0,11.4197,High
YouTube,viral_trends_dataset,2023-04-17,,0.0,0,Video,#Viral,439654,27828.0,97036,4242961.0,13.3048,High
Twitter,viral_trends_dataset,2022-10-28,,4.0,0,Video,#Tech,215854,32321.0,31543,4032099.0,6.9373,High
Twitter,viral_trends_dataset,2022-08-13,,5.0,1,Video,#Comedy,478722,1972.0,68409,1111912.0,49.3837,Medium
Instagram,viral_trends_dataset,2023-12-26,,1.0,0,Video,#Music,251802,49414.0,50220,4461089.0,7.8778,Medium
YouTube,viral_trends_dataset,2022-04-26,,1.0,0,Image,#Fashion,426458,34866.0,75602,4645972.0,11.5568,Low
TikTok,viral_trends_dataset,2022-11-07,,0.0,0,Video,#Education,415112,31028.0,30531,3752649.0,12.7023,Low
Instagram,viral_trends_dataset,2023-05-04,,3.0,0,Video,#Dance,214222,10982.0,75144,1984418.0,15.1353,Low
Instagram,viral_trends_dataset,2022-06-06,,0.0,0,Video,#Tech,372453,35447.0,31196,1766643.0,24.8548,Low
TikTok,viral_trends_dataset,2023-08-07,,0.0,0,Text,#Fitness,397189,27927.0,60950,2056923.0,23.6307,High
YouTube,viral_trends_dataset,2023-11-15,,2.0,0,Video,#Tech,463074,34170.0,99903,1263445.0,47.2634,Low
Twitter,viral_trends_dataset,2022-02-19,,5.0,1,Image,#Education,2305,738.0,23748,167630.0,15.9822,Medium
YouTube,viral_trends_dataset,2023-03-26,,6.0,1,Video,#Music,74240,43777.0,22761,4789012.0,2.9396,High
Twitter,viral_trends_dataset,2022-09-10,,5.0,1,Image,#Fashion,157563,49493.0,96955,2751747.0,11.0479,High
TikTok,viral_trends_dataset,2022-09-09,,4.0,0,Text,#Education,190476,43225.0,98406,3557778.0,9.3347,High
YouTube,viral_trends_dataset,2022-08-17,,2.0,0,Live,#Education,489558,37407.0,26045,222005.0,249.098,High
Twitter,viral_trends_dataset,2023-04-27,,3.0,0,Video,#Fitness,88156,36985.0,68849,2768780.0,7.0063,Medium
Instagram,viral_trends_dataset,2022-01-11,,1.0,0,Image,#Tech,212639,26488.0,24551,4818440.0,5.4723,Medium
Twitter,viral_trends_dataset,2023-05-03,,2.0,0,Video,#Comedy,497381,13122.0,12068,3468794.0,15.0649,Low
TikTok,viral_trends_dataset,2023-11-09,,3.0,0,Video,#Challenge,426856,3883.0,29746,3508583.0,13.1245,Low
YouTube,viral_trends_dataset,2023-06-16,,4.0,0,Video,#Dance,177626,6268.0,13437,686780.0,28.7328,Low
YouTube,viral_trends_dataset,2023-07-05,,2.0,0,Video,#Fashion,197098,47586.0,52298,670658.0,44.2822,Medium
YouTube,viral_trends_dataset,2022-03-29,,1.0,0,Video,#Challenge,393842,12035.0,27939,4786577.0,9.0632,Low
Twitter,viral_trends_dataset,2022-04-11,,0.0,0,Image,#Music,126346,35253.0,6521,4221706.0,3.9823,Low
Twitter,viral_trends_dataset,2022-06-10,,4.0,0,Video,#Challenge,376159,37055.0,19114,3884895.0,11.1284,High
Instagram,viral_trends_dataset,2022-07-26,,1.0,0,Video,#Comedy,461297,23649.0,95691,4690084.0,12.3801,High
TikTok,viral_trends_dataset,2023-09-12,,1.0,0,Live,#Fitness,257416,39227.0,52387,3029888.0,11.5196,Low
Instagram,viral_trends_dataset,2022-07-05,,1.0,0,Video,#Viral,441370,28414.0,86968,2364901.0,23.5423,Medium
Twitter,viral_trends_dataset,2023-07-28,,4.0,0,Image,#Education,332677,46355.0,526,868961.0,43.6795,High
Instagram,viral_trends_dataset,2023-09-24,,6.0,1,Video,#Dance,368932,40782.0,89995,1740910.0,28.7039,High
YouTube,viral_trends_dataset,2023-11-17,,4.0,0,Video,#Comedy,11456,36048.0,50483,4250935.0,2.3051,Low
Twitter,viral_trends_dataset,2023-08-17,,3.0,0,Video,#Viral,169770,6929.0,85465,4727865.0,5.5451,Medium
Twitter,viral_trends_dataset,2023-08-02,,2.0,0,Live,#Viral,116295,35842.0,82961,285049.0,82.4763,High
TikTok,viral_trends_dataset,2023-08-05,,5.0,1,Video,#Music,497948,37638.0,51602,1809827.0,32.4444,Low
YouTube,viral_trends_dataset,2022-12-05,,0.0,0,Video,#Education,180079,49745.0,78182,218929.0,140.6876,Medium
TikTok,viral_trends_dataset,2022-12-15,,3.0,0,Video,#Music,195235,6665.0,20907,2658932.0,8.3796,High
Twitter,viral_trends_dataset,2023-11-14,,1.0,0,Image,#Comedy,119414,3014.0,932,3040145.0,4.0577,High
Twitter,viral_trends_dataset,2022-12-04,,6.0,1,Video,#Music,452982,12475.0,11731,3295406.0,14.4804,High
YouTube,viral_trends_dataset,2022-02-07,,0.0,0,Image,#Comedy,487241,12572.0,30833,848990.0,62.5032,High
TikTok,viral_trends_dataset,2022-11-21,,0.0,0,Video,#Comedy,458464,45618.0,62608,1146688.0,49.4197,Low
TikTok,viral_trends_dataset,2022-04-09,,5.0,1,Text,#Challenge,216371,30193.0,473,368570.0,67.0258,High
Twitter,viral_trends_dataset,2023-03-05,,6.0,1,Video,#Music,361379,10760.0,82699,1158983.0,39.2446,High
YouTube,viral_trends_dataset,2023-07-10,,0.0,0,Image,#Tech,402589,903.0,59229,3117939.0,14.8406,Medium
Instagram,viral_trends_dataset,2023-02-03,,4.0,0,Image,#Comedy,89978,34882.0,29892,3498488.0,4.4234,High
TikTok,viral_trends_dataset,2023-01-13,,4.0,0,Image,#Fitness,99945,28980.0,45962,1405472.0,12.4433,High
YouTube,viral_trends_dataset,2023-03-08,,2.0,0,Video,#Challenge,488073,39718.0,4853,1405285.0,37.9029,Medium
YouTube,viral_trends_dataset,2023-01-17,,1.0,0,Image,#Comedy,226191,32443.0,9881,1547318.0,17.3536,Low
Twitter,viral_trends_dataset,2023-08-26,,5.0,1,Video,#Music,417022,44381.0,71997,4895023.0,10.8968,Medium
YouTube,viral_trends_dataset,2022-04-10,,6.0,1,Live,#Comedy,392093,32711.0,33020,3089984.0,14.8164,Low
Twitter,viral_trends_dataset,2022-05-03,,1.0,0,Text,#Fitness,876,16000.0,25541,4945393.0,0.8577,Medium
YouTube,viral_trends_dataset,2022-06-14,,1.0,0,Text,#Challenge,132996,44058.0,98545,2185895.0,12.6081,Medium
Instagram,viral_trends_dataset,2022-05-27,,4.0,0,Video,#Music,134074,37754.0,74441,207495.0,118.6867,Medium
TikTok,viral_trends_dataset,2022-08-06,,5.0,1,Image,#Music,220008,8949.0,9171,4546518.0,5.2376,Low
YouTube,viral_trends_dataset,2023-11-30,,3.0,0,Text,#Fashion,459877,20983.0,99368,635257.0,91.3375,Medium
Instagram,viral_trends_dataset,2022-03-30,,2.0,0,Image,#Music,273820,33006.0,45278,1164811.0,30.2284,Medium
Twitter,viral_trends_dataset,2022-06-30,,3.0,0,Text,#Tech,179602,39078.0,85822,4409288.0,6.9059,Low
Instagram,viral_trends_dataset,2023-04-09,,6.0,1,Video,#Education,321050,24685.0,55297,1690987.0,23.7159,Medium
TikTok,viral_trends_dataset,2022-05-09,,0.0,0,Video,#Education,348357,2482.0,94530,1943478.0,22.9161,High
Twitter,viral_trends_dataset,2023-10-10,,1.0,0,Video,#Music,156815,3623.0,67643,2481934.0,9.1896,High
TikTok,viral_trends_dataset,2023-01-25,,2.0,0,Text,#Comedy,184910,1637.0,67509,4601601.0,5.521,Medium
TikTok,viral_trends_dataset,2022-11-30,,2.0,0,Video,#Comedy,87673,25516.0,4121,2366043.0,4.9581,Low
TikTok,viral_trends_dataset,2022-08-10,,2.0,0,Text,#Fitness,400764,1571.0,81551,3048931.0,15.8707,Low
Twitter,viral_trends_dataset,2023-04-29,,5.0,1,Video,#Challenge,185937,25280.0,90904,711095.0,42.4867,Low
TikTok,viral_trends_dataset,2023-04-01,,5.0,1,Video,#Education,471738,24497.0,76124,3991932.0,14.3379,Medium
Instagram,viral_trends_dataset,2023-04-20,,3.0,0,Video,#Comedy,32734,11883.0,77691,4309722.0,2.838,High
Twitter,viral_trends_dataset,2023-08-04,,4.0,0,Image,#Education,104787,44894.0,71972,4499829.0,4.9258,Medium
YouTube,viral_trends_dataset,2023-11-25,,5.0,1,Video,#Viral,402527,30948.0,19990,2514127.0,18.0367,High
Instagram,viral_trends_dataset,2022-04-28,,3.0,0,Live,#Gaming,156713,15183.0,2924,297130.0,58.8362,High
YouTube,viral_trends_dataset,2022-08-06,,5.0,1,Video,#Viral,174269,40883.0,17810,2640152.0,8.8238,High
TikTok,viral_trends_dataset,2023-11-29,,2.0,0,Video,#Education,449035,19664.0,59140,3691613.0,14.2983,Medium
YouTube,viral_trends_dataset,2022-07-13,,2.0,0,Video,#Fitness,104267,31440.0,40838,4607563.0,3.8316,Low
YouTube,viral_trends_dataset,2022-09-21,,2.0,0,Video,#Fitness,497385,43944.0,30893,3602630.0,15.8835,High
TikTok,viral_trends_dataset,2023-01-22,,6.0,1,Video,#Tech,58506,43924.0,48743,826021.0,18.3014,Low
TikTok,viral_trends_dataset,2022-03-07,,0.0,0,Video,#Music,79745,17516.0,27743,3309158.0,3.7775,Low
Instagram,viral_trends_dataset,2022-12-29,,3.0,0,Video,#Comedy,495941,16485.0,11961,2299356.0,22.8058,Medium
Twitter,viral_trends_dataset,2022-07-31,,6.0,1,Video,#Education,285470,43541.0,60984,8162.0,4778.1794,High
Twitter,viral_trends_dataset,2023-06-14,,2.0,0,Video,#Music,225861,16938.0,68621,4082325.0,7.6285,Low
Twitter,viral_trends_dataset,2022-11-13,,6.0,1,Video,#Fitness,43890,33640.0,52928,3240909.0,4.0254,Medium
Twitter,viral_trends_dataset,2023-04-20,,3.0,0,Video,#Gaming,177343,31034.0,29322,1076207.0,22.0867,High
TikTok,viral_trends_dataset,2023-12-10,,6.0,1,Video,#Music,406344,29507.0,48563,3809385.0,12.7163,High
YouTube,viral_trends_dataset,2022-12-17,,5.0,1,Video,#Fashion,274462,11828.0,40123,1171081.0,27.8728,High
Twitter,viral_trends_dataset,2022-06-07,,1.0,0,Video,#Fashion,253419,45758.0,78639,4865703.0,7.7649,High
TikTok,viral_trends_dataset,2022-02-10,,3.0,0,Live,#Challenge,337654,20972.0,97426,4033514.0,11.3066,Low
Twitter,viral_trends_dataset,2023-08-08,,1.0,0,Text,#Viral,319670,8135.0,41088,1186127.0,31.1006,High
YouTube,viral_trends_dataset,2023-02-18,,5.0,1,Live,#Comedy,86677,40249.0,48450,120399.0,145.6623,Medium
Twitter,viral_trends_dataset,2023-01-26,,3.0,0,Video,#Music,260597,46042.0,9374,600372.0,52.6362,Medium
Instagram,viral_trends_dataset,2022-03-22,,1.0,0,Video,#Music,68921,6533.0,75527,4903978.0,3.0787,Low
Twitter,viral_trends_dataset,2023-01-25,,2.0,0,Video,#Fashion,152267,19210.0,95610,3529073.0,7.5682,High
Instagram,viral_trends_dataset,2022-06-10,,4.0,0,Video,#Challenge,8962,31693.0,37402,642028.0,12.1579,Low
TikTok,viral_trends_dataset,2023-03-15,,2.0,0,Live,#Viral,336168,23496.0,68747,1289152.0,33.232,Medium
TikTok,viral_trends_dataset,2022-09-06,,1.0,0,Video,#Challenge,2009,13727.0,48438,1549672.0,4.1411,High
Twitter,viral_trends_dataset,2022-10-28,,4.0,0,Text,#Music,211312,14426.0,25058,3216935.0,7.7961,Low
Instagram,viral_trends_dataset,2022-09-03,,5.0,1,Text,#Fashion,42669,32049.0,37168,3219104.0,3.4757,High
Twitter,viral_trends_dataset,2023-07-31,,0.0,0,Video,#Viral,9757,32855.0,30263,3649931.0,1.9966,High
YouTube,viral_trends_dataset,2022-03-27,,6.0,1,Video,#Dance,343660,10947.0,43126,1273182.0,31.2393,Medium
TikTok,viral_trends_dataset,2023-09-21,,3.0,0,Live,#Fitness,79967,6156.0,39479,2864591.0,4.3846,High
Instagram,viral_trends_dataset,2022-05-25,,2.0,0,Text,#Gaming,375087,13091.0,4908,3007888.0,13.0685,Medium
TikTok,viral_trends_dataset,2022-11-26,,5.0,1,Text,#Music,171945,1807.0,70151,40261.0,605.8046,Medium
Twitter,viral_trends_dataset,2022-03-06,,6.0,1,Video,#Viral,43960,44909.0,53826,1058662.0,13.4788,High
Twitter,viral_trends_dataset,2022-04-04,,0.0,0,Video,#Gaming,412137,19485.0,79329,4341471.0,11.7691,High
TikTok,viral_trends_dataset,2023-04-02,,6.0,1,Text,#Education,280278,1104.0,88874,2011861.0,18.4037,High
Instagram,viral_trends_dataset,2022-03-11,,4.0,0,Text,#Gaming,270175,2531.0,90118,3649213.0,9.9425,High
Instagram,viral_trends_dataset,2023-10-10,,1.0,0,Image,#Viral,449987,38581.0,37594,2216125.0,23.7424,High
YouTube,viral_trends_dataset,2023-04-10,,0.0,0,Live,#Education,347026,6064.0,53053,4746083.0,8.5574,Medium
Twitter,viral_trends_dataset,2022-04-11,,0.0,0,Live,#Challenge,181352,40761.0,24958,1476558.0,16.7329,High
Twitter,viral_trends_dataset,2023-10-30,,0.0,0,Live,#Dance,198861,30484.0,99656,4798367.0,6.8565,High
Twitter,viral_trends_dataset,2022-07-31,,6.0,1,Video,#Gaming,424575,15840.0,33841,3399161.0,13.9521,Low
Instagram,viral_trends_dataset,2023-09-14,,3.0,0,Video,#Viral,79633,15885.0,15583,1781924.0,6.2349,Low
YouTube,viral_trends_dataset,2022-05-21,,5.0,1,Live,#Gaming,354755,24161.0,65499,2720858.0,16.3336,Low
Instagram,viral_trends_dataset,2022-03-08,,1.0,0,Video,#Viral,77308,8936.0,84676,2934790.0,5.8239,Low
Instagram,viral_trends_dataset,2023-10-29,,6.0,1,Video,#Comedy,128441,38928.0,38915,4370709.0,4.7197,High
Instagram,viral_trends_dataset,2023-11-02,,3.0,0,Text,#Fitness,164787,27711.0,60691,453593.0,55.8185,Low
YouTube,viral_trends_dataset,2022-03-07,,0.0,0,Video,#Comedy,487690,38679.0,4447,1173127.0,45.248,High
Instagram,viral_trends_dataset,2022-11-04,,4.0,0,Video,#Viral,226507,35679.0,35353,71482.0,416.2433,Medium
Twitter,viral_trends_dataset,2022-05-25,,2.0,0,Live,#Education,77073,45498.0,55792,3177671.0,5.613,Medium
YouTube,viral_trends_dataset,2022-10-09,,6.0,1,Video,#Education,277428,25936.0,1086,1998533.0,15.2337,High
Twitter,viral_trends_dataset,2023-06-01,,3.0,0,Video,#Education,424075,31751.0,10091,2153009.0,21.6403,Low
Instagram,viral_trends_dataset,2022-07-14,,3.0,0,Video,#Fashion,220241,6617.0,66953,811919.0,36.1872,Low
Instagram,viral_trends_dataset,2022-08-09,,1.0,0,Video,#Challenge,364525,11727.0,90039,4383045.0,10.6385,High
TikTok,viral_trends_dataset,2022-04-14,,3.0,0,Video,#Tech,174033,21027.0,5711,191000.0,105.1157,Low
Instagram,viral_trends_dataset,2023-03-24,,4.0,0,Video,#Fitness,261021,40550.0,47592,4436970.0,7.8694,Medium
Instagram,viral_trends_dataset,2023-02-09,,3.0,0,Live,#Gaming,238386,33961.0,42195,1831132.0,17.1775,Low
TikTok,viral_trends_dataset,2022-05-25,,2.0,0,Video,#Dance,195965,43705.0,58390,50550.0,589.634,Medium
TikTok,viral_trends_dataset,2023-02-05,,6.0,1,Text,#Fashion,196379,15463.0,31009,4907733.0,4.9483,Low
Twitter,viral_trends_dataset,2022-06-12,,6.0,1,Video,#Dance,182294,23225.0,4266,2104258.0,9.9695,Low
Instagram,viral_trends_dataset,2023-11-18,,5.0,1,Video,#Music,493708,41390.0,79119,1722070.0,35.6674,Medium
TikTok,viral_trends_dataset,2022-09-26,,0.0,0,Text,#Dance,140570,17156.0,2510,505720.0,31.6847,Low
Instagram,viral_trends_dataset,2022-08-06,,5.0,1,Video,#Music,168541,23184.0,64622,1137589.0,22.5342,Medium
YouTube,viral_trends_dataset,2022-08-20,,5.0,1,Video,#Education,85206,20680.0,4933,3702911.0,2.9928,Medium
Instagram,viral_trends_dataset,2023-10-24,,1.0,0,Text,#Fitness,51533,11512.0,75559,4033578.0,3.4363,Low
Twitter,viral_trends_dataset,2022-02-20,,6.0,1,Live,#Fitness,51574,29622.0,51539,3327912.0,3.9885,Medium
Twitter,viral_trends_dataset,2022-11-27,,6.0,1,Live,#Challenge,300091,43197.0,92655,641205.0,67.9881,Medium
TikTok,viral_trends_dataset,2023-04-15,,5.0,1,Video,#Dance,24782,35311.0,18001,1668055.0,4.6817,Medium
Twitter,viral_trends_dataset,2022-08-22,,0.0,0,Text,#Challenge,450023,13565.0,10672,2677552.0,17.7124,Low
TikTok,viral_trends_dataset,2022-09-21,,2.0,0,Live,#Tech,78201,1615.0,18502,2617130.0,3.7567,High
YouTube,viral_trends_dataset,2023-10-31,,1.0,0,Text,#Music,142287,31575.0,79299,4962798.0,5.1012,High
TikTok,viral_trends_dataset,2022-06-07,,1.0,0,Video,#Viral,416515,39780.0,20273,3905473.0,12.2026,Medium
Instagram,viral_trends_dataset,2023-04-17,,0.0,0,Live,#Gaming,268306,16747.0,65885,3097651.0,11.3292,High
YouTube,viral_trends_dataset,2022-12-18,,6.0,1,Video,#Challenge,17533,45503.0,73322,3232709.0,4.2181,Low
Twitter,viral_trends_dataset,2022-10-22,,5.0,1,Text,#Education,357355,37138.0,37276,3967702.0,10.8821,Medium
TikTok,viral_trends_dataset,2022-06-07,,1.0,0,Video,#Fashion,494750,22174.0,40998,2370772.0,23.5333,Low
Twitter,viral_trends_dataset,2022-01-17,,0.0,0,Text,#Comedy,54007,26510.0,33919,1219338.0,9.3851,Medium
Instagram,viral_trends_dataset,2022-12-30,,4.0,0,Video,#Fashion,403609,20596.0,7724,1602283.0,26.9571,Medium
YouTube,viral_trends_dataset,2023-05-17,,2.0,0,Text,#Music,495359,31147.0,98876,2050005.0,30.5064,High
Instagram,viral_trends_dataset,2022-11-15,,1.0,0,Live,#Tech,304588,19851.0,15654,1650036.0,20.6112,High
YouTube,viral_trends_dataset,2023-12-20,,2.0,0,Text,#Music,32761,33207.0,87377,2101712.0,7.2962,Medium
TikTok,viral_trends_dataset,2022-09-08,,3.0,0,Video,#Fashion,486312,108.0,88398,1519302.0,37.8343,High
TikTok,viral_trends_dataset,2023-09-23,,5.0,1,Video,#Viral,52573,39474.0,77235,2025180.0,8.3589,High
TikTok,viral_trends_dataset,2022-06-30,,3.0,0,Video,#Fitness,426578,13790.0,74476,4001869.0,12.8651,Medium
YouTube,viral_trends_dataset,2023-02-27,,0.0,0,Image,#Viral,126499,31727.0,7462,2237936.0,7.4036,Medium
Instagram,viral_trends_dataset,2023-10-19,,3.0,0,Video,#Fitness,483900,24612.0,15030,4087039.0,12.8098,Low
YouTube,viral_trends_dataset,2023-10-02,,0.0,0,Video,#Dance,174129,29585.0,18094,2618299.0,8.4715,High
Instagram,viral_trends_dataset,2023-07-29,,5.0,1,Image,#Music,362060,37002.0,47435,1027847.0,43.44,Low
Instagram,viral_trends_dataset,2022-05-25,,2.0,0,Text,#Dance,266552,11189.0,48272,1334589.0,24.428,Medium
YouTube,viral_trends_dataset,2023-08-14,,0.0,0,Live,#Challenge,492874,8977.0,1269,3359899.0,14.9743,Medium
Instagram,viral_trends_dataset,2022-12-18,,6.0,1,Video,#Viral,440302,7090.0,87598,17410.0,3072.8891,Low
TikTok,viral_trends_dataset,2022-03-21,,0.0,0,Video,#Viral,328046,37898.0,8689,2141862.0,17.491,Medium
Twitter,viral_trends_dataset,2023-11-03,,4.0,0,Video,#Fitness,131670,648.0,67263,4019882.0,4.9648,Low
Twitter,viral_trends_dataset,2023-08-07,,0.0,0,Image,#Gaming,334782,29581.0,75537,2968787.0,14.8175,Medium
TikTok,viral_trends_dataset,2022-06-28,,1.0,0,Image,#Education,234320,12204.0,76468,1461068.0,22.1066,High
YouTube,viral_trends_dataset,2022-12-09,,4.0,0,Video,#Gaming,412705,15962.0,58028,619225.0,78.5974,Medium
TikTok,viral_trends_dataset,2023-09-30,,5.0,1,Text,#Gaming,429074,2674.0,13570,1278728.0,34.8251,Low
Twitter,viral_trends_dataset,2022-09-24,,5.0,1,Live,#Challenge,103448,21763.0,60694,609969.0,30.4778,High
Instagram,viral_trends_dataset,2023-10-24,,1.0,0,Text,#Fitness,403285,35529.0,93043,1085330.0,49.0042,Low
YouTube,viral_trends_dataset,2023-06-10,,5.0,1,Video,#Tech,246638,39172.0,94927,229246.0,166.0823,High
Instagram,viral_trends_dataset,2022-06-10,,4.0,0,Live,#Gaming,338512,35276.0,25132,2931391.0,13.6086,High
Twitter,viral_trends_dataset,2023-08-26,,5.0,1,Video,#Viral,140189,37245.0,90689,224021.0,119.6865,Medium
YouTube,viral_trends_dataset,2023-10-22,,6.0,1,Image,#Gaming,494478,12355.0,11190,2253299.0,22.9895,Low
YouTube,viral_trends_dataset,2022-04-11,,0.0,0,Video,#Comedy,160940,31118.0,2872,4629977.0,4.2102,Medium
Twitter,viral_trends_dataset,2023-11-06,,0.0,0,Live,#Music,384817,42578.0,87062,318117.0,161.7194,High
YouTube,viral_trends_dataset,2022-08-27,,5.0,1,Image,#Music,43719,43917.0,16485,1180106.0,8.823,High
TikTok,viral_trends_dataset,2023-06-21,,2.0,0,Text,#Music,230450,1354.0,55221,2476925.0,11.588,Medium
TikTok,viral_trends_dataset,2022-07-27,,2.0,0,Live,#Tech,406067,33962.0,52565,2847991.0,17.2962,Low
Twitter,viral_trends_dataset,2022-04-06,,2.0,0,Video,#Education,248892,12674.0,96898,4171736.0,8.5927,Low
TikTok,viral_trends_dataset,2023-08-16,,2.0,0,Live,#Comedy,416253,37996.0,29943,2247336.0,21.5452,Low
YouTube,viral_trends_dataset,2022-03-05,,5.0,1,Video,#Education,493114,25766.0,58206,2970301.0,19.4285,Low
Twitter,viral_trends_dataset,2022-06-02,,3.0,0,Image,#Gaming,17672,24535.0,29206,3953080.0,1.8065,Low
Instagram,viral_trends_dataset,2023-07-25,,1.0,0,Video,#Tech,232499,23352.0,19425,1986024.0,13.8607,Low
YouTube,viral_trends_dataset,2022-01-08,,5.0,1,Image,#Education,327683,42984.0,58507,670841.0,63.9755,High
Instagram,viral_trends_dataset,2022-12-01,,3.0,0,Live,#Music,291504,31645.0,16339,1219770.0,27.8321,High
Instagram,viral_trends_dataset,2022-09-13,,1.0,0,Video,#Education,318761,33987.0,68762,1085450.0,38.8327,Medium
Twitter,viral_trends_dataset,2022-10-14,,4.0,0,Image,#Music,103616,14604.0,40222,2841135.0,5.5767,Medium
YouTube,viral_trends_dataset,2022-08-10,,2.0,0,Video,#Fashion,368597,49827.0,5932,324794.0,130.6539,Low
YouTube,viral_trends_dataset,2022-02-13,,6.0,1,Video,#Gaming,200988,41852.0,84981,4603491.0,7.1211,Medium
Instagram,viral_trends_dataset,2022-05-02,,0.0,0,Video,#Challenge,499054,40943.0,62073,3521257.0,17.0982,Medium
YouTube,viral_trends_dataset,2022-01-28,,4.0,0,Video,#Dance,256833,33470.0,21818,4368296.0,7.1451,Medium
TikTok,viral_trends_dataset,2023-05-19,,4.0,0,Live,#Challenge,231534,40859.0,48422,2925514.0,10.9661,High
TikTok,viral_trends_dataset,2023-07-09,,6.0,1,Video,#Tech,72964,3187.0,71082,3301392.0,4.4597,Low
YouTube,viral_trends_dataset,2023-11-18,,5.0,1,Video,#Education,114238,39802.0,46020,698224.0,28.6527,High
Twitter,viral_trends_dataset,2022-04-28,,3.0,0,Text,#Comedy,98430,511.0,83970,2168867.0,8.4335,Medium
Twitter,viral_trends_dataset,2023-12-06,,2.0,0,Image,#Gaming,392520,6404.0,5760,4245823.0,9.5313,Low
TikTok,viral_trends_dataset,2022-11-09,,2.0,0,Video,#Fitness,10082,18055.0,55617,1784267.0,4.694,Low
Twitter,viral_trends_dataset,2022-03-24,,3.0,0,Text,#Tech,334822,15190.0,18895,144060.0,256.0787,Low
Twitter,viral_trends_dataset,2022-05-31,,1.0,0,Live,#Comedy,133383,32063.0,42152,622120.0,33.3694,High
TikTok,viral_trends_dataset,2022-06-29,,2.0,0,Image,#Challenge,451832,31465.0,40146,2331691.0,22.4491,Low
Twitter,viral_trends_dataset,2023-05-01,,0.0,0,Text,#Fitness,171495,12469.0,9299,4308976.0,4.4851,Medium
Instagram,viral_trends_dataset,2023-09-16,,5.0,1,Video,#Music,233834,25283.0,69647,3927144.0,8.3716,Low
TikTok,viral_trends_dataset,2023-11-11,,5.0,1,Text,#Fitness,454011,24724.0,36924,4852422.0,10.6268,Low
TikTok,viral_trends_dataset,2022-02-10,,3.0,0,Image,#Dance,197896,27986.0,13399,140078.0,170.8198,Low
TikTok,viral_trends_dataset,2023-04-22,,5.0,1,Video,#Education,332438,30577.0,73519,88641.0,492.4741,Medium
TikTok,viral_trends_dataset,2023-05-04,,3.0,0,Image,#Dance,292175,2200.0,58377,3667805.0,9.6175,Medium
TikTok,viral_trends_dataset,2023-01-22,,6.0,1,Live,#Challenge,165527,32075.0,2940,3767399.0,5.3231,Medium
Twitter,viral_trends_dataset,2023-08-14,,0.0,0,Video,#Education,288532,13810.0,80147,905373.0,42.2466,Low
Instagram,viral_trends_dataset,2023-04-15,,5.0,1,Image,#Tech,489182,7722.0,33789,3032675.0,17.4992,High
TikTok,viral_trends_dataset,2022-09-03,,5.0,1,Video,#Education,30623,42992.0,82064,4546658.0,3.424,Medium
Twitter,viral_trends_dataset,2022-11-10,,3.0,0,Live,#Music,108016,29819.0,90527,3902066.0,5.8523,Medium
TikTok,viral_trends_dataset,2022-11-01,,1.0,0,Video,#Fashion,52717,6857.0,79861,2280197.0,6.115,Low
YouTube,viral_trends_dataset,2023-06-22,,3.0,0,Live,#Viral,246103,31382.0,84151,1009177.0,35.8347,High
YouTube,viral_trends_dataset,2022-09-30,,4.0,0,Video,#Education,3015,12708.0,28109,1574314.0,2.7842,High
Instagram,viral_trends_dataset,2023-11-02,,3.0,0,Live,#Fashion,314928,22810.0,38702,2780097.0,13.5405,Low
TikTok,viral_trends_dataset,2023-09-03,,6.0,1,Video,#Viral,318849,36121.0,1715,1266.0,28174.1706,High
Instagram,viral_trends_dataset,2023-07-23,,6.0,1,Video,#Fashion,344378,43612.0,37234,1934599.0,21.98,Medium
Instagram,viral_trends_dataset,2022-02-24,,3.0,0,Video,#Gaming,220593,11255.0,79638,3432236.0,9.0753,Low
YouTube,viral_trends_dataset,2022-12-20,,1.0,0,Video,#Comedy,5847,15425.0,40798,4970374.0,1.2488,Low
Twitter,viral_trends_dataset,2023-02-06,,0.0,0,Video,#Fashion,22365,16721.0,54961,3207505.0,2.9321,Low
TikTok,viral_trends_dataset,2022-07-27,,2.0,0,Video,#Gaming,432741,33558.0,44948,3701648.0,13.8113,Low
Twitter,viral_trends_dataset,2022-10-16,,6.0,1,Video,#Dance,249418,28886.0,81838,2795598.0,12.8825,Low
TikTok,viral_trends_dataset,2022-06-06,,0.0,0,Video,#Dance,222714,6448.0,85120,3960394.0,7.9356,Low
TikTok,viral_trends_dataset,2022-12-19,,0.0,0,Text,#Tech,182765,44269.0,62879,1546650.0,18.7446,Low
Twitter,viral_trends_dataset,2022-03-28,,0.0,0,Video,#Music,174376,31178.0,30273,1935131.0,12.1866,High
TikTok,viral_trends_dataset,2022-06-21,,1.0,0,Video,#Comedy,469223,24645.0,32079,1006682.0,52.2456,High
Twitter,viral_trends_dataset,2023-01-27,,4.0,0,Image,#Challenge,410862,16456.0,46533,3804559.0,12.4548,Medium
TikTok,viral_trends_dataset,2023-12-14,,3.0,0,Image,#Music,304640,21950.0,99763,3370487.0,12.6496,Low
Twitter,viral_trends_dataset,2023-08-20,,6.0,1,Live,#Challenge,105871,40889.0,92239,3264450.0,7.3213,Low
TikTok,viral_trends_dataset,2023-03-28,,1.0,0,Text,#Challenge,420019,30850.0,84514,116463.0,459.7022,High
Twitter,viral_trends_dataset,2023-06-24,,5.0,1,Live,#Viral,290269,49708.0,28373,423438.0,86.9903,Low
YouTube,viral_trends_dataset,2022-01-20,,3.0,0,Video,#Viral,99772,5621.0,42285,1121182.0,13.1716,High
TikTok,viral_trends_dataset,2022-08-20,,5.0,1,Video,#Education,262668,21369.0,23314,1912681.0,16.0691,Low
Twitter,viral_trends_dataset,2022-07-11,,0.0,0,Video,#Tech,135773,35509.0,17076,715400.0,26.329,High
Twitter,viral_trends_dataset,2023-12-24,,6.0,1,Text,#Dance,423135,22463.0,87349,94208.0,565.7131,Low
Instagram,viral_trends_dataset,2023-03-21,,1.0,0,Live,#Education,371193,30595.0,92745,2896863.0,17.0713,Low
Instagram,viral_trends_dataset,2023-10-13,,4.0,0,Live,#Challenge,461019,8384.0,50137,1015588.0,51.1566,Medium
YouTube,viral_trends_dataset,2022-07-12,,1.0,0,Image,#Challenge,397972,757.0,27387,3405967.0,12.5109,High
Instagram,viral_trends_dataset,2022-11-01,,1.0,0,Text,#Fitness,60303,3048.0,73622,314695.0,43.5256,High
TikTok,viral_trends_dataset,2022-03-29,,1.0,0,Video,#Fashion,83744,26847.0,83078,4319494.0,4.4836,Medium
Instagram,viral_trends_dataset,2022-10-14,,4.0,0,Video,#Tech,432158,12933.0,74368,2744334.0,18.9284,Low
YouTube,viral_trends_dataset,2022-08-06,,5.0,1,Live,#Comedy,451179,14319.0,64867,1975939.0,26.8412,Low
TikTok,viral_trends_dataset,2023-11-12,,6.0,1,Video,#Education,487566,15466.0,24836,3269522.0,16.1451,Medium
Instagram,viral_trends_dataset,2022-01-04,,1.0,0,Text,#Gaming,482348,14880.0,51534,4839145.0,11.3401,Low
Instagram,viral_trends_dataset,2023-07-31,,0.0,0,Video,#Education,356338,36945.0,35844,459654.0,93.3587,Medium
TikTok,viral_trends_dataset,2023-10-07,,5.0,1,Video,#Music,34396,47928.0,21909,180332.0,57.8006,Medium
TikTok,viral_trends_dataset,2023-02-05,,6.0,1,Text,#Music,56197,10372.0,39414,134405.0,78.8535,High
YouTube,viral_trends_dataset,2023-05-11,,3.0,0,Video,#Dance,185763,49196.0,72551,4290567.0,7.1671,Low
Twitter,viral_trends_dataset,2023-08-27,,6.0,1,Video,#Gaming,247328,20278.0,16921,2440554.0,11.6583,Low
YouTube,viral_trends_dataset,2022-01-14,,4.0,0,Image,#Fashion,491928,27432.0,68387,64334.0,913.5869,Low
YouTube,viral_trends_dataset,2023-02-14,,1.0,0,Image,#Music,265425,35640.0,78956,1561101.0,24.3431,High
YouTube,viral_trends_dataset,2023-01-22,,6.0,1,Image,#Viral,129321,8361.0,55183,4175750.0,4.6187,Low
Twitter,viral_trends_dataset,2023-09-11,,0.0,0,Image,#Fashion,364767,46251.0,81947,2794698.0,17.6393,High
Twitter,viral_trends_dataset,2022-04-24,,6.0,1,Video,#Fashion,386534,3736.0,22475,555401.0,74.3148,Low
Instagram,viral_trends_dataset,2022-04-15,,4.0,0,Video,#Tech,296583,7687.0,58040,3979333.0,9.1048,Medium
YouTube,viral_trends_dataset,2022-03-12,,5.0,1,Live,#Gaming,428316,23752.0,72576,107030.0,490.1841,Medium
Instagram,viral_trends_dataset,2022-12-11,,6.0,1,Video,#Comedy,403218,33580.0,81324,3546380.0,14.6099,High
TikTok,viral_trends_dataset,2022-04-13,,2.0,0,Text,#Tech,256848,10770.0,89947,314272.0,113.7756,High
TikTok,viral_trends_dataset,2022-07-14,,3.0,0,Image,#Fitness,160086,19659.0,9229,3945046.0,4.7902,High
Twitter,viral_trends_dataset,2023-06-09,,4.0,0,Video,#Comedy,449141,43516.0,9679,3504900.0,14.3324,Low
YouTube,viral_trends_dataset,2022-06-04,,5.0,1,Video,#Dance,108867,45391.0,70396,4438745.0,5.0612,High
Instagram,viral_trends_dataset,2022-04-23,,5.0,1,Image,#Viral,316213,44016.0,37185,264350.0,150.3363,Medium
Instagram,viral_trends_dataset,2023-09-23,,5.0,1,Video,#Fitness,340168,37399.0,97166,2758867.0,17.2075,High
Twitter,viral_trends_dataset,2022-05-01,,6.0,1,Video,#Tech,394633,15862.0,84477,1725937.0,28.6785,High
Twitter,viral_trends_dataset,2022-07-05,,1.0,0,Live,#Fitness,279571,32670.0,11782,2965197.0,10.9275,High
TikTok,viral_trends_dataset,2022-11-04,,4.0,0,Live,#Music,180313,43440.0,80998,2253650.0,13.5226,High
Instagram,viral_trends_dataset,2023-04-04,,1.0,0,Text,#Music,461474,13596.0,69202,2648018.0,20.5539,Medium
Twitter,viral_trends_dataset,2022-06-16,,3.0,0,Video,#Dance,314092,25783.0,79807,1972213.0,21.2798,Medium
TikTok,viral_trends_dataset,2023-09-08,,4.0,0,Image,#Tech,450870,11793.0,54217,997234.0,51.8314,Medium
Twitter,viral_trends_dataset,2023-02-22,,2.0,0,Text,#Gaming,13591,21079.0,65762,3364852.0,2.9847,Medium
YouTube,viral_trends_dataset,2022-07-30,,5.0,1,Image,#Viral,336320,25126.0,47744,3948787.0,10.3624,High
TikTok,viral_trends_dataset,2023-02-12,,6.0,1,Video,#Tech,442401,39725.0,9749,2783646.0,17.6702,Low
Instagram,viral_trends_dataset,2022-11-17,,3.0,0,Video,#Dance,443562,18671.0,51100,369433.0,138.9516,Low
TikTok,viral_trends_dataset,2022-08-04,,3.0,0,Video,#Music,86352,24153.0,51733,1939317.0,8.3657,Medium
YouTube,viral_trends_dataset,2022-11-02,,2.0,0,Video,#Tech,75168,45281.0,47737,2927287.0,5.7455,Medium
Instagram,viral_trends_dataset,2022-07-21,,3.0,0,Video,#Fitness,111830,38332.0,35146,1844185.0,10.0482,Low
YouTube,viral_trends_dataset,2023-10-20,,4.0,0,Video,#Fitness,395504,20392.0,18871,26676.0,1629.8058,High
YouTube,viral_trends_dataset,2022-12-04,,6.0,1,Video,#Viral,131247,41069.0,2304,149465.0,116.83,Low
Twitter,viral_trends_dataset,2023-05-06,,5.0,1,Video,#Gaming,495489,42200.0,67515,40996.0,1476.2513,Low
Twitter,viral_trends_dataset,2023-05-19,,4.0,0,Video,#Education,94805,34013.0,57365,3421671.0,5.4413,High
TikTok,viral_trends_dataset,2022-10-31,,0.0,0,Video,#Fitness,225181,6608.0,95950,3255420.0,10.0675,Low
TikTok,viral_trends_dataset,2022-09-07,,2.0,0,Live,#Viral,82049,24740.0,47045,639352.0,24.0609,Low
TikTok,viral_trends_dataset,2023-10-18,,2.0,0,Video,#Dance,332578,44613.0,22311,3661103.0,10.9121,Low
Twitter,viral_trends_dataset,2023-04-03,,0.0,0,Video,#Fitness,66203,24448.0,57953,3820295.0,3.8899,Medium
YouTube,viral_trends_dataset,2023-08-11,,4.0,0,Live,#Gaming,161293,44625.0,22025,451915.0,50.4394,High
Instagram,viral_trends_dataset,2022-11-12,,5.0,1,Live,#Fashion,59292,13191.0,59643,3383652.0,3.9048,High
TikTok,viral_trends_dataset,2022-06-28,,1.0,0,Video,#Music,173842,894.0,80871,2679420.0,9.5396,Low
Twitter,viral_trends_dataset,2022-11-18,,4.0,0,Image,#Fashion,84866,11039.0,5568,2862914.0,3.5444,Medium
TikTok,viral_trends_dataset,2022-02-11,,4.0,0,Video,#Tech,157281,13278.0,33939,1405439.0,14.5505,Low
TikTok,viral_trends_dataset,2022-09-25,,6.0,1,Video,#Gaming,243377,16986.0,66500,2475611.0,13.2033,Low
Twitter,viral_trends_dataset,2022-01-09,,6.0,1,Image,#Gaming,54581,16461.0,85663,736350.0,21.2813,Low
Twitter,viral_trends_dataset,2022-01-02,,6.0,1,Video,#Fitness,59927,31869.0,59494,2940958.0,5.1442,High
YouTube,viral_trends_dataset,2023-12-25,,0.0,0,Video,#Tech,234826,10783.0,31690,1613127.0,17.1902,High
TikTok,viral_trends_dataset,2022-07-13,,2.0,0,Video,#Viral,116022,31477.0,79124,4001546.0,5.6634,Medium
YouTube,viral_trends_dataset,2022-12-28,,2.0,0,Image,#Education,149710,169.0,26362,1057190.0,16.6707,Medium
Instagram,viral_trends_dataset,2022-06-02,,3.0,0,Video,#Gaming,434763,45150.0,52776,2471218.0,21.5557,Medium
TikTok,viral_trends_dataset,2022-04-02,,5.0,1,Image,#Gaming,328885,43415.0,45228,529428.0,78.864,Medium
YouTube,viral_trends_dataset,2023-05-11,,3.0,0,Video,#Dance,449609,40777.0,14702,1759541.0,28.7057,Low
YouTube,viral_trends_dataset,2023-07-20,,3.0,0,Video,#Fitness,19697,21185.0,7821,4924732.0,0.9889,Medium
YouTube,viral_trends_dataset,2023-03-16,,3.0,0,Image,#Tech,491636,27516.0,22277,1580454.0,34.2578,High
YouTube,viral_trends_dataset,2022-11-29,,1.0,0,Text,#Challenge,73555,34352.0,40353,4839723.0,3.0634,Low
Twitter,viral_trends_dataset,2023-07-01,,5.0,1,Live,#Gaming,104223,22871.0,18051,1906321.0,7.6139,High
YouTube,viral_trends_dataset,2023-11-30,,3.0,0,Live,#Tech,252839,24139.0,70790,3524558.0,9.867,Low
YouTube,viral_trends_dataset,2022-06-04,,5.0,1,Video,#Fitness,359259,5095.0,62782,3676339.0,11.6185,Low
Twitter,viral_trends_dataset,2023-02-25,,5.0,1,Video,#Fitness,487965,9518.0,99408,4311300.0,13.8448,High
TikTok,viral_trends_dataset,2023-12-24,,6.0,1,Video,#Dance,488029,35239.0,51442,2850408.0,20.1624,Medium
Instagram,viral_trends_dataset,2022-07-17,,6.0,1,Video,#Fitness,409948,9723.0,70388,1162556.0,42.1536,High
Instagram,viral_trends_dataset,2022-01-06,,3.0,0,Video,#Fashion,176014,29899.0,18821,520087.0,43.2108,Low
Instagram,viral_trends_dataset,2022-09-05,,0.0,0,Live,#Education,361279,45486.0,85852,3164207.0,15.5684,Medium
TikTok,viral_trends_dataset,2022-12-23,,4.0,0,Video,#Gaming,45114,27051.0,52963,213398.0,58.636,High
YouTube,viral_trends_dataset,2023-02-07,,1.0,0,Image,#Tech,9672,8739.0,65313,3806034.0,2.1998,Medium
Twitter,viral_trends_dataset,2023-09-01,,4.0,0,Text,#Dance,367836,6771.0,5655,4364823.0,8.712,High
Instagram,viral_trends_dataset,2022-05-30,,0.0,0,Video,#Dance,170389,43645.0,26371,3359348.0,7.1563,Medium
TikTok,viral_trends_dataset,2022-05-04,,2.0,0,Live,#Fitness,108961,7963.0,56261,3084289.0,5.6151,Low
YouTube,viral_trends_dataset,2022-08-05,,4.0,0,Live,#Music,366390,21452.0,11868,1877694.0,21.2873,High
TikTok,viral_trends_dataset,2023-07-24,,0.0,0,Image,#Comedy,465556,31455.0,90487,4295731.0,13.6763,Low
TikTok,viral_trends_dataset,2022-07-23,,5.0,1,Live,#Fashion,474525,21722.0,12882,2048838.0,24.8496,Low
Instagram,viral_trends_dataset,2023-07-25,,1.0,0,Video,#Comedy,255263,35227.0,42037,2730222.0,12.1795,Low
YouTube,viral_trends_dataset,2022-08-10,,2.0,0,Text,#Education,121038,18320.0,11058,3144507.0,4.7835,Medium
TikTok,viral_trends_dataset,2023-11-11,,5.0,1,Video,#Fitness,219157,31224.0,57767,4273210.0,7.2112,High
Twitter,viral_trends_dataset,2022-06-03,,4.0,0,Live,#Education,475754,22186.0,8335,1877929.0,26.9592,Low
Instagram,viral_trends_dataset,2022-01-12,,2.0,0,Video,#Gaming,295897,9133.0,16431,1144301.0,28.0923,High
Twitter,viral_trends_dataset,2023-11-18,,5.0,1,Video,#Fitness,299451,13688.0,34395,920003.0,37.7753,High
TikTok,viral_trends_dataset,2023-05-25,,3.0,0,Video,#Challenge,84064,28795.0,94398,1429204.0,14.5016,Low
TikTok,viral_trends_dataset,2022-11-10,,3.0,0,Text,#Challenge,114034,21531.0,14652,3023404.0,4.9685,Medium
TikTok,viral_trends_dataset,2023-08-02,,2.0,0,Video,#Viral,384851,6540.0,69960,3896115.0,11.8413,High
TikTok,viral_trends_dataset,2023-04-24,,0.0,0,Text,#Challenge,248601,21993.0,41601,1500986.0,20.7993,Medium
TikTok,viral_trends_dataset,2022-01-24,,0.0,0,Video,#Viral,29032,43458.0,23012,1925221.0,4.9606,High
Twitter,viral_trends_dataset,2023-02-13,,0.0,0,Image,#Music,370259,34473.0,23152,3376510.0,12.6724,Low
Instagram,viral_trends_dataset,2023-12-15,,4.0,0,Video,#Fitness,79448,2024.0,55602,1840183.0,7.4489,Medium
TikTok,viral_trends_dataset,2022-10-27,,3.0,0,Live,#Music,334772,26365.0,10104,1433765.0,25.8927,Medium
Twitter,viral_trends_dataset,2022-08-06,,5.0,1,Text,#Education,395039,46832.0,85360,4716339.0,11.1788,High
TikTok,viral_trends_dataset,2022-01-20,,3.0,0,Video,#Fashion,492842,38190.0,52193,3075439.0,18.964,Medium
TikTok,viral_trends_dataset,2022-05-08,,6.0,1,Video,#Comedy,140297,3503.0,38920,31732.0,575.8225,Medium
TikTok,viral_trends_dataset,2023-04-26,,2.0,0,Live,#Gaming,343959,45964.0,80457,3581458.0,13.1338,High
Instagram,viral_trends_dataset,2023-05-19,,4.0,0,Image,#Tech,185576,37171.0,96028,3567033.0,8.9367,Low
Instagram,viral_trends_dataset,2022-08-10,,2.0,0,Live,#Education,73828,4540.0,86087,2445127.0,6.7258,Medium
Instagram,viral_trends_dataset,2023-09-05,,1.0,0,Live,#Comedy,499559,43532.0,62015,1192841.0,50.7281,Medium
Twitter,viral_trends_dataset,2023-06-06,,1.0,0,Video,#Fashion,404600,45949.0,61280,647841.0,79.0053,Low
Instagram,viral_trends_dataset,2023-01-30,,0.0,0,Live,#Education,219299,35890.0,46726,3321787.0,9.0889,Low
Instagram,viral_trends_dataset,2022-04-09,,5.0,1,Text,#Challenge,358524,825.0,48491,4826210.0,8.4505,Medium
TikTok,viral_trends_dataset,2022-04-01,,4.0,0,Text,#Dance,249097,23962.0,74277,3080528.0,11.2752,Medium
Twitter,viral_trends_dataset,2022-04-30,,5.0,1,Live,#Challenge,386709,20010.0,33943,3197157.0,13.7829,Medium
TikTok,viral_trends_dataset,2022-08-21,,6.0,1,Video,#Comedy,89703,10073.0,86066,564109.0,32.9443,Low
Instagram,viral_trends_dataset,2023-02-17,,4.0,0,Text,#Music,292099,3435.0,62484,3587965.0,9.9783,High
YouTube,viral_trends_dataset,2022-08-30,,1.0,0,Live,#Tech,18443,42359.0,17310,468064.0,16.6883,High
Instagram,viral_trends_dataset,2023-05-19,,4.0,0,Live,#Fitness,295330,42066.0,60125,38930.0,1021.1174,High
TikTok,viral_trends_dataset,2022-04-29,,4.0,0,Image,#Education,349050,7861.0,99451,3957723.0,11.5309,Low
TikTok,viral_trends_dataset,2022-01-25,,1.0,0,Image,#Fitness,87209,24147.0,77931,1304988.0,14.5049,Low
Instagram,viral_trends_dataset,2022-03-17,,3.0,0,Text,#Tech,487730,45944.0,97256,2964544.0,21.2825,Medium
Instagram,viral_trends_dataset,2023-10-26,,3.0,0,Live,#Comedy,58292,4253.0,57181,967265.0,12.3778,Low
Instagram,viral_trends_dataset,2023-03-17,,4.0,0,Image,#Dance,412913,13878.0,94817,3394623.0,15.3657,Low
Twitter,viral_trends_dataset,2022-11-21,,0.0,0,Live,#Tech,468859,8727.0,41272,3503515.0,14.8096,Medium
TikTok,viral_trends_dataset,2023-05-18,,3.0,0,Image,#Fitness,282065,10672.0,40201,4813259.0,6.9171,Low
YouTube,viral_trends_dataset,2023-08-23,,2.0,0,Video,#Fashion,100496,5846.0,94622,910961.0,22.0607,Medium
TikTok,viral_trends_dataset,2023-04-10,,0.0,0,Live,#Music,262405,42970.0,96374,1641650.0,24.4723,High
Instagram,viral_trends_dataset,2023-01-07,,5.0,1,Live,#Education,150127,2892.0,9207,3118970.0,5.2013,Low
TikTok,viral_trends_dataset,2023-05-23,,1.0,0,Video,#Music,18623,10429.0,78332,3910747.0,2.7459,High
YouTube,viral_trends_dataset,2023-08-29,,1.0,0,Video,#Fashion,316394,40754.0,49548,4656939.0,8.7331,High
Twitter,viral_trends_dataset,2022-12-13,,1.0,0,Live,#Fitness,330087,11742.0,71596,263389.0,156.9637,Low
Twitter,viral_trends_dataset,2023-06-10,,5.0,1,Video,#Challenge,115048,6967.0,35046,3039791.0,5.1668,Medium
Twitter,viral_trends_dataset,2022-11-16,,2.0,0,Live,#Fashion,416310,466.0,28532,3039823.0,14.6491,Low
Instagram,viral_trends_dataset,2022-05-23,,0.0,0,Text,#Fashion,96300,23481.0,41309,1409550.0,11.4285,Low
Twitter,viral_trends_dataset,2023-10-30,,0.0,0,Text,#Viral,464123,15982.0,60086,4511374.0,11.974,Medium
YouTube,viral_trends_dataset,2022-05-09,,0.0,0,Live,#Comedy,250797,38732.0,3791,1135725.0,25.8267,Medium
YouTube,viral_trends_dataset,2023-07-16,,6.0,1,Text,#Music,20309,5709.0,53918,1196421.0,6.6813,Medium
Instagram,viral_trends_dataset,2023-11-27,,0.0,0,Video,#Comedy,77818,49785.0,79907,2481166.0,8.3634,Medium
TikTok,viral_trends_dataset,2023-04-07,,4.0,0,Video,#Education,257412,26276.0,31992,1009497.0,31.271,High
Instagram,viral_trends_dataset,2023-05-24,,2.0,0,Video,#Education,105032,3674.0,26554,4568680.0,2.9606,Medium
TikTok,viral_trends_dataset,2022-12-03,,5.0,1,Video,#Fashion,105027,9542.0,72035,3512927.0,5.3119,High
Instagram,viral_trends_dataset,2022-08-12,,4.0,0,Video,#Comedy,202252,37425.0,21758,585134.0,44.6795,High
YouTube,viral_trends_dataset,2022-09-04,,6.0,1,Image,#Education,169872,38557.0,45417,1661096.0,15.2818,Low
Instagram,viral_trends_dataset,2022-10-05,,2.0,0,Video,#Education,86188,39519.0,26059,3012183.0,5.0384,Medium
TikTok,viral_trends_dataset,2022-12-05,,0.0,0,Video,#Gaming,74717,38904.0,184,3781363.0,3.0096,Medium
TikTok,viral_trends_dataset,2023-12-14,,3.0,0,Live,#Music,409651,34427.0,84380,379978.0,139.0759,Low
TikTok,viral_trends_dataset,2022-10-16,,6.0,1,Text,#Viral,301521,15812.0,87955,741969.0,54.6233,Medium
Instagram,viral_trends_dataset,2023-07-06,,3.0,0,Video,#Fashion,491688,8331.0,11608,1143337.0,44.7486,High
TikTok,viral_trends_dataset,2022-06-08,,2.0,0,Live,#Education,275137,42308.0,89488,2982589.0,13.6436,High
Instagram,viral_trends_dataset,2023-08-20,,6.0,1,Video,#Fitness,202764,22546.0,39983,535624.0,49.5297,Medium
YouTube,viral_trends_dataset,2022-12-30,,4.0,0,Video,#Viral,393298,29395.0,99274,4989926.0,10.4604,Low
Instagram,viral_trends_dataset,2022-01-07,,4.0,0,Video,#Fashion,322897,23766.0,93292,10157.0,4331.5447,High
Twitter,viral_trends_dataset,2023-10-04,,2.0,0,Text,#Viral,197746,37291.0,92346,2026985.0,16.1512,Low
YouTube,viral_trends_dataset,2022-01-29,,5.0,1,Text,#Education,213701,25198.0,61770,3515254.0,8.5533,Medium
Instagram,viral_trends_dataset,2022-02-08,,1.0,0,Video,#Comedy,436187,11054.0,12363,940934.0,48.8455,Low
YouTube,viral_trends_dataset,2023-05-05,,4.0,0,Video,#Education,381509,4674.0,59209,4258236.0,10.4595,High
Instagram,viral_trends_dataset,2023-09-07,,3.0,0,Video,#Education,166266,4832.0,54841,4841525.0,4.6667,Medium
YouTube,viral_trends_dataset,2022-06-12,,6.0,1,Video,#Fashion,32401,33875.0,75229,2004080.0,7.0608,Low
Instagram,viral_trends_dataset,2023-05-23,,1.0,0,Video,#Gaming,46996,42832.0,12954,2221665.0,4.6264,Low
Instagram,viral_trends_dataset,2022-12-21,,2.0,0,Video,#Fashion,72744,46381.0,29945,2224007.0,6.7028,Low
